{
  "id": "91b36bde-b400-4c4c-85ca-67bb36dbd54c",
  "generation": 2,
  "iteration": 5,
  "current_iteration": 14,
  "metrics": {
    "validity": 1.0,
    "sum_radii": 1.382382206069478,
    "target_ratio": 0.5246232281098588,
    "combined_score": 0.5246232281098588,
    "eval_time": 0.07319092750549316
  },
  "language": "python",
  "timestamp": 1783534299.9034307,
  "saved_at": 1783534665.4129825
}