{
  "id": "bd923d65-9f4c-4c1d-82bc-92eb59956200",
  "generation": 4,
  "iteration": 96,
  "current_iteration": 120,
  "metrics": {
    "combined_score": -0.22711133363175315,
    "stable_frequency_hitrate": 0.6162916666666667,
    "churn_hitrate": 0.30635416666666665
  },
  "language": "python",
  "timestamp": 1782660716.1803842,
  "saved_at": 1782660808.608606
}