{
  "id": "5dbebc0c-f5eb-48ac-8131-bc8fc8ec33cc",
  "generation": 1,
  "iteration": 1,
  "current_iteration": 2,
  "metrics": {
    "validity": 1.0,
    "sum_radii": 1.247044231731013,
    "target_ratio": 0.47326156801935987,
    "combined_score": 0.47326156801935987
  },
  "language": "python",
  "timestamp": 1783534124.6131432,
  "saved_at": 1783534201.3152623
}