{"island_feature_maps": [{"5-0": "63b93179-bf58-458e-8741-1a547a4a229b", "9-5": "3c63510e-5468-4558-8974-e829abd9f45e"}, {"9-0": "dd343bd2-6371-484b-9ed3-a72f7e5f0366"}, {"9-9": "4f801bbc-f023-42d6-9ca3-e67777159219"}, {}], "islands": [["3c63510e-5468-4558-8974-e829abd9f45e", "63b93179-bf58-458e-8741-1a547a4a229b"], ["dd343bd2-6371-484b-9ed3-a72f7e5f0366"], ["4f801bbc-f023-42d6-9ca3-e67777159219"], []], "archive": ["3c63510e-5468-4558-8974-e829abd9f45e", "dd343bd2-6371-484b-9ed3-a72f7e5f0366", "63b93179-bf58-458e-8741-1a547a4a229b", "4f801bbc-f023-42d6-9ca3-e67777159219"], "best_program_id": "3c63510e-5468-4558-8974-e829abd9f45e", "island_best_programs": ["3c63510e-5468-4558-8974-e829abd9f45e", "dd343bd2-6371-484b-9ed3-a72f7e5f0366", "4f801bbc-f023-42d6-9ca3-e67777159219", null], "last_iteration": 3, "current_island": 0, "island_generations": [1, 1, 1, 0], "last_migration_generation": 0, "feature_stats": {"complexity": {"min": 3873.0, "max": 4236.0, "values": [3873.0, 4065.0, 4128.0, 4236.0]}, "diversity": {"min": 36.15, "max": 105.39999999999999, "values": [59.7, 36.15, 105.39999999999999]}}}