2026-07-28 10:17:19,988 - INFO - Froze run config to examples/bin_packing/runs/phase-c-p1-boltzmann/pe-tree-s42/config.yaml (sha256=4f9c504aa8ed3e098c407996ee7d6ede393e807a47da3ceb76bf225d1007c9d2)
2026-07-28 10:17:20,169 - INFO - Evolution tracer initialized: examples/bin_packing/runs/phase-c-p1-boltzmann/pe-tree-s42/evolution_trace.jsonl
2026-07-28 10:17:20,182 - INFO - Successfully loaded evaluation function from /Users/archiebrown/noema-evolve/examples/bin_packing/evaluator.py
2026-07-28 10:17:20,182 - INFO - Initialized evaluator with /Users/archiebrown/noema-evolve/examples/bin_packing/evaluator.py
2026-07-28 10:17:20,184 - INFO - Initialized prompt sampler
2026-07-28 10:17:20,248 - INFO - Evaluating and adding initial program
2026-07-28 10:17:20,424 - INFO - Evaluated program initial in 0.18s: combined_score=0.9562, mean_excess=0.0458, bins_used=2101.0000, lower_bound=2009.0000, num_instances=5.0000, eval_time=0.1722, validity=1.0000
2026-07-28 10:17:24,316 - INFO - HTTP Request: POST https://openrouter.ai/api/v1/chat/completions "HTTP/1.1 200 OK"
2026-07-28 10:18:12,881 - INFO - Evaluated program it000000 in 0.28s: combined_score=0.9521, mean_excess=0.0503, bins_used=2110.0000, lower_bound=2009.0000, num_instances=5.0000, eval_time=0.2759, validity=1.0000
2026-07-28 10:18:15,105 - INFO - HTTP Request: POST https://openrouter.ai/api/v1/chat/completions "HTTP/1.1 200 OK"
2026-07-28 10:18:35,705 - INFO - Evaluated program it000001 in 0.24s: combined_score=0.9562, mean_excess=0.0458, bins_used=2101.0000, lower_bound=2009.0000, num_instances=5.0000, eval_time=0.2353, validity=1.0000
2026-07-28 10:18:36,959 - INFO - HTTP Request: POST https://openrouter.ai/api/v1/chat/completions "HTTP/1.1 200 OK"
2026-07-28 10:18:39,008 - WARNING - Iteration 2: mutation touched F_imm outside the evolve block (attempt 1)
2026-07-28 10:18:39,930 - INFO - HTTP Request: POST https://openrouter.ai/api/v1/chat/completions "HTTP/1.1 200 OK"
2026-07-28 10:19:26,156 - INFO - Evaluated program it000003 in 0.14s: combined_score=0.9562, mean_excess=0.0458, bins_used=2101.0000, lower_bound=2009.0000, num_instances=5.0000, eval_time=0.1422, validity=1.0000
2026-07-28 10:19:26,404 - INFO - HTTP Request: POST https://openrouter.ai/api/v1/chat/completions "HTTP/1.1 200 OK"
2026-07-28 10:19:40,808 - INFO - Evaluated program it000004 in 1.71s: combined_score=0.9562, mean_excess=0.0458, bins_used=2101.0000, lower_bound=2009.0000, num_instances=5.0000, eval_time=1.7072, validity=1.0000
2026-07-28 10:19:40,875 - INFO - Saved checkpoint at iteration 4 to examples/bin_packing/runs/phase-c-p1-boltzmann/pe-tree-s42/checkpoints/checkpoint_4
2026-07-28 10:19:43,291 - INFO - HTTP Request: POST https://openrouter.ai/api/v1/chat/completions "HTTP/1.1 200 OK"
2026-07-28 10:20:11,853 - INFO - Evaluated program it000005 in 0.11s: combined_score=0.9562, mean_excess=0.0458, bins_used=2101.0000, lower_bound=2009.0000, num_instances=5.0000, eval_time=0.1111, validity=1.0000
2026-07-28 10:20:12,193 - INFO - HTTP Request: POST https://openrouter.ai/api/v1/chat/completions "HTTP/1.1 200 OK"
2026-07-28 10:20:26,226 - INFO - Evaluated program it000006 in 0.16s: combined_score=0.9562, mean_excess=0.0458, bins_used=2101.0000, lower_bound=2009.0000, num_instances=5.0000, eval_time=0.1616, validity=1.0000
2026-07-28 10:20:29,891 - INFO - HTTP Request: POST https://openrouter.ai/api/v1/chat/completions "HTTP/1.1 200 OK"
2026-07-28 10:21:06,599 - INFO - Evaluated program it000007 in 0.14s: combined_score=0.9562, mean_excess=0.0458, bins_used=2101.0000, lower_bound=2009.0000, num_instances=5.0000, eval_time=0.1344, validity=1.0000
2026-07-28 10:21:06,874 - INFO - HTTP Request: POST https://openrouter.ai/api/v1/chat/completions "HTTP/1.1 200 OK"
2026-07-28 10:21:27,495 - INFO - Evaluated program it000008 in 0.15s: combined_score=0.9562, mean_excess=0.0458, bins_used=2101.0000, lower_bound=2009.0000, num_instances=5.0000, eval_time=0.1531, validity=1.0000
2026-07-28 10:21:28,053 - INFO - HTTP Request: POST https://openrouter.ai/api/v1/chat/completions "HTTP/1.1 200 OK"
2026-07-28 10:21:41,436 - INFO - Evaluated program it000009 in 0.14s: combined_score=0.8905, mean_excess=0.1230, bins_used=2256.0000, lower_bound=2009.0000, num_instances=5.0000, eval_time=0.1349, validity=1.0000
/Users/archiebrown/noema-evolve/.venv/lib/python3.11/site-packages/sklearn/base.py:1403: ConvergenceWarning: Number of distinct clusters (2) found smaller than n_clusters (3). Possibly due to duplicate points in X.
  return fit_method(estimator, *args, **kwargs)
2026-07-28 10:21:43,488 - INFO - HTTP Request: POST https://openrouter.ai/api/v1/chat/completions "HTTP/1.1 200 OK"
2026-07-28 10:22:32,975 - INFO - HTTP Request: POST https://openrouter.ai/api/v1/chat/completions "HTTP/1.1 200 OK"
2026-07-28 10:22:50,045 - INFO - HTTP Request: POST https://openrouter.ai/api/v1/chat/completions "HTTP/1.1 200 OK"
2026-07-28 10:23:22,178 - INFO - HTTP Request: POST https://openrouter.ai/api/v1/chat/completions "HTTP/1.1 200 OK"
2026-07-28 10:23:25,374 - INFO - [PE] trigger #1 at iteration 9: 4 proposals from 2 clusters
2026-07-28 10:23:25,524 - INFO - Evaluated program it000009-pe000 in 0.15s: combined_score=0.8929, mean_excess=0.1200, bins_used=2250.0000, lower_bound=2009.0000, num_instances=5.0000, eval_time=0.1470, validity=1.0000
2026-07-28 10:23:25,636 - INFO - Evaluated program it000009-pe001 in 0.11s: combined_score=0.9432, mean_excess=0.0602, bins_used=2130.0000, lower_bound=2009.0000, num_instances=5.0000, eval_time=0.1114, validity=1.0000
2026-07-28 10:23:25,754 - INFO - Evaluated program it000009-pe002 in 0.12s: combined_score=0.9530, mean_excess=0.0493, bins_used=2108.0000, lower_bound=2009.0000, num_instances=5.0000, eval_time=0.1170, validity=1.0000
2026-07-28 10:23:25,785 - INFO - Evaluated program it000009-pe003 in 0.03s: combined_score=0.0000, mean_excess=inf, bins_used=inf, lower_bound=0.0000, num_instances=0.0000, validity=0.0000, error=Program execution failed: module 'program' has no attribute 'run_bin_packing'
2026-07-28 10:23:25,785 - WARNING - Iteration 9: coordination proposal it000009-pe003 (variant) failed evaluation; dropped
2026-07-28 10:23:25,789 - INFO - Saved checkpoint at iteration 9 to examples/bin_packing/runs/phase-c-p1-boltzmann/pe-tree-s42/checkpoints/checkpoint_9
2026-07-28 10:23:36,397 - INFO - HTTP Request: POST https://openrouter.ai/api/v1/chat/completions "HTTP/1.1 200 OK"
2026-07-28 10:24:51,904 - INFO - Evaluated program it000010 in 0.14s: combined_score=0.9562, mean_excess=0.0458, bins_used=2101.0000, lower_bound=2009.0000, num_instances=5.0000, eval_time=0.1412, validity=1.0000
2026-07-28 10:24:54,014 - INFO - HTTP Request: POST https://openrouter.ai/api/v1/chat/completions "HTTP/1.1 200 OK"
2026-07-28 10:25:11,690 - INFO - Evaluated program it000011 in 0.12s: combined_score=0.9562, mean_excess=0.0458, bins_used=2101.0000, lower_bound=2009.0000, num_instances=5.0000, eval_time=0.1167, validity=1.0000
2026-07-28 10:25:11,959 - INFO - HTTP Request: POST https://openrouter.ai/api/v1/chat/completions "HTTP/1.1 200 OK"
2026-07-28 10:25:27,401 - INFO - Evaluated program it000012 in 0.11s: combined_score=0.9562, mean_excess=0.0458, bins_used=2101.0000, lower_bound=2009.0000, num_instances=5.0000, eval_time=0.1117, validity=1.0000
2026-07-28 10:25:28,515 - INFO - HTTP Request: POST https://openrouter.ai/api/v1/chat/completions "HTTP/1.1 200 OK"
2026-07-28 10:25:41,329 - INFO - Evaluated program it000013 in 0.13s: combined_score=0.9503, mean_excess=0.0523, bins_used=2114.0000, lower_bound=2009.0000, num_instances=5.0000, eval_time=0.1326, validity=1.0000
2026-07-28 10:25:41,751 - INFO - HTTP Request: POST https://openrouter.ai/api/v1/chat/completions "HTTP/1.1 200 OK"
2026-07-28 10:26:30,098 - INFO - Evaluated program it000014 in 0.14s: combined_score=0.9553, mean_excess=0.0468, bins_used=2103.0000, lower_bound=2009.0000, num_instances=5.0000, eval_time=0.1384, validity=1.0000
2026-07-28 10:26:30,106 - INFO - Saved checkpoint at iteration 14 to examples/bin_packing/runs/phase-c-p1-boltzmann/pe-tree-s42/checkpoints/checkpoint_14
2026-07-28 10:26:30,452 - INFO - HTTP Request: POST https://openrouter.ai/api/v1/chat/completions "HTTP/1.1 200 OK"
2026-07-28 10:27:05,063 - INFO - Evaluated program it000015 in 0.15s: combined_score=0.9490, mean_excess=0.0537, bins_used=2117.0000, lower_bound=2009.0000, num_instances=5.0000, eval_time=0.1497, validity=1.0000
2026-07-28 10:27:05,312 - INFO - HTTP Request: POST https://openrouter.ai/api/v1/chat/completions "HTTP/1.1 200 OK"
2026-07-28 10:27:21,273 - INFO - Evaluated program it000016 in 0.14s: combined_score=0.9562, mean_excess=0.0458, bins_used=2101.0000, lower_bound=2009.0000, num_instances=5.0000, eval_time=0.1354, validity=1.0000
2026-07-28 10:27:21,536 - INFO - HTTP Request: POST https://openrouter.ai/api/v1/chat/completions "HTTP/1.1 200 OK"
2026-07-28 10:27:33,066 - INFO - Evaluated program it000017 in 0.14s: combined_score=0.9562, mean_excess=0.0458, bins_used=2101.0000, lower_bound=2009.0000, num_instances=5.0000, eval_time=0.1408, validity=1.0000
2026-07-28 10:27:39,054 - INFO - HTTP Request: POST https://openrouter.ai/api/v1/chat/completions "HTTP/1.1 200 OK"
2026-07-28 10:28:21,370 - INFO - Evaluated program it000018 in 0.15s: combined_score=0.9562, mean_excess=0.0458, bins_used=2101.0000, lower_bound=2009.0000, num_instances=5.0000, eval_time=0.1450, validity=1.0000
2026-07-28 10:28:21,629 - INFO - HTTP Request: POST https://openrouter.ai/api/v1/chat/completions "HTTP/1.1 200 OK"
2026-07-28 10:28:35,550 - INFO - Evaluated program it000019 in 0.14s: combined_score=0.9562, mean_excess=0.0458, bins_used=2101.0000, lower_bound=2009.0000, num_instances=5.0000, eval_time=0.1346, validity=1.0000
2026-07-28 10:28:36,135 - INFO - HTTP Request: POST https://openrouter.ai/api/v1/chat/completions "HTTP/1.1 200 OK"
2026-07-28 10:29:03,938 - INFO - HTTP Request: POST https://openrouter.ai/api/v1/chat/completions "HTTP/1.1 200 OK"
2026-07-28 10:29:23,401 - INFO - HTTP Request: POST https://openrouter.ai/api/v1/chat/completions "HTTP/1.1 200 OK"
2026-07-28 10:29:43,048 - INFO - HTTP Request: POST https://openrouter.ai/api/v1/chat/completions "HTTP/1.1 200 OK"
2026-07-28 10:30:10,257 - INFO - [PE] trigger #2 at iteration 19: 4 proposals from 3 clusters
2026-07-28 10:30:10,407 - INFO - Evaluated program it000019-pe000 in 0.15s: combined_score=0.9499, mean_excess=0.0527, bins_used=2115.0000, lower_bound=2009.0000, num_instances=5.0000, eval_time=0.1470, validity=1.0000
2026-07-28 10:30:10,523 - INFO - Evaluated program it000019-pe001 in 0.12s: combined_score=0.9576, mean_excess=0.0443, bins_used=2098.0000, lower_bound=2009.0000, num_instances=5.0000, eval_time=0.1145, validity=1.0000
2026-07-28 10:30:10,640 - INFO - Evaluated program it000019-pe002 in 0.12s: combined_score=0.9485, mean_excess=0.0542, bins_used=2118.0000, lower_bound=2009.0000, num_instances=5.0000, eval_time=0.1161, validity=1.0000
2026-07-28 10:30:10,761 - INFO - Evaluated program it000019-pe003 in 0.12s: combined_score=0.9594, mean_excess=0.0423, bins_used=2094.0000, lower_bound=2009.0000, num_instances=5.0000, eval_time=0.1199, validity=1.0000
2026-07-28 10:30:10,767 - INFO - Saved checkpoint at iteration 19 to examples/bin_packing/runs/phase-c-p1-boltzmann/pe-tree-s42/checkpoints/checkpoint_19
2026-07-28 10:30:18,799 - INFO - HTTP Request: POST https://openrouter.ai/api/v1/chat/completions "HTTP/1.1 200 OK"
2026-07-28 10:30:27,852 - INFO - Evaluated program it000020 in 0.16s: combined_score=0.9576, mean_excess=0.0443, bins_used=2098.0000, lower_bound=2009.0000, num_instances=5.0000, eval_time=0.1534, validity=1.0000
2026-07-28 10:30:30,161 - INFO - HTTP Request: POST https://openrouter.ai/api/v1/chat/completions "HTTP/1.1 200 OK"
2026-07-28 10:30:54,214 - INFO - Evaluated program it000021 in 0.16s: combined_score=0.9594, mean_excess=0.0423, bins_used=2094.0000, lower_bound=2009.0000, num_instances=5.0000, eval_time=0.1531, validity=1.0000
2026-07-28 10:30:55,088 - INFO - HTTP Request: POST https://openrouter.ai/api/v1/chat/completions "HTTP/1.1 200 OK"
2026-07-28 10:31:53,273 - INFO - Evaluated program it000022 in 0.15s: combined_score=0.9585, mean_excess=0.0433, bins_used=2096.0000, lower_bound=2009.0000, num_instances=5.0000, eval_time=0.1466, validity=1.0000
2026-07-28 10:31:54,503 - INFO - HTTP Request: POST https://openrouter.ai/api/v1/chat/completions "HTTP/1.1 200 OK"
2026-07-28 10:32:20,177 - INFO - Evaluated program it000023 in 0.15s: combined_score=0.9567, mean_excess=0.0453, bins_used=2100.0000, lower_bound=2009.0000, num_instances=5.0000, eval_time=0.1504, validity=1.0000
2026-07-28 10:32:21,609 - INFO - HTTP Request: POST https://openrouter.ai/api/v1/chat/completions "HTTP/1.1 200 OK"
2026-07-28 10:32:35,822 - INFO - Evaluated program it000024 in 0.17s: combined_score=0.9594, mean_excess=0.0423, bins_used=2094.0000, lower_bound=2009.0000, num_instances=5.0000, eval_time=0.1634, validity=1.0000
2026-07-28 10:32:35,832 - INFO - Saved checkpoint at iteration 24 to examples/bin_packing/runs/phase-c-p1-boltzmann/pe-tree-s42/checkpoints/checkpoint_24
2026-07-28 10:32:38,238 - INFO - HTTP Request: POST https://openrouter.ai/api/v1/chat/completions "HTTP/1.1 200 OK"
2026-07-28 10:32:53,771 - INFO - Evaluated program it000025 in 0.16s: combined_score=0.9580, mean_excess=0.0438, bins_used=2097.0000, lower_bound=2009.0000, num_instances=5.0000, eval_time=0.1616, validity=1.0000
2026-07-28 10:32:56,155 - INFO - HTTP Request: POST https://openrouter.ai/api/v1/chat/completions "HTTP/1.1 200 OK"
2026-07-28 10:33:16,467 - INFO - Evaluated program it000026 in 0.15s: combined_score=0.9594, mean_excess=0.0423, bins_used=2094.0000, lower_bound=2009.0000, num_instances=5.0000, eval_time=0.1529, validity=1.0000
2026-07-28 10:33:18,775 - INFO - HTTP Request: POST https://openrouter.ai/api/v1/chat/completions "HTTP/1.1 200 OK"
2026-07-28 10:33:38,093 - INFO - Evaluated program it000027 in 0.15s: combined_score=0.9585, mean_excess=0.0433, bins_used=2096.0000, lower_bound=2009.0000, num_instances=5.0000, eval_time=0.1442, validity=1.0000
2026-07-28 10:33:39,116 - INFO - HTTP Request: POST https://openrouter.ai/api/v1/chat/completions "HTTP/1.1 200 OK"
2026-07-28 10:34:12,192 - INFO - Evaluated program it000028 in 0.14s: combined_score=0.9594, mean_excess=0.0423, bins_used=2094.0000, lower_bound=2009.0000, num_instances=5.0000, eval_time=0.1357, validity=1.0000
2026-07-28 10:34:13,380 - INFO - HTTP Request: POST https://openrouter.ai/api/v1/chat/completions "HTTP/1.1 200 OK"
2026-07-28 10:34:33,389 - INFO - Evaluated program it000029 in 0.14s: combined_score=0.9585, mean_excess=0.0433, bins_used=2096.0000, lower_bound=2009.0000, num_instances=5.0000, eval_time=0.1412, validity=1.0000
2026-07-28 10:34:34,100 - INFO - HTTP Request: POST https://openrouter.ai/api/v1/chat/completions "HTTP/1.1 200 OK"
2026-07-28 10:34:55,218 - INFO - HTTP Request: POST https://openrouter.ai/api/v1/chat/completions "HTTP/1.1 200 OK"
2026-07-28 10:35:24,194 - INFO - HTTP Request: POST https://openrouter.ai/api/v1/chat/completions "HTTP/1.1 200 OK"
2026-07-28 10:35:41,608 - INFO - HTTP Request: POST https://openrouter.ai/api/v1/chat/completions "HTTP/1.1 200 OK"
2026-07-28 10:36:01,000 - INFO - [PE] trigger #3 at iteration 29: 4 proposals from 3 clusters
2026-07-28 10:36:01,127 - INFO - Evaluated program it000029-pe000 in 0.13s: combined_score=0.9548, mean_excess=0.0473, bins_used=2104.0000, lower_bound=2009.0000, num_instances=5.0000, eval_time=0.1249, validity=1.0000
2026-07-28 10:36:01,257 - INFO - Evaluated program it000029-pe001 in 0.13s: combined_score=0.9603, mean_excess=0.0413, bins_used=2092.0000, lower_bound=2009.0000, num_instances=5.0000, eval_time=0.1289, validity=1.0000
2026-07-28 10:36:01,377 - INFO - Evaluated program it000029-pe002 in 0.12s: combined_score=0.9562, mean_excess=0.0458, bins_used=2101.0000, lower_bound=2009.0000, num_instances=5.0000, eval_time=0.1197, validity=1.0000
2026-07-28 10:36:01,511 - INFO - Evaluated program it000029-pe003 in 0.13s: combined_score=0.9370, mean_excess=0.0672, bins_used=2144.0000, lower_bound=2009.0000, num_instances=5.0000, eval_time=0.1322, validity=1.0000
2026-07-28 10:36:01,519 - INFO - Saved checkpoint at iteration 29 to examples/bin_packing/runs/phase-c-p1-boltzmann/pe-tree-s42/checkpoints/checkpoint_29
2026-07-28 10:36:04,292 - INFO - HTTP Request: POST https://openrouter.ai/api/v1/chat/completions "HTTP/1.1 200 OK"
2026-07-28 10:36:28,634 - WARNING - Iteration 30: mutation touched F_imm outside the evolve block (attempt 1)
2026-07-28 10:36:32,714 - INFO - HTTP Request: POST https://openrouter.ai/api/v1/chat/completions "HTTP/1.1 200 OK"
2026-07-28 10:37:39,161 - INFO - Evaluated program it000031 in 0.13s: combined_score=0.9603, mean_excess=0.0413, bins_used=2092.0000, lower_bound=2009.0000, num_instances=5.0000, eval_time=0.1306, validity=1.0000
2026-07-28 10:37:40,391 - INFO - HTTP Request: POST https://openrouter.ai/api/v1/chat/completions "HTTP/1.1 200 OK"
2026-07-28 10:37:54,693 - INFO - Evaluated program it000032 in 0.15s: combined_score=0.9603, mean_excess=0.0413, bins_used=2092.0000, lower_bound=2009.0000, num_instances=5.0000, eval_time=0.1464, validity=1.0000
2026-07-28 10:37:55,738 - INFO - HTTP Request: POST https://openrouter.ai/api/v1/chat/completions "HTTP/1.1 200 OK"
2026-07-28 10:38:16,566 - INFO - Evaluated program it000033 in 0.16s: combined_score=0.9585, mean_excess=0.0433, bins_used=2096.0000, lower_bound=2009.0000, num_instances=5.0000, eval_time=0.1567, validity=1.0000
2026-07-28 10:38:18,508 - INFO - HTTP Request: POST https://openrouter.ai/api/v1/chat/completions "HTTP/1.1 200 OK"
2026-07-28 10:38:36,259 - INFO - Evaluated program it000034 in 0.15s: combined_score=0.9603, mean_excess=0.0413, bins_used=2092.0000, lower_bound=2009.0000, num_instances=5.0000, eval_time=0.1441, validity=1.0000
2026-07-28 10:38:36,270 - INFO - Saved checkpoint at iteration 34 to examples/bin_packing/runs/phase-c-p1-boltzmann/pe-tree-s42/checkpoints/checkpoint_34
2026-07-28 10:38:37,373 - INFO - HTTP Request: POST https://openrouter.ai/api/v1/chat/completions "HTTP/1.1 200 OK"
2026-07-28 10:39:15,574 - INFO - Evaluated program it000035 in 0.16s: combined_score=0.9599, mean_excess=0.0418, bins_used=2093.0000, lower_bound=2009.0000, num_instances=5.0000, eval_time=0.1565, validity=1.0000
2026-07-28 10:39:16,594 - INFO - HTTP Request: POST https://openrouter.ai/api/v1/chat/completions "HTTP/1.1 200 OK"
2026-07-28 10:40:57,453 - INFO - Evaluated program it000036 in 0.27s: combined_score=0.9603, mean_excess=0.0413, bins_used=2092.0000, lower_bound=2009.0000, num_instances=5.0000, eval_time=0.2648, validity=1.0000
2026-07-28 10:40:58,686 - INFO - HTTP Request: POST https://openrouter.ai/api/v1/chat/completions "HTTP/1.1 200 OK"
2026-07-28 10:41:12,138 - INFO - Evaluated program it000037 in 0.16s: combined_score=0.9603, mean_excess=0.0413, bins_used=2092.0000, lower_bound=2009.0000, num_instances=5.0000, eval_time=0.1623, validity=1.0000
2026-07-28 10:41:15,302 - INFO - HTTP Request: POST https://openrouter.ai/api/v1/chat/completions "HTTP/1.1 200 OK"
2026-07-28 10:41:52,409 - INFO - Evaluated program it000038 in 0.16s: combined_score=0.9603, mean_excess=0.0413, bins_used=2092.0000, lower_bound=2009.0000, num_instances=5.0000, eval_time=0.1579, validity=1.0000
2026-07-28 10:41:53,820 - INFO - HTTP Request: POST https://openrouter.ai/api/v1/chat/completions "HTTP/1.1 200 OK"
2026-07-28 10:43:20,713 - INFO - Evaluated program it000039 in 0.13s: combined_score=0.9603, mean_excess=0.0413, bins_used=2092.0000, lower_bound=2009.0000, num_instances=5.0000, eval_time=0.1263, validity=1.0000
/Users/archiebrown/noema-evolve/.venv/lib/python3.11/site-packages/sklearn/base.py:1403: ConvergenceWarning: Number of distinct clusters (2) found smaller than n_clusters (3). Possibly due to duplicate points in X.
  return fit_method(estimator, *args, **kwargs)
2026-07-28 10:43:21,503 - INFO - HTTP Request: POST https://openrouter.ai/api/v1/chat/completions "HTTP/1.1 200 OK"
2026-07-28 10:43:53,470 - INFO - HTTP Request: POST https://openrouter.ai/api/v1/chat/completions "HTTP/1.1 200 OK"
2026-07-28 10:44:53,328 - INFO - HTTP Request: POST https://openrouter.ai/api/v1/chat/completions "HTTP/1.1 200 OK"
2026-07-28 10:45:09,765 - INFO - HTTP Request: POST https://openrouter.ai/api/v1/chat/completions "HTTP/1.1 200 OK"
2026-07-28 10:45:32,904 - INFO - [PE] trigger #4 at iteration 39: 4 proposals from 2 clusters
2026-07-28 10:45:33,054 - INFO - Evaluated program it000039-pe000 in 0.15s: combined_score=0.9250, mean_excess=0.0811, bins_used=2172.0000, lower_bound=2009.0000, num_instances=5.0000, eval_time=0.1468, validity=1.0000
2026-07-28 10:45:33,179 - INFO - Evaluated program it000039-pe001 in 0.12s: combined_score=0.9477, mean_excess=0.0552, bins_used=2120.0000, lower_bound=2009.0000, num_instances=5.0000, eval_time=0.1241, validity=1.0000
2026-07-28 10:45:33,303 - INFO - Evaluated program it000039-pe002 in 0.12s: combined_score=0.9310, mean_excess=0.0742, bins_used=2158.0000, lower_bound=2009.0000, num_instances=5.0000, eval_time=0.1230, validity=1.0000
2026-07-28 10:45:33,428 - INFO - Evaluated program it000039-pe003 in 0.12s: combined_score=0.9266, mean_excess=0.0792, bins_used=2168.0000, lower_bound=2009.0000, num_instances=5.0000, eval_time=0.1231, validity=1.0000
2026-07-28 10:45:33,440 - INFO - Saved checkpoint at iteration 39 to examples/bin_packing/runs/phase-c-p1-boltzmann/pe-tree-s42/checkpoints/checkpoint_39
2026-07-28 10:45:35,083 - INFO - HTTP Request: POST https://openrouter.ai/api/v1/chat/completions "HTTP/1.1 200 OK"
2026-07-28 10:45:51,890 - INFO - Evaluated program it000040 in 0.14s: combined_score=0.9562, mean_excess=0.0458, bins_used=2101.0000, lower_bound=2009.0000, num_instances=5.0000, eval_time=0.1376, validity=1.0000
2026-07-28 10:45:52,691 - INFO - HTTP Request: POST https://openrouter.ai/api/v1/chat/completions "HTTP/1.1 200 OK"
2026-07-28 10:45:58,098 - WARNING - Iteration 41: mutation touched F_imm outside the evolve block (attempt 1)
2026-07-28 10:45:58,426 - INFO - HTTP Request: POST https://openrouter.ai/api/v1/chat/completions "HTTP/1.1 200 OK"
2026-07-28 10:46:12,902 - INFO - Evaluated program it000042 in 0.14s: combined_score=0.9562, mean_excess=0.0458, bins_used=2101.0000, lower_bound=2009.0000, num_instances=5.0000, eval_time=0.1349, validity=1.0000
2026-07-28 10:46:14,199 - INFO - HTTP Request: POST https://openrouter.ai/api/v1/chat/completions "HTTP/1.1 200 OK"
2026-07-28 10:46:44,433 - INFO - Evaluated program it000043 in 0.14s: combined_score=0.9603, mean_excess=0.0413, bins_used=2092.0000, lower_bound=2009.0000, num_instances=5.0000, eval_time=0.1401, validity=1.0000
2026-07-28 10:46:44,848 - INFO - HTTP Request: POST https://openrouter.ai/api/v1/chat/completions "HTTP/1.1 200 OK"
2026-07-28 10:47:01,844 - INFO - Evaluated program it000044 in 0.16s: combined_score=0.9558, mean_excess=0.0463, bins_used=2102.0000, lower_bound=2009.0000, num_instances=5.0000, eval_time=0.1567, validity=1.0000
2026-07-28 10:47:01,859 - INFO - Saved checkpoint at iteration 44 to examples/bin_packing/runs/phase-c-p1-boltzmann/pe-tree-s42/checkpoints/checkpoint_44
2026-07-28 10:47:03,416 - INFO - HTTP Request: POST https://openrouter.ai/api/v1/chat/completions "HTTP/1.1 200 OK"
2026-07-28 10:47:22,096 - INFO - Evaluated program it000045 in 0.14s: combined_score=0.9594, mean_excess=0.0423, bins_used=2094.0000, lower_bound=2009.0000, num_instances=5.0000, eval_time=0.1384, validity=1.0000
2026-07-28 10:47:23,365 - INFO - HTTP Request: POST https://openrouter.ai/api/v1/chat/completions "HTTP/1.1 200 OK"
2026-07-28 10:48:10,979 - INFO - Evaluated program it000046 in 0.14s: combined_score=0.9013, mean_excess=0.1095, bins_used=2229.0000, lower_bound=2009.0000, num_instances=5.0000, eval_time=0.1424, validity=1.0000
2026-07-28 10:48:13,711 - INFO - HTTP Request: POST https://openrouter.ai/api/v1/chat/completions "HTTP/1.1 200 OK"
2026-07-28 10:48:33,476 - INFO - Evaluated program it000047 in 0.14s: combined_score=0.9603, mean_excess=0.0413, bins_used=2092.0000, lower_bound=2009.0000, num_instances=5.0000, eval_time=0.1363, validity=1.0000
2026-07-28 10:48:35,602 - INFO - HTTP Request: POST https://openrouter.ai/api/v1/chat/completions "HTTP/1.1 200 OK"
2026-07-28 10:48:51,907 - INFO - Evaluated program it000048 in 0.18s: combined_score=0.9603, mean_excess=0.0413, bins_used=2092.0000, lower_bound=2009.0000, num_instances=5.0000, eval_time=0.1799, validity=1.0000
2026-07-28 10:48:52,342 - INFO - HTTP Request: POST https://openrouter.ai/api/v1/chat/completions "HTTP/1.1 200 OK"
2026-07-28 10:49:19,212 - INFO - Evaluated program it000049 in 0.20s: combined_score=0.9603, mean_excess=0.0413, bins_used=2092.0000, lower_bound=2009.0000, num_instances=5.0000, eval_time=0.1986, validity=1.0000
/Users/archiebrown/noema-evolve/.venv/lib/python3.11/site-packages/sklearn/base.py:1403: ConvergenceWarning: Number of distinct clusters (2) found smaller than n_clusters (3). Possibly due to duplicate points in X.
  return fit_method(estimator, *args, **kwargs)
2026-07-28 10:49:20,001 - INFO - HTTP Request: POST https://openrouter.ai/api/v1/chat/completions "HTTP/1.1 200 OK"
2026-07-28 10:49:46,396 - INFO - HTTP Request: POST https://openrouter.ai/api/v1/chat/completions "HTTP/1.1 200 OK"
2026-07-28 10:50:15,148 - INFO - HTTP Request: POST https://openrouter.ai/api/v1/chat/completions "HTTP/1.1 200 OK"
2026-07-28 10:50:43,387 - INFO - HTTP Request: POST https://openrouter.ai/api/v1/chat/completions "HTTP/1.1 200 OK"
2026-07-28 10:51:10,617 - INFO - [PE] trigger #5 at iteration 49: 4 proposals from 2 clusters
2026-07-28 10:51:10,785 - INFO - Evaluated program it000049-pe000 in 0.17s: combined_score=0.9571, mean_excess=0.0448, bins_used=2099.0000, lower_bound=2009.0000, num_instances=5.0000, eval_time=0.1577, validity=1.0000
2026-07-28 10:51:10,914 - INFO - Evaluated program it000049-pe001 in 0.13s: combined_score=0.9562, mean_excess=0.0458, bins_used=2101.0000, lower_bound=2009.0000, num_instances=5.0000, eval_time=0.1276, validity=1.0000
2026-07-28 10:51:11,048 - INFO - Evaluated program it000049-pe002 in 0.13s: combined_score=0.9485, mean_excess=0.0543, bins_used=2118.0000, lower_bound=2009.0000, num_instances=5.0000, eval_time=0.1335, validity=1.0000
2026-07-28 10:51:11,179 - INFO - Evaluated program it000049-pe003 in 0.13s: combined_score=0.9494, mean_excess=0.0533, bins_used=2116.0000, lower_bound=2009.0000, num_instances=5.0000, eval_time=0.1291, validity=1.0000
2026-07-28 10:51:11,197 - INFO - Saved checkpoint at iteration 49 to examples/bin_packing/runs/phase-c-p1-boltzmann/pe-tree-s42/checkpoints/checkpoint_49
2026-07-28 10:51:13,263 - INFO - HTTP Request: POST https://openrouter.ai/api/v1/chat/completions "HTTP/1.1 200 OK"
2026-07-28 10:51:35,296 - INFO - Evaluated program it000050 in 0.19s: combined_score=0.9622, mean_excess=0.0393, bins_used=2088.0000, lower_bound=2009.0000, num_instances=5.0000, eval_time=0.1860, validity=1.0000
2026-07-28 10:51:36,828 - INFO - HTTP Request: POST https://openrouter.ai/api/v1/chat/completions "HTTP/1.1 200 OK"
2026-07-28 10:52:10,578 - INFO - Evaluated program it000051 in 0.17s: combined_score=0.9622, mean_excess=0.0393, bins_used=2088.0000, lower_bound=2009.0000, num_instances=5.0000, eval_time=0.1636, validity=1.0000
2026-07-28 10:52:12,642 - INFO - HTTP Request: POST https://openrouter.ai/api/v1/chat/completions "HTTP/1.1 200 OK"
2026-07-28 10:52:29,292 - INFO - Evaluated program it000052 in 0.24s: combined_score=0.9622, mean_excess=0.0393, bins_used=2088.0000, lower_bound=2009.0000, num_instances=5.0000, eval_time=0.2267, validity=1.0000
2026-07-28 10:52:29,880 - INFO - HTTP Request: POST https://openrouter.ai/api/v1/chat/completions "HTTP/1.1 200 OK"
2026-07-28 10:52:40,470 - INFO - Evaluated program it000053 in 0.14s: combined_score=0.9580, mean_excess=0.0438, bins_used=2097.0000, lower_bound=2009.0000, num_instances=5.0000, eval_time=0.1397, validity=1.0000
2026-07-28 10:52:41,954 - INFO - HTTP Request: POST https://openrouter.ai/api/v1/chat/completions "HTTP/1.1 200 OK"
2026-07-28 10:54:03,844 - INFO - Evaluated program it000054 in 0.17s: combined_score=0.9622, mean_excess=0.0393, bins_used=2088.0000, lower_bound=2009.0000, num_instances=5.0000, eval_time=0.1619, validity=1.0000
2026-07-28 10:54:03,871 - INFO - Saved checkpoint at iteration 54 to examples/bin_packing/runs/phase-c-p1-boltzmann/pe-tree-s42/checkpoints/checkpoint_54
2026-07-28 10:54:06,270 - INFO - HTTP Request: POST https://openrouter.ai/api/v1/chat/completions "HTTP/1.1 200 OK"
2026-07-28 10:54:19,174 - INFO - Evaluated program it000055 in 0.16s: combined_score=0.9622, mean_excess=0.0393, bins_used=2088.0000, lower_bound=2009.0000, num_instances=5.0000, eval_time=0.1605, validity=1.0000
2026-07-28 10:54:19,583 - INFO - HTTP Request: POST https://openrouter.ai/api/v1/chat/completions "HTTP/1.1 200 OK"
2026-07-28 10:54:39,990 - INFO - Evaluated program it000056 in 0.73s: combined_score=0.9562, mean_excess=0.0458, bins_used=2101.0000, lower_bound=2009.0000, num_instances=5.0000, eval_time=0.7284, validity=1.0000
2026-07-28 10:54:41,490 - INFO - HTTP Request: POST https://openrouter.ai/api/v1/chat/completions "HTTP/1.1 200 OK"
2026-07-28 10:55:40,658 - INFO - Evaluated program it000057 in 0.16s: combined_score=0.9622, mean_excess=0.0393, bins_used=2088.0000, lower_bound=2009.0000, num_instances=5.0000, eval_time=0.1550, validity=1.0000
2026-07-28 10:55:41,983 - INFO - HTTP Request: POST https://openrouter.ai/api/v1/chat/completions "HTTP/1.1 200 OK"
2026-07-28 10:56:50,700 - INFO - Evaluated program it000058 in 0.13s: combined_score=0.9580, mean_excess=0.0438, bins_used=2097.0000, lower_bound=2009.0000, num_instances=5.0000, eval_time=0.1275, validity=1.0000
2026-07-28 10:56:54,259 - INFO - HTTP Request: POST https://openrouter.ai/api/v1/chat/completions "HTTP/1.1 200 OK"
2026-07-28 10:58:08,137 - INFO - Evaluated program it000059 in 0.16s: combined_score=0.9539, mean_excess=0.0483, bins_used=2106.0000, lower_bound=2009.0000, num_instances=5.0000, eval_time=0.1537, validity=1.0000
/Users/archiebrown/noema-evolve/.venv/lib/python3.11/site-packages/sklearn/base.py:1403: ConvergenceWarning: Number of distinct clusters (1) found smaller than n_clusters (3). Possibly due to duplicate points in X.
  return fit_method(estimator, *args, **kwargs)
2026-07-28 10:58:08,804 - INFO - HTTP Request: POST https://openrouter.ai/api/v1/chat/completions "HTTP/1.1 200 OK"
2026-07-28 10:58:24,614 - INFO - HTTP Request: POST https://openrouter.ai/api/v1/chat/completions "HTTP/1.1 200 OK"
2026-07-28 10:58:33,363 - INFO - HTTP Request: POST https://openrouter.ai/api/v1/chat/completions "HTTP/1.1 200 OK"
2026-07-28 10:58:49,822 - INFO - HTTP Request: POST https://openrouter.ai/api/v1/chat/completions "HTTP/1.1 200 OK"
2026-07-28 10:59:09,873 - INFO - [PE] trigger #6 at iteration 59: 4 proposals from 1 clusters
2026-07-28 10:59:10,023 - INFO - Evaluated program it000059-pe000 in 0.15s: combined_score=0.9045, mean_excess=0.1056, bins_used=2221.0000, lower_bound=2009.0000, num_instances=5.0000, eval_time=0.1466, validity=1.0000
2026-07-28 10:59:10,137 - INFO - Evaluated program it000059-pe001 in 0.11s: combined_score=0.8933, mean_excess=0.1195, bins_used=2249.0000, lower_bound=2009.0000, num_instances=5.0000, eval_time=0.1133, validity=1.0000
2026-07-28 10:59:10,252 - INFO - Evaluated program it000059-pe002 in 0.11s: combined_score=0.9182, mean_excess=0.0891, bins_used=2188.0000, lower_bound=2009.0000, num_instances=5.0000, eval_time=0.1142, validity=1.0000
2026-07-28 10:59:10,363 - INFO - Evaluated program it000059-pe003 in 0.11s: combined_score=0.8827, mean_excess=0.1330, bins_used=2276.0000, lower_bound=2009.0000, num_instances=5.0000, eval_time=0.1102, validity=1.0000
2026-07-28 10:59:10,384 - INFO - Saved checkpoint at iteration 59 to examples/bin_packing/runs/phase-c-p1-boltzmann/pe-tree-s42/checkpoints/checkpoint_59
2026-07-28 10:59:12,097 - INFO - HTTP Request: POST https://openrouter.ai/api/v1/chat/completions "HTTP/1.1 200 OK"
Evaluation: instances=5, bins=2101, lower_bound=2009, mean_excess=0.0458, score=0.9562, time=0.17s
Evaluation: instances=5, bins=2110, lower_bound=2009, mean_excess=0.0503, score=0.9521, time=0.28s
Evaluation: instances=5, bins=2101, lower_bound=2009, mean_excess=0.0458, score=0.9562, time=0.24s
Evaluation: instances=5, bins=2101, lower_bound=2009, mean_excess=0.0458, score=0.9562, time=0.14s
Evaluation: instances=5, bins=2101, lower_bound=2009, mean_excess=0.0458, score=0.9562, time=1.71s
Evaluation: instances=5, bins=2101, lower_bound=2009, mean_excess=0.0458, score=0.9562, time=0.11s
Evaluation: instances=5, bins=2101, lower_bound=2009, mean_excess=0.0458, score=0.9562, time=0.16s
Evaluation: instances=5, bins=2101, lower_bound=2009, mean_excess=0.0458, score=0.9562, time=0.13s
Evaluation: instances=5, bins=2101, lower_bound=2009, mean_excess=0.0458, score=0.9562, time=0.15s
Evaluation: instances=5, bins=2256, lower_bound=2009, mean_excess=0.1230, score=0.8905, time=0.13s
Evaluation: instances=5, bins=2250, lower_bound=2009, mean_excess=0.1200, score=0.8929, time=0.15s
Evaluation: instances=5, bins=2130, lower_bound=2009, mean_excess=0.0602, score=0.9432, time=0.11s
Evaluation: instances=5, bins=2108, lower_bound=2009, mean_excess=0.0493, score=0.9530, time=0.12s
Evaluation error: Program execution failed: module 'program' has no attribute 'run_bin_packing'
Evaluation: instances=5, bins=2101, lower_bound=2009, mean_excess=0.0458, score=0.9562, time=0.14s
Evaluation: instances=5, bins=2101, lower_bound=2009, mean_excess=0.0458, score=0.9562, time=0.12s
Evaluation: instances=5, bins=2101, lower_bound=2009, mean_excess=0.0458, score=0.9562, time=0.11s
Evaluation: instances=5, bins=2114, lower_bound=2009, mean_excess=0.0523, score=0.9503, time=0.13s
Evaluation: instances=5, bins=2103, lower_bound=2009, mean_excess=0.0468, score=0.9553, time=0.14s
Evaluation: instances=5, bins=2117, lower_bound=2009, mean_excess=0.0537, score=0.9490, time=0.15s
Evaluation: instances=5, bins=2101, lower_bound=2009, mean_excess=0.0458, score=0.9562, time=0.14s
Evaluation: instances=5, bins=2101, lower_bound=2009, mean_excess=0.0458, score=0.9562, time=0.14s
Evaluation: instances=5, bins=2101, lower_bound=2009, mean_excess=0.0458, score=0.9562, time=0.15s
Evaluation: instances=5, bins=2101, lower_bound=2009, mean_excess=0.0458, score=0.9562, time=0.13s
Evaluation: instances=5, bins=2115, lower_bound=2009, mean_excess=0.0527, score=0.9499, time=0.15s
Evaluation: instances=5, bins=2098, lower_bound=2009, mean_excess=0.0443, score=0.9576, time=0.11s
Evaluation: instances=5, bins=2118, lower_bound=2009, mean_excess=0.0542, score=0.9485, time=0.12s
Evaluation: instances=5, bins=2094, lower_bound=2009, mean_excess=0.0423, score=0.9594, time=0.12s
Evaluation: instances=5, bins=2098, lower_bound=2009, mean_excess=0.0443, score=0.9576, time=0.15s
Evaluation: instances=5, bins=2094, lower_bound=2009, mean_excess=0.0423, score=0.9594, time=0.15s
Evaluation: instances=5, bins=2096, lower_bound=2009, mean_excess=0.0433, score=0.9585, time=0.15s
Evaluation: instances=5, bins=2100, lower_bound=2009, mean_excess=0.0453, score=0.9567, time=0.15s
Evaluation: instances=5, bins=2094, lower_bound=2009, mean_excess=0.0423, score=0.9594, time=0.16s
Evaluation: instances=5, bins=2097, lower_bound=2009, mean_excess=0.0438, score=0.9580, time=0.16s
Evaluation: instances=5, bins=2094, lower_bound=2009, mean_excess=0.0423, score=0.9594, time=0.15s
Evaluation: instances=5, bins=2096, lower_bound=2009, mean_excess=0.0433, score=0.9585, time=0.14s
Evaluation: instances=5, bins=2094, lower_bound=2009, mean_excess=0.0423, score=0.9594, time=0.14s
Evaluation: instances=5, bins=2096, lower_bound=2009, mean_excess=0.0433, score=0.9585, time=0.14s
Evaluation: instances=5, bins=2104, lower_bound=2009, mean_excess=0.0473, score=0.9548, time=0.12s
Evaluation: instances=5, bins=2092, lower_bound=2009, mean_excess=0.0413, score=0.9603, time=0.13s
Evaluation: instances=5, bins=2101, lower_bound=2009, mean_excess=0.0458, score=0.9562, time=0.12s
Evaluation: instances=5, bins=2144, lower_bound=2009, mean_excess=0.0672, score=0.9370, time=0.13s
Evaluation: instances=5, bins=2092, lower_bound=2009, mean_excess=0.0413, score=0.9603, time=0.13s
Evaluation: instances=5, bins=2092, lower_bound=2009, mean_excess=0.0413, score=0.9603, time=0.15s
Evaluation: instances=5, bins=2096, lower_bound=2009, mean_excess=0.0433, score=0.9585, time=0.16s
Evaluation: instances=5, bins=2092, lower_bound=2009, mean_excess=0.0413, score=0.9603, time=0.14s
Evaluation: instances=5, bins=2093, lower_bound=2009, mean_excess=0.0418, score=0.9599, time=0.16s
Evaluation: instances=5, bins=2092, lower_bound=2009, mean_excess=0.0413, score=0.9603, time=0.26s
Evaluation: instances=5, bins=2092, lower_bound=2009, mean_excess=0.0413, score=0.9603, time=0.16s
Evaluation: instances=5, bins=2092, lower_bound=2009, mean_excess=0.0413, score=0.9603, time=0.16s
Evaluation: instances=5, bins=2092, lower_bound=2009, mean_excess=0.0413, score=0.9603, time=0.13s
Evaluation: instances=5, bins=2172, lower_bound=2009, mean_excess=0.0811, score=0.9250, time=0.15s
Evaluation: instances=5, bins=2120, lower_bound=2009, mean_excess=0.0552, score=0.9477, time=0.12s
Evaluation: instances=5, bins=2158, lower_bound=2009, mean_excess=0.0742, score=0.9310, time=0.12s
Evaluation: instances=5, bins=2168, lower_bound=2009, mean_excess=0.0792, score=0.9266, time=0.12s
Evaluation: instances=5, bins=2101, lower_bound=2009, mean_excess=0.0458, score=0.9562, time=0.14s
Evaluation: instances=5, bins=2101, lower_bound=2009, mean_excess=0.0458, score=0.9562, time=0.13s
Evaluation: instances=5, bins=2092, lower_bound=2009, mean_excess=0.0413, score=0.9603, time=0.14s
Evaluation: instances=5, bins=2102, lower_bound=2009, mean_excess=0.0463, score=0.9558, time=0.16s
Evaluation: instances=5, bins=2094, lower_bound=2009, mean_excess=0.0423, score=0.9594, time=0.14s
Evaluation: instances=5, bins=2229, lower_bound=2009, mean_excess=0.1095, score=0.9013, time=0.14s
Evaluation: instances=5, bins=2092, lower_bound=2009, mean_excess=0.0413, score=0.9603, time=0.14s
Evaluation: instances=5, bins=2092, lower_bound=2009, mean_excess=0.0413, score=0.9603, time=0.18s
Evaluation: instances=5, bins=2092, lower_bound=2009, mean_excess=0.0413, score=0.9603, time=0.20s
Evaluation: instances=5, bins=2099, lower_bound=2009, mean_excess=0.0448, score=0.9571, time=0.16s
Evaluation: instances=5, bins=2101, lower_bound=2009, mean_excess=0.0458, score=0.9562, time=0.13s
Evaluation: instances=5, bins=2118, lower_bound=2009, mean_excess=0.0543, score=0.9485, time=0.13s
Evaluation: instances=5, bins=2116, lower_bound=2009, mean_excess=0.0533, score=0.9494, time=0.13s
Evaluation: instances=5, bins=2088, lower_bound=2009, mean_excess=0.0393, score=0.9622, time=0.19s
Evaluation: instances=5, bins=2088, lower_bound=2009, mean_excess=0.0393, score=0.9622, time=0.16s
Evaluation: instances=5, bins=2088, lower_bound=2009, mean_excess=0.0393, score=0.9622, time=0.23s
Evaluation: instances=5, bins=2097, lower_bound=2009, mean_excess=0.0438, score=0.9580, time=0.14s
Evaluation: instances=5, bins=2088, lower_bound=2009, mean_excess=0.0393, score=0.9622, time=0.16s
Evaluation: instances=5, bins=2088, lower_bound=2009, mean_excess=0.0393, score=0.9622, time=0.16s
Evaluation: instances=5, bins=2101, lower_bound=2009, mean_excess=0.0458, score=0.9562, time=0.73s
Evaluation: instances=5, bins=2088, lower_bound=2009, mean_excess=0.0393, score=0.9622, time=0.15s
Evaluation: instances=5, bins=2097, lower_bound=2009, mean_excess=0.0438, score=0.9580, time=0.13s
Evaluation: instances=5, bins=2106, lower_bound=2009, mean_excess=0.0483, score=0.9539, time=0.15s
Evaluation: instances=5, bins=2221, lower_bound=2009, mean_excess=0.1056, score=0.9045, time=0.15s
Evaluation: instances=5, bins=2249, lower_bound=2009, mean_excess=0.1195, score=0.8933, time=0.11s
Evaluation: instances=5, bins=2188, lower_bound=2009, mean_excess=0.0891, score=0.9182, time=0.11s
Evaluation: instances=5, bins=2276, lower_bound=2009, mean_excess=0.1330, score=0.8827, time=0.11s
Evaluation: instances=5, bins=2125, lower_bound=2009, mean_excess=0.0577, score=0.9454, time=0.15s2026-07-28 11:00:03,955 - INFO - Evaluated program it000060 in 0.15s: combined_score=0.9454, mean_excess=0.0577, bins_used=2125.0000, lower_bound=2009.0000, num_instances=5.0000, eval_time=0.1525, validity=1.0000
2026-07-28 11:00:04,924 - INFO - HTTP Request: POST https://openrouter.ai/api/v1/chat/completions "HTTP/1.1 200 OK"
2026-07-28 11:00:20,403 - INFO - Evaluated program it000061 in 0.15s: combined_score=0.9571, mean_excess=0.0448, bins_used=2099.0000, lower_bound=2009.0000, num_instances=5.0000, eval_time=0.1488, validity=1.0000
2026-07-28 11:00:21,740 - INFO - HTTP Request: POST https://openrouter.ai/api/v1/chat/completions "HTTP/1.1 200 OK"
2026-07-28 11:00:33,320 - INFO - Evaluated program it000062 in 0.16s: combined_score=0.9622, mean_excess=0.0393, bins_used=2088.0000, lower_bound=2009.0000, num_instances=5.0000, eval_time=0.1545, validity=1.0000
2026-07-28 11:00:33,982 - INFO - HTTP Request: POST https://openrouter.ai/api/v1/chat/completions "HTTP/1.1 200 OK"
2026-07-28 11:00:57,031 - INFO - Evaluated program it000063 in 0.15s: combined_score=0.9622, mean_excess=0.0393, bins_used=2088.0000, lower_bound=2009.0000, num_instances=5.0000, eval_time=0.1448, validity=1.0000
2026-07-28 11:00:59,342 - INFO - HTTP Request: POST https://openrouter.ai/api/v1/chat/completions "HTTP/1.1 200 OK"
2026-07-28 11:01:35,783 - INFO - Evaluated program it000064 in 0.17s: combined_score=0.9622, mean_excess=0.0393, bins_used=2088.0000, lower_bound=2009.0000, num_instances=5.0000, eval_time=0.1660, validity=1.0000
2026-07-28 11:01:35,806 - INFO - Saved checkpoint at iteration 64 to examples/bin_packing/runs/phase-c-p1-boltzmann/pe-tree-s42/checkpoints/checkpoint_64
2026-07-28 11:01:46,127 - INFO - HTTP Request: POST https://openrouter.ai/api/v1/chat/completions "HTTP/1.1 200 OK"
2026-07-28 11:02:36,992 - INFO - Evaluated program it000065 in 0.16s: combined_score=0.9622, mean_excess=0.0393, bins_used=2088.0000, lower_bound=2009.0000, num_instances=5.0000, eval_time=0.1625, validity=1.0000
2026-07-28 11:02:39,483 - INFO - HTTP Request: POST https://openrouter.ai/api/v1/chat/completions "HTTP/1.1 200 OK"
2026-07-28 11:02:56,158 - INFO - Evaluated program it000066 in 0.20s: combined_score=0.9622, mean_excess=0.0393, bins_used=2088.0000, lower_bound=2009.0000, num_instances=5.0000, eval_time=0.1993, validity=1.0000
2026-07-28 11:03:02,565 - INFO - HTTP Request: POST https://openrouter.ai/api/v1/chat/completions "HTTP/1.1 200 OK"
2026-07-28 11:03:37,346 - INFO - Evaluated program it000067 in 0.16s: combined_score=0.9622, mean_excess=0.0393, bins_used=2088.0000, lower_bound=2009.0000, num_instances=5.0000, eval_time=0.1628, validity=1.0000
2026-07-28 11:03:41,179 - INFO - HTTP Request: POST https://openrouter.ai/api/v1/chat/completions "HTTP/1.1 200 OK"
2026-07-28 11:04:41,025 - WARNING - Iteration 68: mutation touched F_imm outside the evolve block (attempt 1)
2026-07-28 11:04:43,461 - INFO - HTTP Request: POST https://openrouter.ai/api/v1/chat/completions "HTTP/1.1 200 OK"
2026-07-28 11:04:57,881 - INFO - Evaluated program it000069 in 0.16s: combined_score=0.9622, mean_excess=0.0393, bins_used=2088.0000, lower_bound=2009.0000, num_instances=5.0000, eval_time=0.1606, validity=1.0000
/Users/archiebrown/noema-evolve/.venv/lib/python3.11/site-packages/sklearn/base.py:1403: ConvergenceWarning: Number of distinct clusters (1) found smaller than n_clusters (3). Possibly due to duplicate points in X.
  return fit_method(estimator, *args, **kwargs)
2026-07-28 11:05:00,696 - INFO - HTTP Request: POST https://openrouter.ai/api/v1/chat/completions "HTTP/1.1 200 OK"
2026-07-28 11:05:56,543 - INFO - HTTP Request: POST https://openrouter.ai/api/v1/chat/completions "HTTP/1.1 200 OK"
2026-07-28 11:06:09,731 - INFO - HTTP Request: POST https://openrouter.ai/api/v1/chat/completions "HTTP/1.1 200 OK"
2026-07-28 11:06:50,607 - INFO - HTTP Request: POST https://openrouter.ai/api/v1/chat/completions "HTTP/1.1 200 OK"
2026-07-28 11:07:09,924 - INFO - [PE] trigger #7 at iteration 69: 4 proposals from 1 clusters
2026-07-28 11:07:10,088 - INFO - Evaluated program it000069-pe000 in 0.16s: combined_score=0.9503, mean_excess=0.0523, bins_used=2114.0000, lower_bound=2009.0000, num_instances=5.0000, eval_time=0.1573, validity=1.0000
2026-07-28 11:07:10,214 - INFO - Evaluated program it000069-pe001 in 0.13s: combined_score=0.9603, mean_excess=0.0413, bins_used=2092.0000, lower_bound=2009.0000, num_instances=5.0000, eval_time=0.1245, validity=1.0000
2026-07-28 11:07:10,341 - INFO - Evaluated program it000069-pe002 in 0.13s: combined_score=0.8823, mean_excess=0.1334, bins_used=2277.0000, lower_bound=2009.0000, num_instances=5.0000, eval_time=0.1262, validity=1.0000
2026-07-28 11:07:10,466 - INFO - Evaluated program it000069-pe003 in 0.12s: combined_score=0.9553, mean_excess=0.0468, bins_used=2103.0000, lower_bound=2009.0000, num_instances=5.0000, eval_time=0.1239, validity=1.0000
2026-07-28 11:07:10,487 - INFO - Saved checkpoint at iteration 69 to examples/bin_packing/runs/phase-c-p1-boltzmann/pe-tree-s42/checkpoints/checkpoint_69
2026-07-28 11:07:13,062 - INFO - HTTP Request: POST https://openrouter.ai/api/v1/chat/completions "HTTP/1.1 200 OK"
2026-07-28 11:07:31,047 - INFO - Evaluated program it000070 in 0.14s: combined_score=0.9580, mean_excess=0.0438, bins_used=2097.0000, lower_bound=2009.0000, num_instances=5.0000, eval_time=0.1351, validity=1.0000
2026-07-28 11:07:32,255 - INFO - HTTP Request: POST https://openrouter.ai/api/v1/chat/completions "HTTP/1.1 200 OK"
2026-07-28 11:08:00,590 - INFO - Evaluated program it000071 in 0.16s: combined_score=0.9622, mean_excess=0.0393, bins_used=2088.0000, lower_bound=2009.0000, num_instances=5.0000, eval_time=0.1534, validity=1.0000
2026-07-28 11:08:06,866 - INFO - HTTP Request: POST https://openrouter.ai/api/v1/chat/completions "HTTP/1.1 200 OK"
2026-07-28 11:09:02,548 - INFO - Evaluated program it000072 in 0.17s: combined_score=0.9622, mean_excess=0.0393, bins_used=2088.0000, lower_bound=2009.0000, num_instances=5.0000, eval_time=0.1691, validity=1.0000
2026-07-28 11:09:03,645 - INFO - HTTP Request: POST https://openrouter.ai/api/v1/chat/completions "HTTP/1.1 200 OK"
2026-07-28 11:09:18,169 - INFO - Evaluated program it000073 in 0.20s: combined_score=0.9622, mean_excess=0.0393, bins_used=2088.0000, lower_bound=2009.0000, num_instances=5.0000, eval_time=0.1924, validity=1.0000
2026-07-28 11:09:19,980 - INFO - HTTP Request: POST https://openrouter.ai/api/v1/chat/completions "HTTP/1.1 200 OK"
2026-07-28 11:09:36,108 - INFO - Evaluated program it000074 in 0.16s: combined_score=0.9622, mean_excess=0.0393, bins_used=2088.0000, lower_bound=2009.0000, num_instances=5.0000, eval_time=0.1621, validity=1.0000
2026-07-28 11:09:36,131 - INFO - Saved checkpoint at iteration 74 to examples/bin_packing/runs/phase-c-p1-boltzmann/pe-tree-s42/checkpoints/checkpoint_74
2026-07-28 11:09:36,944 - INFO - HTTP Request: POST https://openrouter.ai/api/v1/chat/completions "HTTP/1.1 200 OK"
2026-07-28 11:10:17,682 - WARNING - Iteration 75: mutation touched F_imm outside the evolve block (attempt 1)
2026-07-28 11:10:20,286 - INFO - HTTP Request: POST https://openrouter.ai/api/v1/chat/completions "HTTP/1.1 200 OK"
2026-07-28 11:10:23,965 - WARNING - Iteration 76: mutation touched F_imm outside the evolve block (attempt 1)
2026-07-28 11:10:25,424 - INFO - HTTP Request: POST https://openrouter.ai/api/v1/chat/completions "HTTP/1.1 200 OK"
2026-07-28 11:10:46,833 - INFO - Evaluated program it000077 in 0.14s: combined_score=0.9599, mean_excess=0.0418, bins_used=2093.0000, lower_bound=2009.0000, num_instances=5.0000, eval_time=0.1410, validity=1.0000
2026-07-28 11:10:48,995 - INFO - HTTP Request: POST https://openrouter.ai/api/v1/chat/completions "HTTP/1.1 200 OK"
2026-07-28 11:11:47,530 - INFO - Evaluated program it000078 in 0.16s: combined_score=0.9622, mean_excess=0.0393, bins_used=2088.0000, lower_bound=2009.0000, num_instances=5.0000, eval_time=0.1547, validity=1.0000
2026-07-28 11:11:50,705 - INFO - HTTP Request: POST https://openrouter.ai/api/v1/chat/completions "HTTP/1.1 200 OK"
2026-07-28 11:12:34,547 - INFO - Evaluated program it000079 in 0.16s: combined_score=0.9622, mean_excess=0.0393, bins_used=2088.0000, lower_bound=2009.0000, num_instances=5.0000, eval_time=0.1594, validity=1.0000
/Users/archiebrown/noema-evolve/.venv/lib/python3.11/site-packages/sklearn/base.py:1403: ConvergenceWarning: Number of distinct clusters (1) found smaller than n_clusters (3). Possibly due to duplicate points in X.
  return fit_method(estimator, *args, **kwargs)
2026-07-28 11:12:37,206 - INFO - HTTP Request: POST https://openrouter.ai/api/v1/chat/completions "HTTP/1.1 200 OK"
2026-07-28 11:13:10,957 - INFO - HTTP Request: POST https://openrouter.ai/api/v1/chat/completions "HTTP/1.1 200 OK"
2026-07-28 11:14:23,605 - INFO - HTTP Request: POST https://openrouter.ai/api/v1/chat/completions "HTTP/1.1 200 OK"
2026-07-28 11:14:39,208 - INFO - HTTP Request: POST https://openrouter.ai/api/v1/chat/completions "HTTP/1.1 200 OK"
2026-07-28 11:14:41,820 - INFO - [PE] trigger #8 at iteration 79: 4 proposals from 1 clusters
2026-07-28 11:14:41,951 - INFO - Evaluated program it000079-pe000 in 0.13s: combined_score=0.9562, mean_excess=0.0458, bins_used=2101.0000, lower_bound=2009.0000, num_instances=5.0000, eval_time=0.1279, validity=1.0000
2026-07-28 11:14:42,070 - INFO - Evaluated program it000079-pe001 in 0.12s: combined_score=0.9608, mean_excess=0.0408, bins_used=2091.0000, lower_bound=2009.0000, num_instances=5.0000, eval_time=0.1184, validity=1.0000
2026-07-28 11:14:42,175 - INFO - Evaluated program it000079-pe002 in 0.10s: combined_score=0.9562, mean_excess=0.0458, bins_used=2101.0000, lower_bound=2009.0000, num_instances=5.0000, eval_time=0.1042, validity=1.0000
2026-07-28 11:14:42,203 - INFO - Evaluated program it000079-pe003 in 0.03s: combined_score=0.0000, mean_excess=inf, bins_used=inf, lower_bound=0.0000, num_instances=0.0000, validity=0.0000, error=Program execution failed: module 'program' has no attribute 'run_bin_packing'
2026-07-28 11:14:42,204 - WARNING - Iteration 79: coordination proposal it000079-pe003 (variant) failed evaluation; dropped
2026-07-28 11:14:42,225 - INFO - Saved checkpoint at iteration 79 to examples/bin_packing/runs/phase-c-p1-boltzmann/pe-tree-s42/checkpoints/checkpoint_79
2026-07-28 11:14:45,473 - INFO - HTTP Request: POST https://openrouter.ai/api/v1/chat/completions "HTTP/1.1 200 OK"
2026-07-28 11:15:00,711 - INFO - Evaluated program it000080 in 0.18s: combined_score=0.9622, mean_excess=0.0393, bins_used=2088.0000, lower_bound=2009.0000, num_instances=5.0000, eval_time=0.1775, validity=1.0000
2026-07-28 11:15:02,120 - INFO - HTTP Request: POST https://openrouter.ai/api/v1/chat/completions "HTTP/1.1 200 OK"
2026-07-28 11:15:15,350 - INFO - Evaluated program it000081 in 0.26s: combined_score=0.9558, mean_excess=0.0463, bins_used=2102.0000, lower_bound=2009.0000, num_instances=5.0000, eval_time=0.2572, validity=1.0000
2026-07-28 11:15:25,127 - INFO - HTTP Request: POST https://openrouter.ai/api/v1/chat/completions "HTTP/1.1 200 OK"
2026-07-28 11:17:10,583 - INFO - Evaluated program it000082 in 0.15s: combined_score=0.9053, mean_excess=0.1045, bins_used=2219.0000, lower_bound=2009.0000, num_instances=5.0000, eval_time=0.1448, validity=1.0000
2026-07-28 11:17:20,873 - INFO - HTTP Request: POST https://openrouter.ai/api/v1/chat/completions "HTTP/1.1 200 OK"
2026-07-28 11:17:56,569 - INFO - Evaluated program it000083 in 0.15s: combined_score=0.9599, mean_excess=0.0418, bins_used=2093.0000, lower_bound=2009.0000, num_instances=5.0000, eval_time=0.1518, validity=1.0000
2026-07-28 11:17:58,631 - INFO - HTTP Request: POST https://openrouter.ai/api/v1/chat/completions "HTTP/1.1 200 OK"
2026-07-28 11:18:16,697 - INFO - Evaluated program it000084 in 0.16s: combined_score=0.9622, mean_excess=0.0393, bins_used=2088.0000, lower_bound=2009.0000, num_instances=5.0000, eval_time=0.1613, validity=1.0000
2026-07-28 11:18:16,726 - INFO - Saved checkpoint at iteration 84 to examples/bin_packing/runs/phase-c-p1-boltzmann/pe-tree-s42/checkpoints/checkpoint_84
2026-07-28 11:18:17,110 - INFO - HTTP Request: POST https://openrouter.ai/api/v1/chat/completions "HTTP/1.1 200 OK"
2026-07-28 11:18:25,106 - WARNING - Iteration 85: mutation touched F_imm outside the evolve block (attempt 1)
2026-07-28 11:18:26,334 - INFO - HTTP Request: POST https://openrouter.ai/api/v1/chat/completions "HTTP/1.1 200 OK"
2026-07-28 11:18:59,726 - INFO - Evaluated program it000086 in 0.16s: combined_score=0.9622, mean_excess=0.0393, bins_used=2088.0000, lower_bound=2009.0000, num_instances=5.0000, eval_time=0.1558, validity=1.0000
2026-07-28 11:19:00,065 - INFO - HTTP Request: POST https://openrouter.ai/api/v1/chat/completions "HTTP/1.1 200 OK"
2026-07-28 11:19:11,041 - WARNING - Iteration 87: mutation touched F_imm outside the evolve block (attempt 1)
2026-07-28 11:19:12,290 - INFO - HTTP Request: POST https://openrouter.ai/api/v1/chat/completions "HTTP/1.1 200 OK"
2026-07-28 11:19:29,732 - INFO - Evaluated program it000088 in 0.21s: combined_score=0.9622, mean_excess=0.0393, bins_used=2088.0000, lower_bound=2009.0000, num_instances=5.0000, eval_time=0.2072, validity=1.0000
2026-07-28 11:19:31,312 - INFO - HTTP Request: POST https://openrouter.ai/api/v1/chat/completions "HTTP/1.1 200 OK"
2026-07-28 11:21:05,220 - INFO - Evaluated program it000089 in 0.16s: combined_score=0.9562, mean_excess=0.0458, bins_used=2101.0000, lower_bound=2009.0000, num_instances=5.0000, eval_time=0.1571, validity=1.0000
/Users/archiebrown/noema-evolve/.venv/lib/python3.11/site-packages/sklearn/base.py:1403: ConvergenceWarning: Number of distinct clusters (1) found smaller than n_clusters (3). Possibly due to duplicate points in X.
  return fit_method(estimator, *args, **kwargs)
2026-07-28 11:21:06,258 - INFO - HTTP Request: POST https://openrouter.ai/api/v1/chat/completions "HTTP/1.1 200 OK"
2026-07-28 11:21:14,657 - INFO - HTTP Request: POST https://openrouter.ai/api/v1/chat/completions "HTTP/1.1 200 OK"
2026-07-28 11:21:27,282 - INFO - HTTP Request: POST https://openrouter.ai/api/v1/chat/completions "HTTP/1.1 200 OK"
2026-07-28 11:21:48,343 - INFO - HTTP Request: POST https://openrouter.ai/api/v1/chat/completions "HTTP/1.1 200 OK"
2026-07-28 11:22:34,934 - INFO - [PE] trigger #9 at iteration 89: 4 proposals from 1 clusters
2026-07-28 11:22:35,092 - INFO - Evaluated program it000089-pe000 in 0.16s: combined_score=0.9494, mean_excess=0.0533, bins_used=2116.0000, lower_bound=2009.0000, num_instances=5.0000, eval_time=0.1550, validity=1.0000
2026-07-28 11:22:35,223 - INFO - Evaluated program it000089-pe001 in 0.13s: combined_score=0.9562, mean_excess=0.0458, bins_used=2101.0000, lower_bound=2009.0000, num_instances=5.0000, eval_time=0.1297, validity=1.0000
2026-07-28 11:22:35,373 - INFO - Evaluated program it000089-pe002 in 0.15s: combined_score=0.8819, mean_excess=0.1339, bins_used=2278.0000, lower_bound=2009.0000, num_instances=5.0000, eval_time=0.1488, validity=1.0000
2026-07-28 11:22:35,723 - INFO - Evaluated program it000089-pe003 in 0.35s: combined_score=0.9445, mean_excess=0.0587, bins_used=2127.0000, lower_bound=2009.0000, num_instances=5.0000, eval_time=0.3485, validity=1.0000
2026-07-28 11:22:35,767 - INFO - Saved checkpoint at iteration 89 to examples/bin_packing/runs/phase-c-p1-boltzmann/pe-tree-s42/checkpoints/checkpoint_89
2026-07-28 11:22:37,980 - INFO - HTTP Request: POST https://openrouter.ai/api/v1/chat/completions "HTTP/1.1 200 OK"
2026-07-28 11:24:39,592 - INFO - Evaluated program it000090 in 0.14s: combined_score=0.9562, mean_excess=0.0458, bins_used=2101.0000, lower_bound=2009.0000, num_instances=5.0000, eval_time=0.1366, validity=1.0000
2026-07-28 11:24:41,075 - INFO - HTTP Request: POST https://openrouter.ai/api/v1/chat/completions "HTTP/1.1 200 OK"
2026-07-28 11:24:57,491 - INFO - Evaluated program it000091 in 0.15s: combined_score=0.9626, mean_excess=0.0388, bins_used=2087.0000, lower_bound=2009.0000, num_instances=5.0000, eval_time=0.1466, validity=1.0000
2026-07-28 11:24:57,812 - INFO - HTTP Request: POST https://openrouter.ai/api/v1/chat/completions "HTTP/1.1 200 OK"
2026-07-28 11:25:50,588 - INFO - Evaluated program it000092 in 0.18s: combined_score=0.9599, mean_excess=0.0418, bins_used=2093.0000, lower_bound=2009.0000, num_instances=5.0000, eval_time=0.1707, validity=1.0000
2026-07-28 11:25:51,905 - INFO - HTTP Request: POST https://openrouter.ai/api/v1/chat/completions "HTTP/1.1 200 OK"
2026-07-28 11:26:04,701 - INFO - Evaluated program it000093 in 0.15s: combined_score=0.9626, mean_excess=0.0388, bins_used=2087.0000, lower_bound=2009.0000, num_instances=5.0000, eval_time=0.1449, validity=1.0000
2026-07-28 11:26:07,114 - INFO - HTTP Request: POST https://openrouter.ai/api/v1/chat/completions "HTTP/1.1 200 OK"
2026-07-28 11:26:24,991 - INFO - Evaluated program it000094 in 0.14s: combined_score=0.9626, mean_excess=0.0388, bins_used=2087.0000, lower_bound=2009.0000, num_instances=5.0000, eval_time=0.1353, validity=1.0000
2026-07-28 11:26:25,019 - INFO - Saved checkpoint at iteration 94 to examples/bin_packing/runs/phase-c-p1-boltzmann/pe-tree-s42/checkpoints/checkpoint_94
2026-07-28 11:26:25,434 - INFO - HTTP Request: POST https://openrouter.ai/api/v1/chat/completions "HTTP/1.1 200 OK"
2026-07-28 11:27:08,703 - INFO - Evaluated program it000095 in 0.15s: combined_score=0.9589, mean_excess=0.0428, bins_used=2095.0000, lower_bound=2009.0000, num_instances=5.0000, eval_time=0.1518, validity=1.0000
2026-07-28 11:27:10,083 - INFO - HTTP Request: POST https://openrouter.ai/api/v1/chat/completions "HTTP/1.1 200 OK"
2026-07-28 11:28:16,062 - INFO - Evaluated program it000096 in 0.16s: combined_score=0.9571, mean_excess=0.0448, bins_used=2099.0000, lower_bound=2009.0000, num_instances=5.0000, eval_time=0.1604, validity=1.0000
2026-07-28 11:28:18,142 - INFO - HTTP Request: POST https://openrouter.ai/api/v1/chat/completions "HTTP/1.1 200 OK"
2026-07-28 11:30:17,063 - INFO - Evaluated program it000097 in 0.17s: combined_score=0.9603, mean_excess=0.0413, bins_used=2092.0000, lower_bound=2009.0000, num_instances=5.0000, eval_time=0.1690, validity=1.0000
2026-07-28 11:30:19,204 - INFO - HTTP Request: POST https://openrouter.ai/api/v1/chat/completions "HTTP/1.1 200 OK"
2026-07-28 11:31:15,752 - INFO - Evaluated program it000098 in 0.18s: combined_score=0.9585, mean_excess=0.0433, bins_used=2096.0000, lower_bound=2009.0000, num_instances=5.0000, eval_time=0.1828, validity=1.0000
2026-07-28 11:31:16,792 - INFO - HTTP Request: POST https://openrouter.ai/api/v1/chat/completions "HTTP/1.1 200 OK"
2026-07-28 11:32:39,907 - INFO - Evaluated program it000099 in 0.16s: combined_score=0.9626, mean_excess=0.0388, bins_used=2087.0000, lower_bound=2009.0000, num_instances=5.0000, eval_time=0.1560, validity=1.0000
/Users/archiebrown/noema-evolve/.venv/lib/python3.11/site-packages/sklearn/base.py:1403: ConvergenceWarning: Number of distinct clusters (1) found smaller than n_clusters (3). Possibly due to duplicate points in X.
  return fit_method(estimator, *args, **kwargs)
2026-07-28 11:32:42,582 - INFO - HTTP Request: POST https://openrouter.ai/api/v1/chat/completions "HTTP/1.1 200 OK"
2026-07-28 11:33:33,627 - INFO - HTTP Request: POST https://openrouter.ai/api/v1/chat/completions "HTTP/1.1 200 OK"
2026-07-28 11:33:51,865 - INFO - HTTP Request: POST https://openrouter.ai/api/v1/chat/completions "HTTP/1.1 200 OK"
2026-07-28 11:34:21,355 - INFO - HTTP Request: POST https://openrouter.ai/api/v1/chat/completions "HTTP/1.1 200 OK"
2026-07-28 11:34:47,104 - INFO - [PE] trigger #10 at iteration 99: 3 proposals from 1 clusters
2026-07-28 11:34:47,266 - INFO - Evaluated program it000099-pe000 in 0.16s: combined_score=0.9562, mean_excess=0.0458, bins_used=2101.0000, lower_bound=2009.0000, num_instances=5.0000, eval_time=0.1583, validity=1.0000
2026-07-28 11:34:47,378 - INFO - Evaluated program it000099-pe001 in 0.11s: combined_score=0.9580, mean_excess=0.0438, bins_used=2097.0000, lower_bound=2009.0000, num_instances=5.0000, eval_time=0.1114, validity=1.0000
2026-07-28 11:34:47,496 - INFO - Evaluated program it000099-pe002 in 0.12s: combined_score=0.9567, mean_excess=0.0453, bins_used=2100.0000, lower_bound=2009.0000, num_instances=5.0000, eval_time=0.1174, validity=1.0000
2026-07-28 11:34:47,521 - INFO - Saved checkpoint at iteration 99 to examples/bin_packing/runs/phase-c-p1-boltzmann/pe-tree-s42/checkpoints/checkpoint_99
2026-07-28 11:34:49,292 - INFO - HTTP Request: POST https://openrouter.ai/api/v1/chat/completions "HTTP/1.1 200 OK"
2026-07-28 11:35:47,371 - INFO - Evaluated program it000100 in 0.15s: combined_score=0.9626, mean_excess=0.0388, bins_used=2087.0000, lower_bound=2009.0000, num_instances=5.0000, eval_time=0.1444, validity=1.0000
2026-07-28 11:35:49,623 - INFO - HTTP Request: POST https://openrouter.ai/api/v1/chat/completions "HTTP/1.1 200 OK"
2026-07-28 11:36:04,262 - INFO - Evaluated program it000101 in 0.18s: combined_score=0.9626, mean_excess=0.0388, bins_used=2087.0000, lower_bound=2009.0000, num_instances=5.0000, eval_time=0.1817, validity=1.0000
2026-07-28 11:36:06,642 - INFO - HTTP Request: POST https://openrouter.ai/api/v1/chat/completions "HTTP/1.1 200 OK"
2026-07-28 11:36:22,970 - INFO - Evaluated program it000102 in 0.16s: combined_score=0.9626, mean_excess=0.0388, bins_used=2087.0000, lower_bound=2009.0000, num_instances=5.0000, eval_time=0.1580, validity=1.0000
2026-07-28 11:36:23,642 - INFO - HTTP Request: POST https://openrouter.ai/api/v1/chat/completions "HTTP/1.1 200 OK"
2026-07-28 11:36:56,520 - INFO - Evaluated program it000103 in 0.17s: combined_score=0.9562, mean_excess=0.0458, bins_used=2101.0000, lower_bound=2009.0000, num_instances=5.0000, eval_time=0.1730, validity=1.0000
2026-07-28 11:36:57,890 - INFO - HTTP Request: POST https://openrouter.ai/api/v1/chat/completions "HTTP/1.1 200 OK"
2026-07-28 11:38:04,713 - INFO - Evaluated program it000104 in 0.16s: combined_score=0.9626, mean_excess=0.0388, bins_used=2087.0000, lower_bound=2009.0000, num_instances=5.0000, eval_time=0.1574, validity=1.0000
2026-07-28 11:38:04,740 - INFO - Saved checkpoint at iteration 104 to examples/bin_packing/runs/phase-c-p1-boltzmann/pe-tree-s42/checkpoints/checkpoint_104
2026-07-28 11:38:06,150 - INFO - HTTP Request: POST https://openrouter.ai/api/v1/chat/completions "HTTP/1.1 200 OK"
2026-07-28 11:38:35,732 - INFO - Evaluated program it000105 in 0.13s: combined_score=0.9603, mean_excess=0.0413, bins_used=2092.0000, lower_bound=2009.0000, num_instances=5.0000, eval_time=0.1292, validity=1.0000
2026-07-28 11:38:38,577 - INFO - HTTP Request: POST https://openrouter.ai/api/v1/chat/completions "HTTP/1.1 200 OK"
2026-07-28 11:38:56,865 - INFO - Evaluated program it000106 in 0.15s: combined_score=0.9626, mean_excess=0.0388, bins_used=2087.0000, lower_bound=2009.0000, num_instances=5.0000, eval_time=0.1445, validity=1.0000
2026-07-28 11:38:57,981 - INFO - HTTP Request: POST https://openrouter.ai/api/v1/chat/completions "HTTP/1.1 200 OK"
2026-07-28 11:39:30,129 - INFO - Evaluated program it000107 in 0.15s: combined_score=0.9626, mean_excess=0.0388, bins_used=2087.0000, lower_bound=2009.0000, num_instances=5.0000, eval_time=0.1525, validity=1.0000
2026-07-28 11:39:31,493 - INFO - HTTP Request: POST https://openrouter.ai/api/v1/chat/completions "HTTP/1.1 200 OK"
2026-07-28 11:39:41,464 - INFO - Evaluated program it000108 in 0.16s: combined_score=0.9626, mean_excess=0.0388, bins_used=2087.0000, lower_bound=2009.0000, num_instances=5.0000, eval_time=0.1563, validity=1.0000
2026-07-28 11:39:44,133 - INFO - HTTP Request: POST https://openrouter.ai/api/v1/chat/completions "HTTP/1.1 200 OK"
2026-07-28 11:40:27,524 - INFO - Evaluated program it000109 in 0.16s: combined_score=0.9626, mean_excess=0.0388, bins_used=2087.0000, lower_bound=2009.0000, num_instances=5.0000, eval_time=0.1535, validity=1.0000
/Users/archiebrown/noema-evolve/.venv/lib/python3.11/site-packages/sklearn/base.py:1403: ConvergenceWarning: Number of distinct clusters (1) found smaller than n_clusters (3). Possibly due to duplicate points in X.
  return fit_method(estimator, *args, **kwargs)
2026-07-28 11:40:29,586 - INFO - HTTP Request: POST https://openrouter.ai/api/v1/chat/completions "HTTP/1.1 200 OK"
2026-07-28 11:41:04,266 - INFO - HTTP Request: POST https://openrouter.ai/api/v1/chat/completions "HTTP/1.1 200 OK"
2026-07-28 11:41:16,377 - INFO - HTTP Request: POST https://openrouter.ai/api/v1/chat/completions "HTTP/1.1 200 OK"
2026-07-28 11:41:30,930 - INFO - HTTP Request: POST https://openrouter.ai/api/v1/chat/completions "HTTP/1.1 200 OK"
2026-07-28 11:41:45,317 - INFO - [PE] trigger #11 at iteration 109: 4 proposals from 1 clusters
2026-07-28 11:41:45,435 - INFO - Evaluated program it000109-pe000 in 0.12s: combined_score=0.9562, mean_excess=0.0458, bins_used=2101.0000, lower_bound=2009.0000, num_instances=5.0000, eval_time=0.1159, validity=1.0000
2026-07-28 11:41:45,532 - INFO - Evaluated program it000109-pe001 in 0.10s: combined_score=0.9562, mean_excess=0.0458, bins_used=2101.0000, lower_bound=2009.0000, num_instances=5.0000, eval_time=0.0960, validity=1.0000
2026-07-28 11:41:45,626 - INFO - Evaluated program it000109-pe002 in 0.09s: combined_score=0.9558, mean_excess=0.0463, bins_used=2102.0000, lower_bound=2009.0000, num_instances=5.0000, eval_time=0.0924, validity=1.0000
2026-07-28 11:41:45,720 - INFO - Evaluated program it000109-pe003 in 0.09s: combined_score=0.9463, mean_excess=0.0567, bins_used=2123.0000, lower_bound=2009.0000, num_instances=5.0000, eval_time=0.0931, validity=1.0000
2026-07-28 11:41:45,749 - INFO - Saved checkpoint at iteration 109 to examples/bin_packing/runs/phase-c-p1-boltzmann/pe-tree-s42/checkpoints/checkpoint_109
2026-07-28 11:41:47,626 - INFO - HTTP Request: POST https://openrouter.ai/api/v1/chat/completions "HTTP/1.1 200 OK"
2026-07-28 11:42:24,662 - INFO - Evaluated program it000110 in 0.14s: combined_score=0.9557, mean_excess=0.0463, bins_used=2102.0000, lower_bound=2009.0000, num_instances=5.0000, eval_time=0.1341, validity=1.0000
2026-07-28 11:42:32,664 - INFO - HTTP Request: POST https://openrouter.ai/api/v1/chat/completions "HTTP/1.1 200 OK"
2026-07-28 11:46:16,169 - INFO - Evaluated program it000111 in 0.16s: combined_score=0.9612, mean_excess=0.0403, bins_used=2090.0000, lower_bound=2009.0000, num_instances=5.0000, eval_time=0.1493, validity=1.0000
2026-07-28 11:46:16,850 - INFO - HTTP Request: POST https://openrouter.ai/api/v1/chat/completions "HTTP/1.1 200 OK"
2026-07-28 11:46:30,751 - INFO - Evaluated program it000112 in 0.16s: combined_score=0.9626, mean_excess=0.0388, bins_used=2087.0000, lower_bound=2009.0000, num_instances=5.0000, eval_time=0.1528, validity=1.0000
2026-07-28 11:46:33,133 - INFO - HTTP Request: POST https://openrouter.ai/api/v1/chat/completions "HTTP/1.1 200 OK"
2026-07-28 11:46:44,461 - INFO - Evaluated program it000113 in 0.15s: combined_score=0.9626, mean_excess=0.0388, bins_used=2087.0000, lower_bound=2009.0000, num_instances=5.0000, eval_time=0.1512, validity=1.0000
2026-07-28 11:46:46,801 - INFO - HTTP Request: POST https://openrouter.ai/api/v1/chat/completions "HTTP/1.1 200 OK"
2026-07-28 11:47:01,378 - INFO - Evaluated program it000114 in 0.16s: combined_score=0.9626, mean_excess=0.0388, bins_used=2087.0000, lower_bound=2009.0000, num_instances=5.0000, eval_time=0.1599, validity=1.0000
2026-07-28 11:47:01,410 - INFO - Saved checkpoint at iteration 114 to examples/bin_packing/runs/phase-c-p1-boltzmann/pe-tree-s42/checkpoints/checkpoint_114
2026-07-28 11:47:08,387 - INFO - HTTP Request: POST https://openrouter.ai/api/v1/chat/completions "HTTP/1.1 200 OK"
2026-07-28 11:47:45,890 - INFO - Evaluated program it000115 in 0.15s: combined_score=0.9626, mean_excess=0.0388, bins_used=2087.0000, lower_bound=2009.0000, num_instances=5.0000, eval_time=0.1476, validity=1.0000
2026-07-28 11:47:46,495 - INFO - HTTP Request: POST https://openrouter.ai/api/v1/chat/completions "HTTP/1.1 200 OK"
2026-07-28 11:47:59,502 - INFO - Evaluated program it000116 in 0.15s: combined_score=0.9626, mean_excess=0.0388, bins_used=2087.0000, lower_bound=2009.0000, num_instances=5.0000, eval_time=0.1526, validity=1.0000
2026-07-28 11:48:02,974 - INFO - HTTP Request: POST https://openrouter.ai/api/v1/chat/completions "HTTP/1.1 200 OK"
2026-07-28 11:48:51,990 - WARNING - Iteration 117: mutation touched F_imm outside the evolve block (attempt 1)
2026-07-28 11:48:53,458 - INFO - HTTP Request: POST https://openrouter.ai/api/v1/chat/completions "HTTP/1.1 200 OK"
2026-07-28 11:49:16,176 - INFO - Evaluated program it000118 in 0.14s: combined_score=0.9626, mean_excess=0.0388, bins_used=2087.0000, lower_bound=2009.0000, num_instances=5.0000, eval_time=0.1410, validity=1.0000
2026-07-28 11:49:18,524 - INFO - HTTP Request: POST https://openrouter.ai/api/v1/chat/completions "HTTP/1.1 200 OK"
2026-07-28 11:49:32,712 - INFO - Evaluated program it000119 in 0.15s: combined_score=0.9626, mean_excess=0.0388, bins_used=2087.0000, lower_bound=2009.0000, num_instances=5.0000, eval_time=0.1507, validity=1.0000
/Users/archiebrown/noema-evolve/.venv/lib/python3.11/site-packages/sklearn/base.py:1403: ConvergenceWarning: Number of distinct clusters (1) found smaller than n_clusters (3). Possibly due to duplicate points in X.
  return fit_method(estimator, *args, **kwargs)
2026-07-28 11:49:35,294 - INFO - HTTP Request: POST https://openrouter.ai/api/v1/chat/completions "HTTP/1.1 200 OK"
2026-07-28 11:50:10,125 - INFO - HTTP Request: POST https://openrouter.ai/api/v1/chat/completions "HTTP/1.1 200 OK"
2026-07-28 11:50:37,126 - INFO - HTTP Request: POST https://openrouter.ai/api/v1/chat/completions "HTTP/1.1 200 OK"
2026-07-28 11:50:58,229 - INFO - HTTP Request: POST https://openrouter.ai/api/v1/chat/completions "HTTP/1.1 200 OK"
2026-07-28 11:51:22,446 - INFO - [PE] trigger #12 at iteration 119: 4 proposals from 1 clusters
2026-07-28 11:51:22,596 - INFO - Evaluated program it000119-pe000 in 0.15s: combined_score=0.9562, mean_excess=0.0458, bins_used=2101.0000, lower_bound=2009.0000, num_instances=5.0000, eval_time=0.1444, validity=1.0000
2026-07-28 11:51:22,704 - INFO - Evaluated program it000119-pe001 in 0.11s: combined_score=0.9562, mean_excess=0.0458, bins_used=2101.0000, lower_bound=2009.0000, num_instances=5.0000, eval_time=0.1074, validity=1.0000
2026-07-28 11:51:22,815 - INFO - Evaluated program it000119-pe002 in 0.11s: combined_score=0.9562, mean_excess=0.0458, bins_used=2101.0000, lower_bound=2009.0000, num_instances=5.0000, eval_time=0.1094, validity=1.0000
2026-07-28 11:51:22,917 - INFO - Evaluated program it000119-pe003 in 0.10s: combined_score=0.9250, mean_excess=0.0811, bins_used=2172.0000, lower_bound=2009.0000, num_instances=5.0000, eval_time=0.1011, validity=1.0000
2026-07-28 11:51:22,950 - INFO - Saved checkpoint at iteration 119 to examples/bin_packing/runs/phase-c-p1-boltzmann/pe-tree-s42/checkpoints/checkpoint_119
2026-07-28 11:51:23,802 - INFO - HTTP Request: POST https://openrouter.ai/api/v1/chat/completions "HTTP/1.1 200 OK"
2026-07-28 11:51:42,513 - INFO - Evaluated program it000120 in 0.14s: combined_score=0.9594, mean_excess=0.0423, bins_used=2094.0000, lower_bound=2009.0000, num_instances=5.0000, eval_time=0.1373, validity=1.0000
2026-07-28 11:51:44,153 - INFO - HTTP Request: POST https://openrouter.ai/api/v1/chat/completions "HTTP/1.1 200 OK"
2026-07-28 11:52:46,190 - INFO - Evaluated program it000121 in 0.16s: combined_score=0.9626, mean_excess=0.0388, bins_used=2087.0000, lower_bound=2009.0000, num_instances=5.0000, eval_time=0.1461, validity=1.0000
2026-07-28 11:52:46,799 - INFO - HTTP Request: POST https://openrouter.ai/api/v1/chat/completions "HTTP/1.1 200 OK"
2026-07-28 11:53:04,066 - INFO - Evaluated program it000122 in 0.14s: combined_score=0.9626, mean_excess=0.0388, bins_used=2087.0000, lower_bound=2009.0000, num_instances=5.0000, eval_time=0.1397, validity=1.0000
2026-07-28 11:53:04,513 - INFO - HTTP Request: POST https://openrouter.ai/api/v1/chat/completions "HTTP/1.1 200 OK"
2026-07-28 11:53:30,054 - INFO - Evaluated program it000123 in 0.17s: combined_score=0.8881, mean_excess=0.1260, bins_used=2262.0000, lower_bound=2009.0000, num_instances=5.0000, eval_time=0.1663, validity=1.0000
2026-07-28 11:53:40,303 - INFO - HTTP Request: POST https://openrouter.ai/api/v1/chat/completions "HTTP/1.1 200 OK"
2026-07-28 11:54:18,938 - INFO - Evaluated program it000124 in 0.17s: combined_score=0.9603, mean_excess=0.0413, bins_used=2092.0000, lower_bound=2009.0000, num_instances=5.0000, eval_time=0.1652, validity=1.0000
2026-07-28 11:54:19,573 - INFO - Saved checkpoint at iteration 124 to examples/bin_packing/runs/phase-c-p1-boltzmann/pe-tree-s42/checkpoints/checkpoint_124
2026-07-28 11:54:21,474 - INFO - HTTP Request: POST https://openrouter.ai/api/v1/chat/completions "HTTP/1.1 200 OK"
2026-07-28 11:54:35,036 - INFO - Evaluated program it000125 in 0.16s: combined_score=0.9626, mean_excess=0.0388, bins_used=2087.0000, lower_bound=2009.0000, num_instances=5.0000, eval_time=0.1543, validity=1.0000
2026-07-28 11:54:35,360 - INFO - HTTP Request: POST https://openrouter.ai/api/v1/chat/completions "HTTP/1.1 200 OK"
2026-07-28 11:54:44,623 - WARNING - Iteration 126: mutation touched F_imm outside the evolve block (attempt 1)
2026-07-28 11:54:48,560 - INFO - HTTP Request: POST https://openrouter.ai/api/v1/chat/completions "HTTP/1.1 200 OK"

Evaluation: instances=5, bins=2099, lower_bound=2009, mean_excess=0.0448, score=0.9571, time=0.15s
Evaluation: instances=5, bins=2088, lower_bound=2009, mean_excess=0.0393, score=0.9622, time=0.15s
Evaluation: instances=5, bins=2088, lower_bound=2009, mean_excess=0.0393, score=0.9622, time=0.14s
Evaluation: instances=5, bins=2088, lower_bound=2009, mean_excess=0.0393, score=0.9622, time=0.17s
Evaluation: instances=5, bins=2088, lower_bound=2009, mean_excess=0.0393, score=0.9622, time=0.16s
Evaluation: instances=5, bins=2088, lower_bound=2009, mean_excess=0.0393, score=0.9622, time=0.20s
Evaluation: instances=5, bins=2088, lower_bound=2009, mean_excess=0.0393, score=0.9622, time=0.16s
Evaluation: instances=5, bins=2088, lower_bound=2009, mean_excess=0.0393, score=0.9622, time=0.16s
Evaluation: instances=5, bins=2114, lower_bound=2009, mean_excess=0.0523, score=0.9503, time=0.16s
Evaluation: instances=5, bins=2092, lower_bound=2009, mean_excess=0.0413, score=0.9603, time=0.12s
Evaluation: instances=5, bins=2277, lower_bound=2009, mean_excess=0.1334, score=0.8823, time=0.13s
Evaluation: instances=5, bins=2103, lower_bound=2009, mean_excess=0.0468, score=0.9553, time=0.12s
Evaluation: instances=5, bins=2097, lower_bound=2009, mean_excess=0.0438, score=0.9580, time=0.14s
Evaluation: instances=5, bins=2088, lower_bound=2009, mean_excess=0.0393, score=0.9622, time=0.15s
Evaluation: instances=5, bins=2088, lower_bound=2009, mean_excess=0.0393, score=0.9622, time=0.17s
Evaluation: instances=5, bins=2088, lower_bound=2009, mean_excess=0.0393, score=0.9622, time=0.19s
Evaluation: instances=5, bins=2088, lower_bound=2009, mean_excess=0.0393, score=0.9622, time=0.16s
Evaluation: instances=5, bins=2093, lower_bound=2009, mean_excess=0.0418, score=0.9599, time=0.14s
Evaluation: instances=5, bins=2088, lower_bound=2009, mean_excess=0.0393, score=0.9622, time=0.15s
Evaluation: instances=5, bins=2088, lower_bound=2009, mean_excess=0.0393, score=0.9622, time=0.16s
Evaluation: instances=5, bins=2101, lower_bound=2009, mean_excess=0.0458, score=0.9562, time=0.13s
Evaluation: instances=5, bins=2091, lower_bound=2009, mean_excess=0.0408, score=0.9608, time=0.12s
Evaluation: instances=5, bins=2101, lower_bound=2009, mean_excess=0.0458, score=0.9562, time=0.10s
Evaluation error: Program execution failed: module 'program' has no attribute 'run_bin_packing'
Evaluation: instances=5, bins=2088, lower_bound=2009, mean_excess=0.0393, score=0.9622, time=0.18s
Evaluation: instances=5, bins=2102, lower_bound=2009, mean_excess=0.0463, score=0.9558, time=0.26s
Evaluation: instances=5, bins=2219, lower_bound=2009, mean_excess=0.1045, score=0.9053, time=0.14s
Evaluation: instances=5, bins=2093, lower_bound=2009, mean_excess=0.0418, score=0.9599, time=0.15s
Evaluation: instances=5, bins=2088, lower_bound=2009, mean_excess=0.0393, score=0.9622, time=0.16s
Evaluation: instances=5, bins=2088, lower_bound=2009, mean_excess=0.0393, score=0.9622, time=0.16s
Evaluation: instances=5, bins=2088, lower_bound=2009, mean_excess=0.0393, score=0.9622, time=0.21s
Evaluation: instances=5, bins=2101, lower_bound=2009, mean_excess=0.0458, score=0.9562, time=0.16s
Evaluation: instances=5, bins=2116, lower_bound=2009, mean_excess=0.0533, score=0.9494, time=0.15s
Evaluation: instances=5, bins=2101, lower_bound=2009, mean_excess=0.0458, score=0.9562, time=0.13s
Evaluation: instances=5, bins=2278, lower_bound=2009, mean_excess=0.1339, score=0.8819, time=0.15s
Evaluation: instances=5, bins=2127, lower_bound=2009, mean_excess=0.0587, score=0.9445, time=0.35s
Evaluation: instances=5, bins=2101, lower_bound=2009, mean_excess=0.0458, score=0.9562, time=0.14s
Evaluation: instances=5, bins=2087, lower_bound=2009, mean_excess=0.0388, score=0.9626, time=0.15s
Evaluation: instances=5, bins=2093, lower_bound=2009, mean_excess=0.0418, score=0.9599, time=0.17s
Evaluation: instances=5, bins=2087, lower_bound=2009, mean_excess=0.0388, score=0.9626, time=0.14s
Evaluation: instances=5, bins=2087, lower_bound=2009, mean_excess=0.0388, score=0.9626, time=0.14s
Evaluation: instances=5, bins=2095, lower_bound=2009, mean_excess=0.0428, score=0.9589, time=0.15s
Evaluation: instances=5, bins=2099, lower_bound=2009, mean_excess=0.0448, score=0.9571, time=0.16s
Evaluation: instances=5, bins=2092, lower_bound=2009, mean_excess=0.0413, score=0.9603, time=0.17s
Evaluation: instances=5, bins=2096, lower_bound=2009, mean_excess=0.0433, score=0.9585, time=0.18s
Evaluation: instances=5, bins=2087, lower_bound=2009, mean_excess=0.0388, score=0.9626, time=0.16s
Evaluation: instances=5, bins=2101, lower_bound=2009, mean_excess=0.0458, score=0.9562, time=0.16s
Evaluation: instances=5, bins=2097, lower_bound=2009, mean_excess=0.0438, score=0.9580, time=0.11s
Evaluation: instances=5, bins=2100, lower_bound=2009, mean_excess=0.0453, score=0.9567, time=0.12s
Evaluation: instances=5, bins=2087, lower_bound=2009, mean_excess=0.0388, score=0.9626, time=0.14s
Evaluation: instances=5, bins=2087, lower_bound=2009, mean_excess=0.0388, score=0.9626, time=0.18s
Evaluation: instances=5, bins=2087, lower_bound=2009, mean_excess=0.0388, score=0.9626, time=0.16s
Evaluation: instances=5, bins=2101, lower_bound=2009, mean_excess=0.0458, score=0.9562, time=0.17s
Evaluation: instances=5, bins=2087, lower_bound=2009, mean_excess=0.0388, score=0.9626, time=0.16s
Evaluation: instances=5, bins=2092, lower_bound=2009, mean_excess=0.0413, score=0.9603, time=0.13s
Evaluation: instances=5, bins=2087, lower_bound=2009, mean_excess=0.0388, score=0.9626, time=0.14s
Evaluation: instances=5, bins=2087, lower_bound=2009, mean_excess=0.0388, score=0.9626, time=0.15s
Evaluation: instances=5, bins=2087, lower_bound=2009, mean_excess=0.0388, score=0.9626, time=0.16s
Evaluation: instances=5, bins=2087, lower_bound=2009, mean_excess=0.0388, score=0.9626, time=0.15s
Evaluation: instances=5, bins=2101, lower_bound=2009, mean_excess=0.0458, score=0.9562, time=0.12s
Evaluation: instances=5, bins=2101, lower_bound=2009, mean_excess=0.0458, score=0.9562, time=0.10s
Evaluation: instances=5, bins=2102, lower_bound=2009, mean_excess=0.0463, score=0.9558, time=0.09s
Evaluation: instances=5, bins=2123, lower_bound=2009, mean_excess=0.0567, score=0.9463, time=0.09s
Evaluation: instances=5, bins=2102, lower_bound=2009, mean_excess=0.0463, score=0.9557, time=0.13s
Evaluation: instances=5, bins=2090, lower_bound=2009, mean_excess=0.0403, score=0.9612, time=0.15s
Evaluation: instances=5, bins=2087, lower_bound=2009, mean_excess=0.0388, score=0.9626, time=0.15s
Evaluation: instances=5, bins=2087, lower_bound=2009, mean_excess=0.0388, score=0.9626, time=0.15s
Evaluation: instances=5, bins=2087, lower_bound=2009, mean_excess=0.0388, score=0.9626, time=0.16s
Evaluation: instances=5, bins=2087, lower_bound=2009, mean_excess=0.0388, score=0.9626, time=0.15s
Evaluation: instances=5, bins=2087, lower_bound=2009, mean_excess=0.0388, score=0.9626, time=0.15s
Evaluation: instances=5, bins=2087, lower_bound=2009, mean_excess=0.0388, score=0.9626, time=0.14s
Evaluation: instances=5, bins=2087, lower_bound=2009, mean_excess=0.0388, score=0.9626, time=0.15s
Evaluation: instances=5, bins=2101, lower_bound=2009, mean_excess=0.0458, score=0.9562, time=0.14s
Evaluation: instances=5, bins=2101, lower_bound=2009, mean_excess=0.0458, score=0.9562, time=0.11s
Evaluation: instances=5, bins=2101, lower_bound=2009, mean_excess=0.0458, score=0.9562, time=0.11s
Evaluation: instances=5, bins=2172, lower_bound=2009, mean_excess=0.0811, score=0.9250, time=0.10s
Evaluation: instances=5, bins=2094, lower_bound=2009, mean_excess=0.0423, score=0.9594, time=0.14s
Evaluation: instances=5, bins=2087, lower_bound=2009, mean_excess=0.0388, score=0.9626, time=0.15s
Evaluation: instances=5, bins=2087, lower_bound=2009, mean_excess=0.0388, score=0.9626, time=0.14s
Evaluation: instances=5, bins=2262, lower_bound=2009, mean_excess=0.1260, score=0.8881, time=0.17s
Evaluation: instances=5, bins=2092, lower_bound=2009, mean_excess=0.0413, score=0.9603, time=0.17s
Evaluation: instances=5, bins=2087, lower_bound=2009, mean_excess=0.0388, score=0.9626, time=0.15s
Evaluation: instances=5, bins=2090, lower_bound=2009, mean_excess=0.0403, score=0.9612, time=0.15s2026-07-28 11:55:23,470 - INFO - Evaluated program it000127 in 0.15s: combined_score=0.9612, mean_excess=0.0403, bins_used=2090.0000, lower_bound=2009.0000, num_instances=5.0000, eval_time=0.1501, validity=1.0000
2026-07-28 11:55:23,804 - INFO - HTTP Request: POST https://openrouter.ai/api/v1/chat/completions "HTTP/1.1 200 OK"
2026-07-28 11:55:46,358 - INFO - Evaluated program it000128 in 0.15s: combined_score=0.9585, mean_excess=0.0433, bins_used=2096.0000, lower_bound=2009.0000, num_instances=5.0000, eval_time=0.1481, validity=1.0000
2026-07-28 11:55:46,734 - INFO - HTTP Request: POST https://openrouter.ai/api/v1/chat/completions "HTTP/1.1 200 OK"
2026-07-28 11:56:13,536 - INFO - Evaluated program it000129 in 0.16s: combined_score=0.9626, mean_excess=0.0388, bins_used=2087.0000, lower_bound=2009.0000, num_instances=5.0000, eval_time=0.1545, validity=1.0000
/Users/archiebrown/noema-evolve/.venv/lib/python3.11/site-packages/sklearn/base.py:1403: ConvergenceWarning: Number of distinct clusters (1) found smaller than n_clusters (3). Possibly due to duplicate points in X.
  return fit_method(estimator, *args, **kwargs)
2026-07-28 11:56:15,710 - INFO - HTTP Request: POST https://openrouter.ai/api/v1/chat/completions "HTTP/1.1 200 OK"
2026-07-28 11:56:48,881 - INFO - HTTP Request: POST https://openrouter.ai/api/v1/chat/completions "HTTP/1.1 200 OK"
2026-07-28 11:57:17,063 - INFO - HTTP Request: POST https://openrouter.ai/api/v1/chat/completions "HTTP/1.1 200 OK"
2026-07-28 11:57:48,674 - INFO - HTTP Request: POST https://openrouter.ai/api/v1/chat/completions "HTTP/1.1 200 OK"
2026-07-28 12:00:12,192 - INFO - [PE] trigger #13 at iteration 129: 4 proposals from 1 clusters
2026-07-28 12:00:12,296 - INFO - Evaluated program it000129-pe000 in 0.10s: combined_score=0.0000, mean_excess=inf, bins_used=inf, lower_bound=0.0000, num_instances=0.0000, validity=0.0000, error=Program execution failed: all input arrays must have the same shape
2026-07-28 12:00:12,297 - WARNING - Iteration 129: coordination proposal it000129-pe000 (paradigm_shift) failed evaluation; dropped
2026-07-28 12:00:12,367 - INFO - Evaluated program it000129-pe001 in 0.07s: combined_score=0.0000, mean_excess=inf, bins_used=inf, lower_bound=0.0000, num_instances=0.0000, validity=0.0000, error=Program execution failed: all input arrays must have the same shape
2026-07-28 12:00:12,367 - WARNING - Iteration 129: coordination proposal it000129-pe001 (variant) failed evaluation; dropped
2026-07-28 12:00:12,436 - INFO - Evaluated program it000129-pe002 in 0.07s: combined_score=0.0000, mean_excess=inf, bins_used=inf, lower_bound=0.0000, num_instances=0.0000, validity=0.0000, error=Program execution failed: all input arrays must have the same shape
2026-07-28 12:00:12,436 - WARNING - Iteration 129: coordination proposal it000129-pe002 (variant) failed evaluation; dropped
2026-07-28 12:00:12,539 - INFO - Evaluated program it000129-pe003 in 0.10s: combined_score=0.9562, mean_excess=0.0458, bins_used=2101.0000, lower_bound=2009.0000, num_instances=5.0000, eval_time=0.1024, validity=1.0000
2026-07-28 12:00:12,568 - INFO - Saved checkpoint at iteration 129 to examples/bin_packing/runs/phase-c-p1-boltzmann/pe-tree-s42/checkpoints/checkpoint_129
2026-07-28 12:00:15,391 - INFO - HTTP Request: POST https://openrouter.ai/api/v1/chat/completions "HTTP/1.1 200 OK"
2026-07-28 12:00:36,814 - INFO - Evaluated program it000130 in 0.15s: combined_score=0.9490, mean_excess=0.0538, bins_used=2117.0000, lower_bound=2009.0000, num_instances=5.0000, eval_time=0.1504, validity=1.0000
2026-07-28 12:00:37,318 - INFO - HTTP Request: POST https://openrouter.ai/api/v1/chat/completions "HTTP/1.1 200 OK"
2026-07-28 12:01:22,115 - INFO - Evaluated program it000131 in 0.16s: combined_score=0.9617, mean_excess=0.0398, bins_used=2089.0000, lower_bound=2009.0000, num_instances=5.0000, eval_time=0.1565, validity=1.0000
2026-07-28 12:01:23,843 - INFO - HTTP Request: POST https://openrouter.ai/api/v1/chat/completions "HTTP/1.1 200 OK"
2026-07-28 12:01:34,186 - WARNING - Iteration 132: mutation touched F_imm outside the evolve block (attempt 1)
2026-07-28 12:01:34,754 - INFO - HTTP Request: POST https://openrouter.ai/api/v1/chat/completions "HTTP/1.1 200 OK"
2026-07-28 12:02:10,471 - INFO - Evaluated program it000133 in 0.16s: combined_score=0.9599, mean_excess=0.0418, bins_used=2093.0000, lower_bound=2009.0000, num_instances=5.0000, eval_time=0.1623, validity=1.0000
2026-07-28 12:02:11,998 - INFO - HTTP Request: POST https://openrouter.ai/api/v1/chat/completions "HTTP/1.1 200 OK"
2026-07-28 12:03:47,221 - INFO - Evaluated program it000134 in 0.17s: combined_score=0.9567, mean_excess=0.0453, bins_used=2100.0000, lower_bound=2009.0000, num_instances=5.0000, eval_time=0.1586, validity=1.0000
2026-07-28 12:03:47,256 - INFO - Saved checkpoint at iteration 134 to examples/bin_packing/runs/phase-c-p1-boltzmann/pe-tree-s42/checkpoints/checkpoint_134
2026-07-28 12:03:50,640 - INFO - HTTP Request: POST https://openrouter.ai/api/v1/chat/completions "HTTP/1.1 200 OK"
2026-07-28 12:04:01,935 - INFO - Evaluated program it000135 in 0.16s: combined_score=0.9631, mean_excess=0.0383, bins_used=2086.0000, lower_bound=2009.0000, num_instances=5.0000, eval_time=0.1589, validity=1.0000
2026-07-28 12:04:03,342 - INFO - HTTP Request: POST https://openrouter.ai/api/v1/chat/completions "HTTP/1.1 200 OK"
2026-07-28 12:04:23,146 - INFO - Evaluated program it000136 in 0.15s: combined_score=0.9631, mean_excess=0.0383, bins_used=2086.0000, lower_bound=2009.0000, num_instances=5.0000, eval_time=0.1490, validity=1.0000
2026-07-28 12:04:24,256 - INFO - HTTP Request: POST https://openrouter.ai/api/v1/chat/completions "HTTP/1.1 200 OK"
2026-07-28 12:04:44,365 - INFO - Evaluated program it000137 in 0.15s: combined_score=0.9631, mean_excess=0.0383, bins_used=2086.0000, lower_bound=2009.0000, num_instances=5.0000, eval_time=0.1510, validity=1.0000
2026-07-28 12:04:46,456 - INFO - HTTP Request: POST https://openrouter.ai/api/v1/chat/completions "HTTP/1.1 200 OK"
2026-07-28 12:07:14,468 - INFO - Evaluated program it000138 in 0.18s: combined_score=0.9631, mean_excess=0.0383, bins_used=2086.0000, lower_bound=2009.0000, num_instances=5.0000, eval_time=0.1790, validity=1.0000
2026-07-28 12:07:15,305 - INFO - HTTP Request: POST https://openrouter.ai/api/v1/chat/completions "HTTP/1.1 200 OK"
2026-07-28 12:07:35,028 - INFO - Evaluated program it000139 in 0.17s: combined_score=0.9590, mean_excess=0.0428, bins_used=2095.0000, lower_bound=2009.0000, num_instances=5.0000, eval_time=0.1628, validity=1.0000
/Users/archiebrown/noema-evolve/.venv/lib/python3.11/site-packages/sklearn/base.py:1403: ConvergenceWarning: Number of distinct clusters (1) found smaller than n_clusters (3). Possibly due to duplicate points in X.
  return fit_method(estimator, *args, **kwargs)
2026-07-28 12:07:36,432 - INFO - HTTP Request: POST https://openrouter.ai/api/v1/chat/completions "HTTP/1.1 200 OK"
2026-07-28 12:07:59,968 - INFO - HTTP Request: POST https://openrouter.ai/api/v1/chat/completions "HTTP/1.1 200 OK"
2026-07-28 12:08:18,550 - INFO - HTTP Request: POST https://openrouter.ai/api/v1/chat/completions "HTTP/1.1 200 OK"
2026-07-28 12:08:31,542 - INFO - HTTP Request: POST https://openrouter.ai/api/v1/chat/completions "HTTP/1.1 200 OK"
2026-07-28 12:08:40,602 - INFO - [PE] trigger #14 at iteration 139: 4 proposals from 1 clusters
2026-07-28 12:08:40,739 - INFO - Evaluated program it000139-pe000 in 0.14s: combined_score=0.9571, mean_excess=0.0448, bins_used=2099.0000, lower_bound=2009.0000, num_instances=5.0000, eval_time=0.1343, validity=1.0000
2026-07-28 12:08:40,866 - INFO - Evaluated program it000139-pe001 in 0.13s: combined_score=0.9599, mean_excess=0.0418, bins_used=2093.0000, lower_bound=2009.0000, num_instances=5.0000, eval_time=0.1254, validity=1.0000
2026-07-28 12:08:40,989 - INFO - Evaluated program it000139-pe002 in 0.12s: combined_score=0.8842, mean_excess=0.1310, bins_used=2272.0000, lower_bound=2009.0000, num_instances=5.0000, eval_time=0.1222, validity=1.0000
2026-07-28 12:08:41,103 - INFO - Evaluated program it000139-pe003 in 0.11s: combined_score=0.8819, mean_excess=0.1339, bins_used=2278.0000, lower_bound=2009.0000, num_instances=5.0000, eval_time=0.1122, validity=1.0000
2026-07-28 12:08:41,135 - INFO - Saved checkpoint at iteration 139 to examples/bin_packing/runs/phase-c-p1-boltzmann/pe-tree-s42/checkpoints/checkpoint_139
2026-07-28 12:08:43,630 - INFO - HTTP Request: POST https://openrouter.ai/api/v1/chat/completions "HTTP/1.1 200 OK"
2026-07-28 12:09:04,226 - INFO - Evaluated program it000140 in 0.13s: combined_score=0.9631, mean_excess=0.0383, bins_used=2086.0000, lower_bound=2009.0000, num_instances=5.0000, eval_time=0.1329, validity=1.0000
2026-07-28 12:09:05,766 - INFO - HTTP Request: POST https://openrouter.ai/api/v1/chat/completions "HTTP/1.1 200 OK"
2026-07-28 12:09:25,879 - INFO - Evaluated program it000141 in 0.17s: combined_score=0.9631, mean_excess=0.0383, bins_used=2086.0000, lower_bound=2009.0000, num_instances=5.0000, eval_time=0.1646, validity=1.0000
2026-07-28 12:09:26,254 - INFO - HTTP Request: POST https://openrouter.ai/api/v1/chat/completions "HTTP/1.1 200 OK"
2026-07-28 12:10:39,110 - INFO - Evaluated program it000142 in 0.17s: combined_score=0.9636, mean_excess=0.0378, bins_used=2085.0000, lower_bound=2009.0000, num_instances=5.0000, eval_time=0.1620, validity=1.0000
2026-07-28 12:10:39,541 - INFO - HTTP Request: POST https://openrouter.ai/api/v1/chat/completions "HTTP/1.1 200 OK"
2026-07-28 12:11:09,076 - INFO - Evaluated program it000143 in 0.15s: combined_score=0.9636, mean_excess=0.0378, bins_used=2085.0000, lower_bound=2009.0000, num_instances=5.0000, eval_time=0.1474, validity=1.0000
2026-07-28 12:11:11,073 - INFO - HTTP Request: POST https://openrouter.ai/api/v1/chat/completions "HTTP/1.1 200 OK"
2026-07-28 12:11:28,086 - INFO - Evaluated program it000144 in 0.16s: combined_score=0.9636, mean_excess=0.0378, bins_used=2085.0000, lower_bound=2009.0000, num_instances=5.0000, eval_time=0.1615, validity=1.0000
2026-07-28 12:11:28,119 - INFO - Saved checkpoint at iteration 144 to examples/bin_packing/runs/phase-c-p1-boltzmann/pe-tree-s42/checkpoints/checkpoint_144
2026-07-28 12:11:38,355 - INFO - HTTP Request: POST https://openrouter.ai/api/v1/chat/completions "HTTP/1.1 200 OK"
2026-07-28 12:14:25,921 - INFO - Evaluated program it000145 in 0.16s: combined_score=0.9636, mean_excess=0.0378, bins_used=2085.0000, lower_bound=2009.0000, num_instances=5.0000, eval_time=0.1600, validity=1.0000
2026-07-28 12:14:27,826 - INFO - HTTP Request: POST https://openrouter.ai/api/v1/chat/completions "HTTP/1.1 200 OK"
2026-07-28 12:14:40,585 - INFO - Evaluated program it000146 in 0.16s: combined_score=0.9636, mean_excess=0.0378, bins_used=2085.0000, lower_bound=2009.0000, num_instances=5.0000, eval_time=0.1533, validity=1.0000
2026-07-28 12:14:41,985 - INFO - HTTP Request: POST https://openrouter.ai/api/v1/chat/completions "HTTP/1.1 200 OK"
2026-07-28 12:15:08,612 - INFO - Evaluated program it000147 in 0.12s: combined_score=0.9576, mean_excess=0.0443, bins_used=2098.0000, lower_bound=2009.0000, num_instances=5.0000, eval_time=0.1216, validity=1.0000
2026-07-28 12:15:09,048 - INFO - HTTP Request: POST https://openrouter.ai/api/v1/chat/completions "HTTP/1.1 200 OK"
2026-07-28 12:15:28,904 - INFO - Evaluated program it000148 in 0.13s: combined_score=0.9636, mean_excess=0.0378, bins_used=2085.0000, lower_bound=2009.0000, num_instances=5.0000, eval_time=0.1323, validity=1.0000
2026-07-28 12:15:31,347 - INFO - HTTP Request: POST https://openrouter.ai/api/v1/chat/completions "HTTP/1.1 200 OK"
2026-07-28 12:15:46,810 - INFO - Evaluated program it000149 in 0.16s: combined_score=0.9636, mean_excess=0.0378, bins_used=2085.0000, lower_bound=2009.0000, num_instances=5.0000, eval_time=0.1542, validity=1.0000
/Users/archiebrown/noema-evolve/.venv/lib/python3.11/site-packages/sklearn/base.py:1403: ConvergenceWarning: Number of distinct clusters (1) found smaller than n_clusters (3). Possibly due to duplicate points in X.
  return fit_method(estimator, *args, **kwargs)
2026-07-28 12:15:50,475 - INFO - HTTP Request: POST https://openrouter.ai/api/v1/chat/completions "HTTP/1.1 200 OK"
2026-07-28 12:16:15,916 - INFO - HTTP Request: POST https://openrouter.ai/api/v1/chat/completions "HTTP/1.1 200 OK"
2026-07-28 12:16:28,211 - INFO - HTTP Request: POST https://openrouter.ai/api/v1/chat/completions "HTTP/1.1 200 OK"
2026-07-28 12:20:40,956 - INFO - HTTP Request: POST https://openrouter.ai/api/v1/chat/completions "HTTP/1.1 200 OK"
2026-07-28 12:20:52,121 - INFO - [PE] trigger #15 at iteration 149: 4 proposals from 1 clusters
2026-07-28 12:20:52,265 - INFO - Evaluated program it000149-pe000 in 0.14s: combined_score=0.0000, mean_excess=inf, bins_used=inf, lower_bound=0.0000, num_instances=0.0000, validity=0.0000, error=Program execution failed: setting an array element with a sequence. The requested array has an inhomogeneous shape after 1 dimensions. The detected shape was (2,) + inhomogeneous part.
2026-07-28 12:20:52,265 - WARNING - Iteration 149: coordination proposal it000149-pe000 (paradigm_shift) failed evaluation; dropped
2026-07-28 12:20:52,395 - INFO - Evaluated program it000149-pe001 in 0.13s: combined_score=0.9517, mean_excess=0.0508, bins_used=2111.0000, lower_bound=2009.0000, num_instances=5.0000, eval_time=0.1292, validity=1.0000
2026-07-28 12:20:52,908 - INFO - Evaluated program it000149-pe002 in 0.51s: combined_score=0.8921, mean_excess=0.1210, bins_used=2252.0000, lower_bound=2009.0000, num_instances=5.0000, eval_time=0.5114, validity=1.0000
2026-07-28 12:20:53,011 - INFO - Evaluated program it000149-pe003 in 0.10s: combined_score=0.9445, mean_excess=0.0587, bins_used=2127.0000, lower_bound=2009.0000, num_instances=5.0000, eval_time=0.1023, validity=1.0000
2026-07-28 12:20:53,045 - INFO - Saved checkpoint at iteration 149 to examples/bin_packing/runs/phase-c-p1-boltzmann/pe-tree-s42/checkpoints/checkpoint_149
2026-07-28 12:20:54,680 - INFO - HTTP Request: POST https://openrouter.ai/api/v1/chat/completions "HTTP/1.1 200 OK"
2026-07-28 12:21:11,546 - INFO - Evaluated program it000150 in 0.18s: combined_score=0.9640, mean_excess=0.0373, bins_used=2084.0000, lower_bound=2009.0000, num_instances=5.0000, eval_time=0.1727, validity=1.0000
2026-07-28 12:21:13,583 - INFO - HTTP Request: POST https://openrouter.ai/api/v1/chat/completions "HTTP/1.1 200 OK"
2026-07-28 12:21:26,086 - INFO - Evaluated program it000151 in 0.16s: combined_score=0.9645, mean_excess=0.0368, bins_used=2083.0000, lower_bound=2009.0000, num_instances=5.0000, eval_time=0.1594, validity=1.0000
2026-07-28 12:21:27,543 - INFO - HTTP Request: POST https://openrouter.ai/api/v1/chat/completions "HTTP/1.1 200 OK"
2026-07-28 12:23:33,642 - INFO - Evaluated program it000152 in 0.17s: combined_score=0.9645, mean_excess=0.0368, bins_used=2083.0000, lower_bound=2009.0000, num_instances=5.0000, eval_time=0.1707, validity=1.0000
2026-07-28 12:23:33,988 - INFO - HTTP Request: POST https://openrouter.ai/api/v1/chat/completions "HTTP/1.1 200 OK"
2026-07-28 12:23:54,550 - INFO - Evaluated program it000153 in 0.17s: combined_score=0.9636, mean_excess=0.0378, bins_used=2085.0000, lower_bound=2009.0000, num_instances=5.0000, eval_time=0.1694, validity=1.0000
2026-07-28 12:23:55,780 - INFO - HTTP Request: POST https://openrouter.ai/api/v1/chat/completions "HTTP/1.1 200 OK"
2026-07-28 12:24:11,921 - INFO - Evaluated program it000154 in 0.15s: combined_score=0.9645, mean_excess=0.0368, bins_used=2083.0000, lower_bound=2009.0000, num_instances=5.0000, eval_time=0.1526, validity=1.0000
2026-07-28 12:24:11,958 - INFO - Saved checkpoint at iteration 154 to examples/bin_packing/runs/phase-c-p1-boltzmann/pe-tree-s42/checkpoints/checkpoint_154
2026-07-28 12:24:12,305 - INFO - HTTP Request: POST https://openrouter.ai/api/v1/chat/completions "HTTP/1.1 200 OK"
2026-07-28 12:24:48,633 - INFO - Evaluated program it000155 in 0.16s: combined_score=0.9645, mean_excess=0.0368, bins_used=2083.0000, lower_bound=2009.0000, num_instances=5.0000, eval_time=0.1559, validity=1.0000
2026-07-28 12:24:50,397 - INFO - HTTP Request: POST https://openrouter.ai/api/v1/chat/completions "HTTP/1.1 200 OK"
2026-07-28 12:25:03,814 - INFO - Evaluated program it000156 in 0.16s: combined_score=0.9645, mean_excess=0.0368, bins_used=2083.0000, lower_bound=2009.0000, num_instances=5.0000, eval_time=0.1538, validity=1.0000
2026-07-28 12:25:04,210 - INFO - HTTP Request: POST https://openrouter.ai/api/v1/chat/completions "HTTP/1.1 200 OK"
2026-07-28 12:25:11,520 - INFO - Evaluated program it000157 in 0.16s: combined_score=0.9622, mean_excess=0.0393, bins_used=2088.0000, lower_bound=2009.0000, num_instances=5.0000, eval_time=0.1582, validity=1.0000
2026-07-28 12:25:12,768 - INFO - HTTP Request: POST https://openrouter.ai/api/v1/chat/completions "HTTP/1.1 200 OK"
2026-07-28 12:25:29,067 - INFO - Evaluated program it000158 in 0.17s: combined_score=0.9645, mean_excess=0.0368, bins_used=2083.0000, lower_bound=2009.0000, num_instances=5.0000, eval_time=0.1638, validity=1.0000
2026-07-28 12:25:31,687 - INFO - HTTP Request: POST https://openrouter.ai/api/v1/chat/completions "HTTP/1.1 200 OK"
2026-07-28 12:25:49,715 - INFO - Evaluated program it000159 in 0.14s: combined_score=0.9645, mean_excess=0.0368, bins_used=2083.0000, lower_bound=2009.0000, num_instances=5.0000, eval_time=0.1405, validity=1.0000
/Users/archiebrown/noema-evolve/.venv/lib/python3.11/site-packages/sklearn/base.py:1403: ConvergenceWarning: Number of distinct clusters (1) found smaller than n_clusters (3). Possibly due to duplicate points in X.
  return fit_method(estimator, *args, **kwargs)
2026-07-28 12:25:52,133 - INFO - HTTP Request: POST https://openrouter.ai/api/v1/chat/completions "HTTP/1.1 200 OK"
2026-07-28 12:26:28,907 - INFO - HTTP Request: POST https://openrouter.ai/api/v1/chat/completions "HTTP/1.1 200 OK"
2026-07-28 12:28:35,488 - WARNING - LLM call failed (attempt 1/4): Expecting value: line 611 column 1 (char 3355). Retrying...
2026-07-28 12:28:41,144 - INFO - HTTP Request: POST https://openrouter.ai/api/v1/chat/completions "HTTP/1.1 200 OK"
2026-07-28 12:29:08,530 - INFO - HTTP Request: POST https://openrouter.ai/api/v1/chat/completions "HTTP/1.1 200 OK"
2026-07-28 12:34:50,826 - INFO - HTTP Request: POST https://openrouter.ai/api/v1/chat/completions "HTTP/1.1 200 OK"
2026-07-28 12:35:05,020 - INFO - [PE] trigger #16 at iteration 159: 4 proposals from 1 clusters
2026-07-28 12:35:05,189 - INFO - Evaluated program it000159-pe000 in 0.17s: combined_score=0.9009, mean_excess=0.1100, bins_used=2230.0000, lower_bound=2009.0000, num_instances=5.0000, eval_time=0.1663, validity=1.0000
2026-07-28 12:35:05,300 - INFO - Evaluated program it000159-pe001 in 0.11s: combined_score=0.9450, mean_excess=0.0582, bins_used=2126.0000, lower_bound=2009.0000, num_instances=5.0000, eval_time=0.1103, validity=1.0000
2026-07-28 12:35:05,419 - INFO - Evaluated program it000159-pe002 in 0.12s: combined_score=0.8819, mean_excess=0.1339, bins_used=2278.0000, lower_bound=2009.0000, num_instances=5.0000, eval_time=0.1178, validity=1.0000
2026-07-28 12:35:05,530 - INFO - Evaluated program it000159-pe003 in 0.11s: combined_score=0.9562, mean_excess=0.0458, bins_used=2101.0000, lower_bound=2009.0000, num_instances=5.0000, eval_time=0.1101, validity=1.0000
2026-07-28 12:35:05,572 - INFO - Saved checkpoint at iteration 159 to examples/bin_packing/runs/phase-c-p1-boltzmann/pe-tree-s42/checkpoints/checkpoint_159
2026-07-28 12:35:06,535 - INFO - HTTP Request: POST https://openrouter.ai/api/v1/chat/completions "HTTP/1.1 200 OK"
2026-07-28 12:35:18,076 - INFO - Evaluated program it000160 in 0.17s: combined_score=0.9645, mean_excess=0.0368, bins_used=2083.0000, lower_bound=2009.0000, num_instances=5.0000, eval_time=0.1646, validity=1.0000
2026-07-28 12:35:24,305 - INFO - HTTP Request: POST https://openrouter.ai/api/v1/chat/completions "HTTP/1.1 200 OK"
2026-07-28 12:35:57,615 - INFO - Evaluated program it000161 in 0.18s: combined_score=0.9645, mean_excess=0.0368, bins_used=2083.0000, lower_bound=2009.0000, num_instances=5.0000, eval_time=0.1750, validity=1.0000
2026-07-28 12:35:58,191 - INFO - HTTP Request: POST https://openrouter.ai/api/v1/chat/completions "HTTP/1.1 200 OK"
2026-07-28 12:36:08,259 - WARNING - Iteration 162: mutation touched F_imm outside the evolve block (attempt 1)
2026-07-28 12:36:08,638 - INFO - HTTP Request: POST https://openrouter.ai/api/v1/chat/completions "HTTP/1.1 200 OK"
2026-07-28 12:36:31,814 - INFO - Evaluated program it000163 in 0.15s: combined_score=0.9645, mean_excess=0.0368, bins_used=2083.0000, lower_bound=2009.0000, num_instances=5.0000, eval_time=0.1516, validity=1.0000
2026-07-28 12:36:34,034 - INFO - HTTP Request: POST https://openrouter.ai/api/v1/chat/completions "HTTP/1.1 200 OK"
2026-07-28 12:37:06,185 - INFO - Evaluated program it000164 in 0.16s: combined_score=0.9645, mean_excess=0.0368, bins_used=2083.0000, lower_bound=2009.0000, num_instances=5.0000, eval_time=0.1578, validity=1.0000
2026-07-28 12:37:06,225 - INFO - Saved checkpoint at iteration 164 to examples/bin_packing/runs/phase-c-p1-boltzmann/pe-tree-s42/checkpoints/checkpoint_164
2026-07-28 12:37:07,518 - INFO - HTTP Request: POST https://openrouter.ai/api/v1/chat/completions "HTTP/1.1 200 OK"
2026-07-28 12:38:20,415 - INFO - Evaluated program it000165 in 0.13s: combined_score=0.9562, mean_excess=0.0458, bins_used=2101.0000, lower_bound=2009.0000, num_instances=5.0000, eval_time=0.1289, validity=1.0000
2026-07-28 12:38:22,541 - INFO - HTTP Request: POST https://openrouter.ai/api/v1/chat/completions "HTTP/1.1 200 OK"
2026-07-28 12:38:36,993 - INFO - Evaluated program it000166 in 0.17s: combined_score=0.9645, mean_excess=0.0368, bins_used=2083.0000, lower_bound=2009.0000, num_instances=5.0000, eval_time=0.1672, validity=1.0000
2026-07-28 12:38:39,398 - INFO - HTTP Request: POST https://openrouter.ai/api/v1/chat/completions "HTTP/1.1 200 OK"
2026-07-28 12:39:04,669 - INFO - Evaluated program it000167 in 0.15s: combined_score=0.9645, mean_excess=0.0368, bins_used=2083.0000, lower_bound=2009.0000, num_instances=5.0000, eval_time=0.1504, validity=1.0000
2026-07-28 12:39:06,919 - INFO - HTTP Request: POST https://openrouter.ai/api/v1/chat/completions "HTTP/1.1 200 OK"
2026-07-28 12:39:26,369 - INFO - Evaluated program it000168 in 0.18s: combined_score=0.9636, mean_excess=0.0378, bins_used=2085.0000, lower_bound=2009.0000, num_instances=5.0000, eval_time=0.1728, validity=1.0000
2026-07-28 12:39:27,612 - INFO - HTTP Request: POST https://openrouter.ai/api/v1/chat/completions "HTTP/1.1 200 OK"
2026-07-28 12:39:44,450 - INFO - Evaluated program it000169 in 0.18s: combined_score=0.9645, mean_excess=0.0368, bins_used=2083.0000, lower_bound=2009.0000, num_instances=5.0000, eval_time=0.1748, validity=1.0000
/Users/archiebrown/noema-evolve/.venv/lib/python3.11/site-packages/sklearn/base.py:1403: ConvergenceWarning: Number of distinct clusters (1) found smaller than n_clusters (3). Possibly due to duplicate points in X.
  return fit_method(estimator, *args, **kwargs)
2026-07-28 12:39:45,254 - INFO - HTTP Request: POST https://openrouter.ai/api/v1/chat/completions "HTTP/1.1 200 OK"
2026-07-28 12:40:19,209 - INFO - HTTP Request: POST https://openrouter.ai/api/v1/chat/completions "HTTP/1.1 200 OK"
2026-07-28 12:41:03,939 - INFO - HTTP Request: POST https://openrouter.ai/api/v1/chat/completions "HTTP/1.1 200 OK"
2026-07-28 12:41:33,946 - INFO - HTTP Request: POST https://openrouter.ai/api/v1/chat/completions "HTTP/1.1 200 OK"
2026-07-28 12:42:06,837 - INFO - [PE] trigger #17 at iteration 169: 4 proposals from 1 clusters
2026-07-28 12:42:07,009 - INFO - Evaluated program it000169-pe000 in 0.17s: combined_score=0.9562, mean_excess=0.0458, bins_used=2101.0000, lower_bound=2009.0000, num_instances=5.0000, eval_time=0.1686, validity=1.0000
2026-07-28 12:42:07,132 - INFO - Evaluated program it000169-pe001 in 0.12s: combined_score=0.8827, mean_excess=0.1329, bins_used=2276.0000, lower_bound=2009.0000, num_instances=5.0000, eval_time=0.1225, validity=1.0000
2026-07-28 12:42:07,247 - INFO - Evaluated program it000169-pe002 in 0.11s: combined_score=0.9454, mean_excess=0.0577, bins_used=2125.0000, lower_bound=2009.0000, num_instances=5.0000, eval_time=0.1136, validity=1.0000
2026-07-28 12:42:07,362 - INFO - Evaluated program it000169-pe003 in 0.11s: combined_score=0.9589, mean_excess=0.0428, bins_used=2095.0000, lower_bound=2009.0000, num_instances=5.0000, eval_time=0.1137, validity=1.0000
2026-07-28 12:42:07,400 - INFO - Saved checkpoint at iteration 169 to examples/bin_packing/runs/phase-c-p1-boltzmann/pe-tree-s42/checkpoints/checkpoint_169
2026-07-28 12:42:10,264 - INFO - HTTP Request: POST https://openrouter.ai/api/v1/chat/completions "HTTP/1.1 200 OK"
2026-07-28 12:42:25,222 - INFO - Evaluated program it000170 in 0.15s: combined_score=0.9622, mean_excess=0.0393, bins_used=2088.0000, lower_bound=2009.0000, num_instances=5.0000, eval_time=0.1498, validity=1.0000
2026-07-28 12:42:26,905 - INFO - HTTP Request: POST https://openrouter.ai/api/v1/chat/completions "HTTP/1.1 200 OK"
2026-07-28 12:42:51,587 - INFO - Evaluated program it000171 in 0.18s: combined_score=0.9645, mean_excess=0.0368, bins_used=2083.0000, lower_bound=2009.0000, num_instances=5.0000, eval_time=0.1797, validity=1.0000
2026-07-28 12:42:52,002 - INFO - HTTP Request: POST https://openrouter.ai/api/v1/chat/completions "HTTP/1.1 200 OK"
2026-07-28 12:43:12,313 - INFO - Evaluated program it000172 in 0.16s: combined_score=0.9645, mean_excess=0.0368, bins_used=2083.0000, lower_bound=2009.0000, num_instances=5.0000, eval_time=0.1625, validity=1.0000
2026-07-28 12:43:14,767 - INFO - HTTP Request: POST https://openrouter.ai/api/v1/chat/completions "HTTP/1.1 200 OK"
2026-07-28 12:44:01,603 - INFO - Evaluated program it000173 in 0.17s: combined_score=0.9640, mean_excess=0.0373, bins_used=2084.0000, lower_bound=2009.0000, num_instances=5.0000, eval_time=0.1725, validity=1.0000
2026-07-28 12:44:01,678 - INFO - Stopping at iteration 174: Total token budget exhausted (shared pool): spent 1002381 of cap 1000000. The next call was for account 'mutation' — that account is not itself capped; the shared pool is what ran out.
2026-07-28 12:44:01,722 - INFO - Saved checkpoint at iteration 173 to examples/bin_packing/runs/phase-c-p1-boltzmann/pe-tree-s42/checkpoints/checkpoint_173
2026-07-28 12:44:01,722 - INFO - Evolution tracing complete. Total traces: 162
2026-07-28 12:44:01,722 - INFO - Improvement rate: 69.75%
2026-07-28 12:44:01,722 - INFO - Best improvements: {'combined_score': 0.06889214410873146, 'mean_excess': 0.08665419002981463, 'bins_used': 174.0, 'lower_bound': 0.0, 'num_instances': 0, 'eval_time': 1.5649380683898926, 'validity': 0.0}
2026-07-28 12:44:01,722 - INFO - Worst declines: {'combined_score': -0.07404841979924226, 'mean_excess': -0.08015634230093532, 'bins_used': -161.0, 'lower_bound': 0.0, 'num_instances': 0, 'eval_time': -0.5740768909454346, 'validity': 0.0}

Evaluation: instances=5, bins=2096, lower_bound=2009, mean_excess=0.0433, score=0.9585, time=0.15s
Evaluation: instances=5, bins=2087, lower_bound=2009, mean_excess=0.0388, score=0.9626, time=0.15s
Evaluation error: Program execution failed: all input arrays must have the same shape
Evaluation error: Program execution failed: all input arrays must have the same shape
Evaluation error: Program execution failed: all input arrays must have the same shape
Evaluation: instances=5, bins=2101, lower_bound=2009, mean_excess=0.0458, score=0.9562, time=0.10s
Evaluation: instances=5, bins=2117, lower_bound=2009, mean_excess=0.0538, score=0.9490, time=0.15s
Evaluation: instances=5, bins=2089, lower_bound=2009, mean_excess=0.0398, score=0.9617, time=0.16s
Evaluation: instances=5, bins=2093, lower_bound=2009, mean_excess=0.0418, score=0.9599, time=0.16s
Evaluation: instances=5, bins=2100, lower_bound=2009, mean_excess=0.0453, score=0.9567, time=0.16s
Evaluation: instances=5, bins=2086, lower_bound=2009, mean_excess=0.0383, score=0.9631, time=0.16s
Evaluation: instances=5, bins=2086, lower_bound=2009, mean_excess=0.0383, score=0.9631, time=0.15s
Evaluation: instances=5, bins=2086, lower_bound=2009, mean_excess=0.0383, score=0.9631, time=0.15s
Evaluation: instances=5, bins=2086, lower_bound=2009, mean_excess=0.0383, score=0.9631, time=0.18s
Evaluation: instances=5, bins=2095, lower_bound=2009, mean_excess=0.0428, score=0.9590, time=0.16s
Evaluation: instances=5, bins=2099, lower_bound=2009, mean_excess=0.0448, score=0.9571, time=0.13s
Evaluation: instances=5, bins=2093, lower_bound=2009, mean_excess=0.0418, score=0.9599, time=0.13s
Evaluation: instances=5, bins=2272, lower_bound=2009, mean_excess=0.1310, score=0.8842, time=0.12s
Evaluation: instances=5, bins=2278, lower_bound=2009, mean_excess=0.1339, score=0.8819, time=0.11s
Evaluation: instances=5, bins=2086, lower_bound=2009, mean_excess=0.0383, score=0.9631, time=0.13s
Evaluation: instances=5, bins=2086, lower_bound=2009, mean_excess=0.0383, score=0.9631, time=0.16s
Evaluation: instances=5, bins=2085, lower_bound=2009, mean_excess=0.0378, score=0.9636, time=0.16s
Evaluation: instances=5, bins=2085, lower_bound=2009, mean_excess=0.0378, score=0.9636, time=0.15s
Evaluation: instances=5, bins=2085, lower_bound=2009, mean_excess=0.0378, score=0.9636, time=0.16s
Evaluation: instances=5, bins=2085, lower_bound=2009, mean_excess=0.0378, score=0.9636, time=0.16s
Evaluation: instances=5, bins=2085, lower_bound=2009, mean_excess=0.0378, score=0.9636, time=0.15s
Evaluation: instances=5, bins=2098, lower_bound=2009, mean_excess=0.0443, score=0.9576, time=0.12s
Evaluation: instances=5, bins=2085, lower_bound=2009, mean_excess=0.0378, score=0.9636, time=0.13s
Evaluation: instances=5, bins=2085, lower_bound=2009, mean_excess=0.0378, score=0.9636, time=0.15s
Evaluation error: Program execution failed: setting an array element with a sequence. The requested array has an inhomogeneous shape after 1 dimensions. The detected shape was (2,) + inhomogeneous part.
Evaluation: instances=5, bins=2111, lower_bound=2009, mean_excess=0.0508, score=0.9517, time=0.13s
Evaluation: instances=5, bins=2252, lower_bound=2009, mean_excess=0.1210, score=0.8921, time=0.51s
Evaluation: instances=5, bins=2127, lower_bound=2009, mean_excess=0.0587, score=0.9445, time=0.10s
Evaluation: instances=5, bins=2084, lower_bound=2009, mean_excess=0.0373, score=0.9640, time=0.17s
Evaluation: instances=5, bins=2083, lower_bound=2009, mean_excess=0.0368, score=0.9645, time=0.16s
Evaluation: instances=5, bins=2083, lower_bound=2009, mean_excess=0.0368, score=0.9645, time=0.17s
Evaluation: instances=5, bins=2085, lower_bound=2009, mean_excess=0.0378, score=0.9636, time=0.17s
Evaluation: instances=5, bins=2083, lower_bound=2009, mean_excess=0.0368, score=0.9645, time=0.15s
Evaluation: instances=5, bins=2083, lower_bound=2009, mean_excess=0.0368, score=0.9645, time=0.16s
Evaluation: instances=5, bins=2083, lower_bound=2009, mean_excess=0.0368, score=0.9645, time=0.15s
Evaluation: instances=5, bins=2088, lower_bound=2009, mean_excess=0.0393, score=0.9622, time=0.16s
Evaluation: instances=5, bins=2083, lower_bound=2009, mean_excess=0.0368, score=0.9645, time=0.16s
Evaluation: instances=5, bins=2083, lower_bound=2009, mean_excess=0.0368, score=0.9645, time=0.14s
Evaluation: instances=5, bins=2230, lower_bound=2009, mean_excess=0.1100, score=0.9009, time=0.17s
Evaluation: instances=5, bins=2126, lower_bound=2009, mean_excess=0.0582, score=0.9450, time=0.11s
Evaluation: instances=5, bins=2278, lower_bound=2009, mean_excess=0.1339, score=0.8819, time=0.12s
Evaluation: instances=5, bins=2101, lower_bound=2009, mean_excess=0.0458, score=0.9562, time=0.11s
Evaluation: instances=5, bins=2083, lower_bound=2009, mean_excess=0.0368, score=0.9645, time=0.16s
Evaluation: instances=5, bins=2083, lower_bound=2009, mean_excess=0.0368, score=0.9645, time=0.18s
Evaluation: instances=5, bins=2083, lower_bound=2009, mean_excess=0.0368, score=0.9645, time=0.15s
Evaluation: instances=5, bins=2083, lower_bound=2009, mean_excess=0.0368, score=0.9645, time=0.16s
Evaluation: instances=5, bins=2101, lower_bound=2009, mean_excess=0.0458, score=0.9562, time=0.13s
Evaluation: instances=5, bins=2083, lower_bound=2009, mean_excess=0.0368, score=0.9645, time=0.17s
Evaluation: instances=5, bins=2083, lower_bound=2009, mean_excess=0.0368, score=0.9645, time=0.15s
Evaluation: instances=5, bins=2085, lower_bound=2009, mean_excess=0.0378, score=0.9636, time=0.17s
Evaluation: instances=5, bins=2083, lower_bound=2009, mean_excess=0.0368, score=0.9645, time=0.17s
Evaluation: instances=5, bins=2101, lower_bound=2009, mean_excess=0.0458, score=0.9562, time=0.17s
Evaluation: instances=5, bins=2276, lower_bound=2009, mean_excess=0.1329, score=0.8827, time=0.12s
Evaluation: instances=5, bins=2125, lower_bound=2009, mean_excess=0.0577, score=0.9454, time=0.11s
Evaluation: instances=5, bins=2095, lower_bound=2009, mean_excess=0.0428, score=0.9589, time=0.11s
Evaluation: instances=5, bins=2088, lower_bound=2009, mean_excess=0.0393, score=0.9622, time=0.15s
Evaluation: instances=5, bins=2083, lower_bound=2009, mean_excess=0.0368, score=0.9645, time=0.18s
Evaluation: instances=5, bins=2083, lower_bound=2009, mean_excess=0.0368, score=0.9645, time=0.16s
Evaluation: instances=5, bins=2084, lower_bound=2009, mean_excess=0.0373, score=0.9640, time=0.17s
BEST: {'combined_score': 0.964492277188619, 'mean_excess': 0.036814937404042056, 'bins_used': 2083.0, 'lower_bound': 2009.0, 'num_instances': 5, 'eval_time': 0.162459135055542, 'validity': 1.0}
