{
  "id": "3c63510e-5468-4558-8974-e829abd9f45e",
  "generation": 1,
  "iteration": 1,
  "current_iteration": 20,
  "metrics": {
    "validity": 1.0,
    "sum_radii": 1.1912865859111823,
    "target_ratio": 0.4521011711237884,
    "combined_score": 0.4521011711237884
  },
  "language": "python",
  "timestamp": 1783521508.773775,
  "saved_at": 1783522356.3156362
}