{
  "id": "2350c509-73be-4438-b5e3-bcb1afccbc57",
  "generation": 3,
  "iteration": 135,
  "current_iteration": 150,
  "metrics": {
    "combined_score": -0.20066673246156522,
    "stable_frequency_hitrate": 0.6124791666666667,
    "churn_hitrate": 0.3072708333333333
  },
  "language": "python",
  "timestamp": 1782660864.9897869,
  "saved_at": 1782660920.8931723
}