{
  "id": "36836779-aaca-408f-ae8c-f6d344934198",
  "generation": 7,
  "iteration": 502,
  "timestamp": 1782662453.9928823,
  "parent_id": "506e47c7-733b-4d17-91d2-4ed35aa0f48a",
  "metrics": {
    "combined_score": -0.18946438692739595,
    "stable_frequency_hitrate": 0.6181041666666667,
    "churn_hitrate": 0.3052916666666667
  },
  "language": "python",
  "saved_at": 1782662668.886149
}