{
  "id": "2d0b0c0e-e971-4aae-9bc4-ac51ff2ff721",
  "generation": 2,
  "iteration": 13,
  "current_iteration": 20,
  "metrics": {
    "combined_score": -0.30224558259082834,
    "stable_frequency_hitrate": 0.5940208333333334,
    "churn_hitrate": 0.3112083333333333
  },
  "language": "python",
  "timestamp": 1782660093.5690124,
  "saved_at": 1782660132.0611217
}