{
  "id": "31756e57-8208-4a04-bff5-975771838357",
  "generation": 2,
  "iteration": 29,
  "current_iteration": 30,
  "metrics": {
    "combined_score": -0.28870099497511,
    "stable_frequency_hitrate": 0.596125,
    "churn_hitrate": 0.3112916666666667
  },
  "language": "python",
  "timestamp": 1782660174.2713215,
  "saved_at": 1782660186.7336757
}