{
  "id": "b95e568a-33c0-415d-bf03-8a68c141e547",
  "generation": 2,
  "iteration": 7,
  "current_iteration": 10,
  "metrics": {
    "combined_score": -0.31594212919104986,
    "stable_frequency_hitrate": 0.6192291666666666,
    "churn_hitrate": 0.2906666666666667
  },
  "language": "python",
  "timestamp": 1782660069.478848,
  "saved_at": 1782660083.740198
}