{
  "id": "b245c0ed-8311-4be2-a58d-fbcbbafc6868",
  "generation": 5,
  "iteration": 271,
  "current_iteration": 330,
  "metrics": {
    "combined_score": -0.1918291850827312,
    "stable_frequency_hitrate": 0.6167708333333334,
    "churn_hitrate": 0.3057708333333333
  },
  "language": "python",
  "timestamp": 1782661432.2872748,
  "saved_at": 1782661692.4660041
}