{
  "id": "5b7efed9-91e6-4e5e-a67c-3d08f10ce107",
  "generation": 1,
  "iteration": 17,
  "current_iteration": 27,
  "metrics": {
    "validity": 1.0,
    "sum_radii": 1.5597642169962067,
    "target_ratio": 0.5919408793154485,
    "combined_score": 0.5919408793154485,
    "eval_time": 0.06962203979492188
  },
  "language": "python",
  "timestamp": 1783534802.8926473,
  "saved_at": 1783535219.4175663
}