2026-07-28 10:22:38,842 - INFO - Froze run config to examples/bin_packing/runs/phase-c-p1-boltzmann/bandit-islands-s42/config.yaml (sha256=87750e6c87faa8d20773e6a50ef639dfe1ed6edd0492a5887d1517e9141f6695)
2026-07-28 10:22:38,998 - INFO - Evolution tracer initialized: examples/bin_packing/runs/phase-c-p1-boltzmann/bandit-islands-s42/evolution_trace.jsonl
2026-07-28 10:22:38,999 - INFO - Initialized program database with 0 programs
2026-07-28 10:22:39,004 - INFO - Successfully loaded evaluation function from /Users/archiebrown/noema-evolve/examples/bin_packing/evaluator.py
2026-07-28 10:22:39,007 - INFO - Initialized evaluator with /Users/archiebrown/noema-evolve/examples/bin_packing/evaluator.py
2026-07-28 10:22:39,009 - INFO - Initialized prompt sampler
2026-07-28 10:22:39,063 - INFO - Evaluating and adding initial program
2026-07-28 10:22:39,245 - INFO - Evaluated program initial in 0.18s: combined_score=0.9562, mean_excess=0.0458, bins_used=2101.0000, lower_bound=2009.0000, num_instances=5.0000, eval_time=0.1792, validity=1.0000
2026-07-28 10:22:39,245 - INFO - New MAP-Elites cell occupied in island 0: {'complexity': 5, 'diversity': 0}
2026-07-28 10:22:41,193 - INFO - HTTP Request: POST https://openrouter.ai/api/v1/chat/completions "HTTP/1.1 200 OK"
2026-07-28 10:24:06,480 - INFO - Evaluated program it000000 in 0.12s: combined_score=0.9562, mean_excess=0.0458, bins_used=2101.0000, lower_bound=2009.0000, num_instances=5.0000, eval_time=0.1216, validity=1.0000
2026-07-28 10:24:06,480 - INFO - New MAP-Elites cell occupied in island 0: {'complexity': 9, 'diversity': 5}
2026-07-28 10:24:07,861 - INFO - HTTP Request: POST https://openrouter.ai/api/v1/chat/completions "HTTP/1.1 200 OK"
2026-07-28 10:24:35,691 - INFO - Evaluated program it000001 in 0.12s: combined_score=0.8819, mean_excess=0.1339, bins_used=2278.0000, lower_bound=2009.0000, num_instances=5.0000, eval_time=0.1184, validity=1.0000
2026-07-28 10:24:35,692 - INFO - New MAP-Elites cell occupied in island 1: {'complexity': 3, 'diversity': 0}
2026-07-28 10:24:37,305 - INFO - HTTP Request: POST https://openrouter.ai/api/v1/chat/completions "HTTP/1.1 200 OK"
2026-07-28 10:25:10,037 - INFO - Evaluated program it000002 in 0.14s: combined_score=0.9000, mean_excess=0.1111, bins_used=2232.0000, lower_bound=2009.0000, num_instances=5.0000, eval_time=0.1386, validity=1.0000
2026-07-28 10:25:10,038 - INFO - New MAP-Elites cell occupied in island 2: {'complexity': 2, 'diversity': 0}
2026-07-28 10:25:10,429 - INFO - HTTP Request: POST https://openrouter.ai/api/v1/chat/completions "HTTP/1.1 200 OK"
2026-07-28 10:25:17,589 - INFO - Evaluated program it000003 in 0.13s: combined_score=0.9419, mean_excess=0.0617, bins_used=2133.0000, lower_bound=2009.0000, num_instances=5.0000, eval_time=0.1311, validity=1.0000
2026-07-28 10:25:17,590 - INFO - New MAP-Elites cell occupied in island 3: {'complexity': 9, 'diversity': 9}
2026-07-28 10:25:17,831 - INFO - HTTP Request: POST https://openrouter.ai/api/v1/chat/completions "HTTP/1.1 200 OK"
2026-07-28 10:25:27,540 - INFO - Evaluated program it000004 in 0.11s: combined_score=0.9562, mean_excess=0.0458, bins_used=2101.0000, lower_bound=2009.0000, num_instances=5.0000, eval_time=0.1109, validity=1.0000
2026-07-28 10:25:27,541 - INFO - New MAP-Elites cell occupied in island 0: {'complexity': 3, 'diversity': 1}
2026-07-28 10:25:27,545 - INFO - Saved database with 6 programs to examples/bin_packing/runs/phase-c-p1-boltzmann/bandit-islands-s42/checkpoints/checkpoint_4
2026-07-28 10:25:27,547 - INFO - Saved checkpoint at iteration 4 to examples/bin_packing/runs/phase-c-p1-boltzmann/bandit-islands-s42/checkpoints/checkpoint_4
2026-07-28 10:25:27,810 - INFO - HTTP Request: POST https://openrouter.ai/api/v1/chat/completions "HTTP/1.1 200 OK"
2026-07-28 10:25:31,355 - INFO - Evaluated program it000005 in 0.13s: combined_score=0.8819, mean_excess=0.1339, bins_used=2278.0000, lower_bound=2009.0000, num_instances=5.0000, eval_time=0.1256, validity=1.0000
2026-07-28 10:25:31,356 - INFO - New MAP-Elites cell occupied in island 1: {'complexity': 4, 'diversity': 1}
2026-07-28 10:25:32,378 - INFO - HTTP Request: POST https://openrouter.ai/api/v1/chat/completions "HTTP/1.1 200 OK"
2026-07-28 10:26:01,642 - INFO - Evaluated program it000006 in 0.12s: combined_score=0.9033, mean_excess=0.1071, bins_used=2224.0000, lower_bound=2009.0000, num_instances=5.0000, eval_time=0.1152, validity=1.0000
2026-07-28 10:26:01,643 - INFO - New MAP-Elites cell occupied in island 2: {'complexity': 3, 'diversity': 0}
2026-07-28 10:26:03,567 - INFO - HTTP Request: POST https://openrouter.ai/api/v1/chat/completions "HTTP/1.1 200 OK"
2026-07-28 10:26:46,663 - INFO - Evaluated program it000007 in 0.13s: combined_score=0.8819, mean_excess=0.1339, bins_used=2278.0000, lower_bound=2009.0000, num_instances=5.0000, eval_time=0.1290, validity=1.0000
2026-07-28 10:26:46,665 - INFO - New MAP-Elites cell occupied in island 3: {'complexity': 6, 'diversity': 2}
2026-07-28 10:26:47,036 - INFO - HTTP Request: POST https://openrouter.ai/api/v1/chat/completions "HTTP/1.1 200 OK"
2026-07-28 10:27:08,126 - INFO - Evaluated program it000008 in 0.12s: combined_score=0.8823, mean_excess=0.1335, bins_used=2277.0000, lower_bound=2009.0000, num_instances=5.0000, eval_time=0.1157, validity=1.0000
2026-07-28 10:27:08,127 - INFO - New MAP-Elites cell occupied in island 0: {'complexity': 2, 'diversity': 0}
2026-07-28 10:27:09,168 - INFO - HTTP Request: POST https://openrouter.ai/api/v1/chat/completions "HTTP/1.1 200 OK"
2026-07-28 10:27:19,130 - INFO - Evaluated program it000009 in 0.13s: combined_score=0.9562, mean_excess=0.0458, bins_used=2101.0000, lower_bound=2009.0000, num_instances=5.0000, eval_time=0.1257, validity=1.0000
2026-07-28 10:27:19,131 - INFO - New MAP-Elites cell occupied in island 1: {'complexity': 0, 'diversity': 2}
2026-07-28 10:27:19,137 - INFO - Saved database with 11 programs to examples/bin_packing/runs/phase-c-p1-boltzmann/bandit-islands-s42/checkpoints/checkpoint_9
2026-07-28 10:27:19,138 - INFO - Saved checkpoint at iteration 9 to examples/bin_packing/runs/phase-c-p1-boltzmann/bandit-islands-s42/checkpoints/checkpoint_9
2026-07-28 10:27:22,102 - INFO - HTTP Request: POST https://openrouter.ai/api/v1/chat/completions "HTTP/1.1 200 OK"
2026-07-28 10:28:08,931 - INFO - Evaluated program it000010 in 0.14s: combined_score=0.8819, mean_excess=0.1339, bins_used=2278.0000, lower_bound=2009.0000, num_instances=5.0000, eval_time=0.1312, validity=1.0000
2026-07-28 10:28:09,913 - INFO - HTTP Request: POST https://openrouter.ai/api/v1/chat/completions "HTTP/1.1 200 OK"
2026-07-28 10:28:15,935 - INFO - Evaluated program it000011 in 0.14s: combined_score=0.9388, mean_excess=0.0652, bins_used=2140.0000, lower_bound=2009.0000, num_instances=5.0000, eval_time=0.1412, validity=1.0000
2026-07-28 10:28:15,937 - INFO - New MAP-Elites cell occupied in island 3: {'complexity': 8, 'diversity': 4}
2026-07-28 10:28:16,224 - INFO - HTTP Request: POST https://openrouter.ai/api/v1/chat/completions "HTTP/1.1 200 OK"
2026-07-28 10:28:21,418 - INFO - Evaluated program it000012 in 0.11s: combined_score=0.9562, mean_excess=0.0458, bins_used=2101.0000, lower_bound=2009.0000, num_instances=5.0000, eval_time=0.1124, validity=1.0000
2026-07-28 10:28:21,419 - INFO - New MAP-Elites cell occupied in island 0: {'complexity': 4, 'diversity': 0}
2026-07-28 10:28:21,676 - INFO - HTTP Request: POST https://openrouter.ai/api/v1/chat/completions "HTTP/1.1 200 OK"
2026-07-28 10:28:25,665 - INFO - Evaluated program it000013 in 0.13s: combined_score=0.8933, mean_excess=0.1195, bins_used=2249.0000, lower_bound=2009.0000, num_instances=5.0000, eval_time=0.1247, validity=1.0000
2026-07-28 10:28:25,666 - INFO - New MAP-Elites cell occupied in island 1: {'complexity': 2, 'diversity': 0}
2026-07-28 10:28:26,742 - INFO - HTTP Request: POST https://openrouter.ai/api/v1/chat/completions "HTTP/1.1 200 OK"
2026-07-28 10:28:36,223 - INFO - Evaluated program it000014 in 0.14s: combined_score=0.9033, mean_excess=0.1071, bins_used=2224.0000, lower_bound=2009.0000, num_instances=5.0000, eval_time=0.1414, validity=1.0000
2026-07-28 10:28:36,230 - INFO - Saved database with 16 programs to examples/bin_packing/runs/phase-c-p1-boltzmann/bandit-islands-s42/checkpoints/checkpoint_14
2026-07-28 10:28:36,232 - INFO - Saved checkpoint at iteration 14 to examples/bin_packing/runs/phase-c-p1-boltzmann/bandit-islands-s42/checkpoints/checkpoint_14
2026-07-28 10:28:37,364 - INFO - HTTP Request: POST https://openrouter.ai/api/v1/chat/completions "HTTP/1.1 200 OK"
2026-07-28 10:28:47,816 - INFO - Evaluated program it000015 in 0.13s: combined_score=0.9419, mean_excess=0.0617, bins_used=2133.0000, lower_bound=2009.0000, num_instances=5.0000, eval_time=0.1265, validity=1.0000
2026-07-28 10:28:48,085 - INFO - HTTP Request: POST https://openrouter.ai/api/v1/chat/completions "HTTP/1.1 200 OK"
2026-07-28 10:29:03,521 - INFO - Evaluated program it000016 in 0.34s: combined_score=0.8877, mean_excess=0.1264, bins_used=2263.0000, lower_bound=2009.0000, num_instances=5.0000, eval_time=0.3372, validity=1.0000
2026-07-28 10:29:03,523 - INFO - New MAP-Elites cell occupied in island 0: {'complexity': 9, 'diversity': 9}
2026-07-28 10:29:05,901 - INFO - HTTP Request: POST https://openrouter.ai/api/v1/chat/completions "HTTP/1.1 200 OK"
2026-07-28 10:29:31,659 - INFO - Evaluated program it000017 in 0.14s: combined_score=0.9103, mean_excess=0.0986, bins_used=2207.0000, lower_bound=2009.0000, num_instances=5.0000, eval_time=0.1346, validity=1.0000
2026-07-28 10:29:31,660 - INFO - New MAP-Elites cell occupied in island 1: {'complexity': 0, 'diversity': 1}
2026-07-28 10:29:37,052 - INFO - HTTP Request: POST https://openrouter.ai/api/v1/chat/completions "HTTP/1.1 200 OK"
2026-07-28 10:29:54,916 - INFO - Evaluated program it000018 in 0.14s: combined_score=0.8826, mean_excess=0.1330, bins_used=2276.0000, lower_bound=2009.0000, num_instances=5.0000, eval_time=0.1339, validity=1.0000
2026-07-28 10:29:56,619 - INFO - HTTP Request: POST https://openrouter.ai/api/v1/chat/completions "HTTP/1.1 200 OK"
2026-07-28 10:30:12,202 - INFO - Evaluated program it000019 in 0.14s: combined_score=0.9388, mean_excess=0.0652, bins_used=2140.0000, lower_bound=2009.0000, num_instances=5.0000, eval_time=0.1355, validity=1.0000
2026-07-28 10:30:12,202 - INFO - New MAP-Elites cell occupied in island 3: {'complexity': 6, 'diversity': 3}
2026-07-28 10:30:12,212 - INFO - Saved database with 21 programs to examples/bin_packing/runs/phase-c-p1-boltzmann/bandit-islands-s42/checkpoints/checkpoint_19
2026-07-28 10:30:12,213 - INFO - Saved checkpoint at iteration 19 to examples/bin_packing/runs/phase-c-p1-boltzmann/bandit-islands-s42/checkpoints/checkpoint_19
2026-07-28 10:30:12,455 - INFO - HTTP Request: POST https://openrouter.ai/api/v1/chat/completions "HTTP/1.1 200 OK"
2026-07-28 10:30:15,538 - INFO - Evaluated program it000020 in 0.28s: combined_score=0.9562, mean_excess=0.0458, bins_used=2101.0000, lower_bound=2009.0000, num_instances=5.0000, eval_time=0.2692, validity=1.0000
2026-07-28 10:30:15,554 - INFO - Island 0 MAP-Elites cell improved: {'complexity': 2, 'diversity': 0} (fitness: 0.882 -> 0.956)
2026-07-28 10:30:17,169 - INFO - HTTP Request: POST https://openrouter.ai/api/v1/chat/completions "HTTP/1.1 200 OK"
2026-07-28 10:30:38,261 - INFO - Evaluated program it000021 in 0.15s: combined_score=0.8819, mean_excess=0.1339, bins_used=2278.0000, lower_bound=2009.0000, num_instances=5.0000, eval_time=0.1448, validity=1.0000
2026-07-28 10:30:38,263 - INFO - New MAP-Elites cell occupied in island 1: {'complexity': 1, 'diversity': 2}
2026-07-28 10:30:43,872 - INFO - HTTP Request: POST https://openrouter.ai/api/v1/chat/completions "HTTP/1.1 200 OK"
2026-07-28 10:31:09,188 - INFO - Evaluated program it000022 in 0.14s: combined_score=0.9033, mean_excess=0.1071, bins_used=2224.0000, lower_bound=2009.0000, num_instances=5.0000, eval_time=0.1380, validity=1.0000
2026-07-28 10:31:09,190 - INFO - Island 2 MAP-Elites cell improved: {'complexity': 2, 'diversity': 0} (fitness: 0.900 -> 0.903)
2026-07-28 10:31:10,273 - INFO - HTTP Request: POST https://openrouter.ai/api/v1/chat/completions "HTTP/1.1 200 OK"
2026-07-28 10:31:26,077 - INFO - Evaluated program it000023 in 0.15s: combined_score=0.9174, mean_excess=0.0901, bins_used=2190.0000, lower_bound=2009.0000, num_instances=5.0000, eval_time=0.1500, validity=1.0000
2026-07-28 10:31:26,079 - INFO - New MAP-Elites cell occupied in island 3: {'complexity': 4, 'diversity': 1}
2026-07-28 10:31:31,659 - INFO - HTTP Request: POST https://openrouter.ai/api/v1/chat/completions "HTTP/1.1 200 OK"
2026-07-28 10:31:48,171 - INFO - Evaluated program it000024 in 0.13s: combined_score=0.9562, mean_excess=0.0458, bins_used=2101.0000, lower_bound=2009.0000, num_instances=5.0000, eval_time=0.1267, validity=1.0000
2026-07-28 10:31:48,173 - INFO - New MAP-Elites cell occupied in island 0: {'complexity': 4, 'diversity': 1}
2026-07-28 10:31:48,183 - INFO - Saved database with 26 programs to examples/bin_packing/runs/phase-c-p1-boltzmann/bandit-islands-s42/checkpoints/checkpoint_24
2026-07-28 10:31:48,186 - INFO - Saved checkpoint at iteration 24 to examples/bin_packing/runs/phase-c-p1-boltzmann/bandit-islands-s42/checkpoints/checkpoint_24
2026-07-28 10:31:49,221 - INFO - HTTP Request: POST https://openrouter.ai/api/v1/chat/completions "HTTP/1.1 200 OK"
2026-07-28 10:33:34,591 - INFO - Evaluated program it000025 in 0.25s: combined_score=0.9562, mean_excess=0.0458, bins_used=2101.0000, lower_bound=2009.0000, num_instances=5.0000, eval_time=0.2518, validity=1.0000
2026-07-28 10:33:34,593 - INFO - New MAP-Elites cell occupied in island 1: {'complexity': 4, 'diversity': 2}
2026-07-28 10:33:44,773 - INFO - HTTP Request: POST https://openrouter.ai/api/v1/chat/completions "HTTP/1.1 200 OK"
2026-07-28 10:34:00,673 - INFO - Evaluated program it000026 in 0.13s: combined_score=0.9177, mean_excess=0.0896, bins_used=2189.0000, lower_bound=2009.0000, num_instances=5.0000, eval_time=0.1314, validity=1.0000
2026-07-28 10:34:00,675 - INFO - Island 2 MAP-Elites cell improved: {'complexity': 2, 'diversity': 0} (fitness: 0.903 -> 0.918)
2026-07-28 10:34:03,428 - INFO - HTTP Request: POST https://openrouter.ai/api/v1/chat/completions "HTTP/1.1 200 OK"
2026-07-28 10:35:13,436 - INFO - Evaluated program it000027 in 0.15s: combined_score=0.9562, mean_excess=0.0458, bins_used=2101.0000, lower_bound=2009.0000, num_instances=5.0000, eval_time=0.1449, validity=1.0000
2026-07-28 10:35:13,438 - INFO - Island 3 MAP-Elites cell improved: {'complexity': 9, 'diversity': 9} (fitness: 0.942 -> 0.956)
2026-07-28 10:35:14,235 - INFO - HTTP Request: POST https://openrouter.ai/api/v1/chat/completions "HTTP/1.1 200 OK"
2026-07-28 10:35:19,904 - INFO - Evaluated program it000028 in 0.13s: combined_score=0.9562, mean_excess=0.0458, bins_used=2101.0000, lower_bound=2009.0000, num_instances=5.0000, eval_time=0.1294, validity=1.0000
2026-07-28 10:35:19,906 - INFO - New MAP-Elites cell occupied in island 0: {'complexity': 0, 'diversity': 0}
2026-07-28 10:35:20,227 - INFO - HTTP Request: POST https://openrouter.ai/api/v1/chat/completions "HTTP/1.1 200 OK"
2026-07-28 10:35:50,048 - INFO - Evaluated program it000029 in 0.14s: combined_score=0.9562, mean_excess=0.0458, bins_used=2101.0000, lower_bound=2009.0000, num_instances=5.0000, eval_time=0.1407, validity=1.0000
2026-07-28 10:35:50,050 - INFO - New MAP-Elites cell occupied in island 1: {'complexity': 3, 'diversity': 1}
2026-07-28 10:35:50,063 - INFO - Saved database with 31 programs to examples/bin_packing/runs/phase-c-p1-boltzmann/bandit-islands-s42/checkpoints/checkpoint_29
2026-07-28 10:35:50,066 - INFO - Saved checkpoint at iteration 29 to examples/bin_packing/runs/phase-c-p1-boltzmann/bandit-islands-s42/checkpoints/checkpoint_29
2026-07-28 10:35:50,383 - INFO - HTTP Request: POST https://openrouter.ai/api/v1/chat/completions "HTTP/1.1 200 OK"
2026-07-28 10:36:36,951 - INFO - Evaluated program it000030 in 0.13s: combined_score=0.9436, mean_excess=0.0597, bins_used=2129.0000, lower_bound=2009.0000, num_instances=5.0000, eval_time=0.1321, validity=1.0000
2026-07-28 10:36:36,952 - INFO - New MAP-Elites cell occupied in island 2: {'complexity': 8, 'diversity': 7}
2026-07-28 10:36:40,560 - INFO - HTTP Request: POST https://openrouter.ai/api/v1/chat/completions "HTTP/1.1 200 OK"
2026-07-28 10:37:04,983 - INFO - Evaluated program it000031 in 0.14s: combined_score=0.9182, mean_excess=0.0891, bins_used=2188.0000, lower_bound=2009.0000, num_instances=5.0000, eval_time=0.1344, validity=1.0000
2026-07-28 10:37:04,985 - INFO - New MAP-Elites cell occupied in island 3: {'complexity': 7, 'diversity': 3}
2026-07-28 10:37:06,023 - INFO - HTTP Request: POST https://openrouter.ai/api/v1/chat/completions "HTTP/1.1 200 OK"
2026-07-28 10:37:16,679 - INFO - Evaluated program it000032 in 0.15s: combined_score=0.9562, mean_excess=0.0458, bins_used=2101.0000, lower_bound=2009.0000, num_instances=5.0000, eval_time=0.1480, validity=1.0000
2026-07-28 10:37:17,391 - INFO - HTTP Request: POST https://openrouter.ai/api/v1/chat/completions "HTTP/1.1 200 OK"
2026-07-28 10:37:33,891 - INFO - Evaluated program it000033 in 0.15s: combined_score=0.8866, mean_excess=0.1280, bins_used=2266.0000, lower_bound=2009.0000, num_instances=5.0000, eval_time=0.1432, validity=1.0000
2026-07-28 10:37:34,327 - INFO - HTTP Request: POST https://openrouter.ai/api/v1/chat/completions "HTTP/1.1 200 OK"
2026-07-28 10:37:41,800 - INFO - Evaluated program it000034 in 0.14s: combined_score=0.9432, mean_excess=0.0602, bins_used=2130.0000, lower_bound=2009.0000, num_instances=5.0000, eval_time=0.1430, validity=1.0000
2026-07-28 10:37:41,802 - INFO - New MAP-Elites cell occupied in island 2: {'complexity': 8, 'diversity': 8}
2026-07-28 10:37:41,812 - INFO - Saved database with 36 programs to examples/bin_packing/runs/phase-c-p1-boltzmann/bandit-islands-s42/checkpoints/checkpoint_34
2026-07-28 10:37:41,814 - INFO - Saved checkpoint at iteration 34 to examples/bin_packing/runs/phase-c-p1-boltzmann/bandit-islands-s42/checkpoints/checkpoint_34
2026-07-28 10:37:50,434 - INFO - HTTP Request: POST https://openrouter.ai/api/v1/chat/completions "HTTP/1.1 200 OK"
2026-07-28 10:40:30,277 - INFO - Evaluated program it000035 in 0.18s: combined_score=0.9562, mean_excess=0.0458, bins_used=2101.0000, lower_bound=2009.0000, num_instances=5.0000, eval_time=0.1762, validity=1.0000
2026-07-28 10:40:30,279 - INFO - New MAP-Elites cell occupied in island 3: {'complexity': 4, 'diversity': 2}
2026-07-28 10:40:31,082 - INFO - HTTP Request: POST https://openrouter.ai/api/v1/chat/completions "HTTP/1.1 200 OK"
2026-07-28 10:41:23,415 - INFO - Evaluated program it000036 in 0.13s: combined_score=0.9305, mean_excess=0.0747, bins_used=2159.0000, lower_bound=2009.0000, num_instances=5.0000, eval_time=0.1246, validity=1.0000
2026-07-28 10:41:23,417 - INFO - New MAP-Elites cell occupied in island 0: {'complexity': 4, 'diversity': 2}
2026-07-28 10:41:24,422 - INFO - HTTP Request: POST https://openrouter.ai/api/v1/chat/completions "HTTP/1.1 200 OK"
2026-07-28 10:41:43,829 - INFO - Evaluated program it000037 in 0.14s: combined_score=0.8933, mean_excess=0.1195, bins_used=2249.0000, lower_bound=2009.0000, num_instances=5.0000, eval_time=0.1415, validity=1.0000
2026-07-28 10:41:43,831 - INFO - New MAP-Elites cell occupied in island 1: {'complexity': 1, 'diversity': 0}
2026-07-28 10:41:44,639 - INFO - HTTP Request: POST https://openrouter.ai/api/v1/chat/completions "HTTP/1.1 200 OK"
2026-07-28 10:42:11,254 - INFO - Evaluated program it000038 in 0.11s: combined_score=0.9562, mean_excess=0.0458, bins_used=2101.0000, lower_bound=2009.0000, num_instances=5.0000, eval_time=0.1056, validity=1.0000
2026-07-28 10:42:11,256 - INFO - New MAP-Elites cell occupied in island 2: {'complexity': 2, 'diversity': 1}
2026-07-28 10:42:12,238 - INFO - HTTP Request: POST https://openrouter.ai/api/v1/chat/completions "HTTP/1.1 200 OK"
2026-07-28 10:42:33,135 - INFO - Evaluated program it000039 in 0.12s: combined_score=0.9468, mean_excess=0.0562, bins_used=2122.0000, lower_bound=2009.0000, num_instances=5.0000, eval_time=0.1201, validity=1.0000
2026-07-28 10:42:33,137 - INFO - New MAP-Elites cell occupied in island 3: {'complexity': 5, 'diversity': 5}
2026-07-28 10:42:33,150 - INFO - Saved database with 41 programs to examples/bin_packing/runs/phase-c-p1-boltzmann/bandit-islands-s42/checkpoints/checkpoint_39
2026-07-28 10:42:33,152 - INFO - Saved checkpoint at iteration 39 to examples/bin_packing/runs/phase-c-p1-boltzmann/bandit-islands-s42/checkpoints/checkpoint_39
2026-07-28 10:42:33,412 - INFO - HTTP Request: POST https://openrouter.ai/api/v1/chat/completions "HTTP/1.1 200 OK"
2026-07-28 10:42:48,556 - INFO - Evaluated program it000040 in 0.13s: combined_score=0.9472, mean_excess=0.0558, bins_used=2121.0000, lower_bound=2009.0000, num_instances=5.0000, eval_time=0.1316, validity=1.0000
2026-07-28 10:42:48,558 - INFO - New MAP-Elites cell occupied in island 0: {'complexity': 1, 'diversity': 0}
2026-07-28 10:42:48,558 - INFO - Island 0 MAP-Elites coverage reached 10.0% (10/100 cells)
2026-07-28 10:42:48,886 - INFO - HTTP Request: POST https://openrouter.ai/api/v1/chat/completions "HTTP/1.1 200 OK"
2026-07-28 10:43:05,504 - INFO - Evaluated program it000041 in 0.13s: combined_score=0.9544, mean_excess=0.0478, bins_used=2105.0000, lower_bound=2009.0000, num_instances=5.0000, eval_time=0.1271, validity=1.0000
2026-07-28 10:43:05,506 - INFO - Island 1 MAP-Elites cell improved: {'complexity': 4, 'diversity': 1} (fitness: 0.882 -> 0.954)
2026-07-28 10:43:07,501 - INFO - HTTP Request: POST https://openrouter.ai/api/v1/chat/completions "HTTP/1.1 200 OK"
2026-07-28 10:43:13,140 - INFO - Evaluated program it000042 in 0.14s: combined_score=0.9562, mean_excess=0.0458, bins_used=2101.0000, lower_bound=2009.0000, num_instances=5.0000, eval_time=0.1382, validity=1.0000
2026-07-28 10:43:13,487 - INFO - HTTP Request: POST https://openrouter.ai/api/v1/chat/completions "HTTP/1.1 200 OK"
2026-07-28 10:43:33,225 - INFO - Evaluated program it000043 in 0.12s: combined_score=0.9562, mean_excess=0.0458, bins_used=2101.0000, lower_bound=2009.0000, num_instances=5.0000, eval_time=0.1169, validity=1.0000
2026-07-28 10:43:33,227 - INFO - New MAP-Elites cell occupied in island 3: {'complexity': 7, 'diversity': 5}
2026-07-28 10:43:33,520 - INFO - HTTP Request: POST https://openrouter.ai/api/v1/chat/completions "HTTP/1.1 200 OK"
2026-07-28 10:43:37,496 - INFO - Evaluated program it000044 in 0.14s: combined_score=0.9562, mean_excess=0.0458, bins_used=2101.0000, lower_bound=2009.0000, num_instances=5.0000, eval_time=0.1334, validity=1.0000
2026-07-28 10:43:37,499 - INFO - Island 0 MAP-Elites cell improved: {'complexity': 1, 'diversity': 0} (fitness: 0.947 -> 0.956)
2026-07-28 10:43:37,522 - INFO - Saved database with 46 programs to examples/bin_packing/runs/phase-c-p1-boltzmann/bandit-islands-s42/checkpoints/checkpoint_44
2026-07-28 10:43:37,524 - INFO - Saved checkpoint at iteration 44 to examples/bin_packing/runs/phase-c-p1-boltzmann/bandit-islands-s42/checkpoints/checkpoint_44
2026-07-28 10:43:44,457 - INFO - HTTP Request: POST https://openrouter.ai/api/v1/chat/completions "HTTP/1.1 200 OK"
2026-07-28 10:45:16,806 - INFO - Evaluated program it000045 in 0.14s: combined_score=0.8819, mean_excess=0.1339, bins_used=2278.0000, lower_bound=2009.0000, num_instances=5.0000, eval_time=0.1371, validity=1.0000
2026-07-28 10:45:18,000 - INFO - HTTP Request: POST https://openrouter.ai/api/v1/chat/completions "HTTP/1.1 200 OK"
2026-07-28 10:46:37,715 - INFO - Evaluated program it000046 in 0.15s: combined_score=0.9562, mean_excess=0.0458, bins_used=2101.0000, lower_bound=2009.0000, num_instances=5.0000, eval_time=0.1457, validity=1.0000
2026-07-28 10:46:37,717 - INFO - New MAP-Elites cell occupied in island 2: {'complexity': 1, 'diversity': 0}
2026-07-28 10:46:38,613 - INFO - HTTP Request: POST https://openrouter.ai/api/v1/chat/completions "HTTP/1.1 200 OK"
2026-07-28 10:48:31,602 - INFO - Evaluated program it000047 in 0.14s: combined_score=0.9612, mean_excess=0.0403, bins_used=2090.0000, lower_bound=2009.0000, num_instances=5.0000, eval_time=0.1339, validity=1.0000
2026-07-28 10:48:31,604 - INFO - Island 3 MAP-Elites cell improved: {'complexity': 4, 'diversity': 1} (fitness: 0.917 -> 0.961)
2026-07-28 10:48:31,604 - INFO - New best program it000047 replaces initial (combined_score: 0.9562 → 0.9612, +0.0050)
2026-07-28 10:48:33,892 - INFO - HTTP Request: POST https://openrouter.ai/api/v1/chat/completions "HTTP/1.1 200 OK"
2026-07-28 10:48:57,284 - INFO - Evaluated program it000048 in 0.14s: combined_score=0.9348, mean_excess=0.0697, bins_used=2149.0000, lower_bound=2009.0000, num_instances=5.0000, eval_time=0.1435, validity=1.0000
2026-07-28 10:48:58,334 - INFO - HTTP Request: POST https://openrouter.ai/api/v1/chat/completions "HTTP/1.1 200 OK"
2026-07-28 10:49:47,477 - INFO - Evaluated program it000049 in 0.12s: combined_score=0.8819, mean_excess=0.1339, bins_used=2278.0000, lower_bound=2009.0000, num_instances=5.0000, eval_time=0.1186, validity=1.0000
2026-07-28 10:49:47,479 - INFO - New MAP-Elites cell occupied in island 1: {'complexity': 4, 'diversity': 0}
2026-07-28 10:49:47,479 - INFO - Island 1 MAP-Elites coverage reached 10.0% (10/100 cells)
2026-07-28 10:49:47,498 - INFO - Saved database with 51 programs to examples/bin_packing/runs/phase-c-p1-boltzmann/bandit-islands-s42/checkpoints/checkpoint_49
2026-07-28 10:49:47,501 - INFO - Saved checkpoint at iteration 49 to examples/bin_packing/runs/phase-c-p1-boltzmann/bandit-islands-s42/checkpoints/checkpoint_49
2026-07-28 10:49:49,072 - INFO - HTTP Request: POST https://openrouter.ai/api/v1/chat/completions "HTTP/1.1 200 OK"
2026-07-28 10:49:56,371 - INFO - Evaluated program it000050 in 0.14s: combined_score=0.9562, mean_excess=0.0458, bins_used=2101.0000, lower_bound=2009.0000, num_instances=5.0000, eval_time=0.1369, validity=1.0000
2026-07-28 10:49:56,372 - INFO - New MAP-Elites cell occupied in island 2: {'complexity': 5, 'diversity': 4}
2026-07-28 10:49:58,462 - INFO - HTTP Request: POST https://openrouter.ai/api/v1/chat/completions "HTTP/1.1 200 OK"
2026-07-28 10:51:03,525 - INFO - Evaluated program it000051 in 0.13s: combined_score=0.9562, mean_excess=0.0458, bins_used=2101.0000, lower_bound=2009.0000, num_instances=5.0000, eval_time=0.1306, validity=1.0000
2026-07-28 10:51:03,881 - INFO - HTTP Request: POST https://openrouter.ai/api/v1/chat/completions "HTTP/1.1 200 OK"
2026-07-28 10:51:14,062 - INFO - Evaluated program it000052 in 0.12s: combined_score=0.9562, mean_excess=0.0458, bins_used=2101.0000, lower_bound=2009.0000, num_instances=5.0000, eval_time=0.1212, validity=1.0000
2026-07-28 10:51:22,750 - INFO - HTTP Request: POST https://openrouter.ai/api/v1/chat/completions "HTTP/1.1 200 OK"
2026-07-28 10:52:49,803 - INFO - Evaluated program it000053 in 0.16s: combined_score=0.9512, mean_excess=0.0513, bins_used=2112.0000, lower_bound=2009.0000, num_instances=5.0000, eval_time=0.1533, validity=1.0000
2026-07-28 10:52:49,805 - INFO - Island 1 MAP-Elites cell improved: {'complexity': 3, 'diversity': 0} (fitness: 0.882 -> 0.951)
2026-07-28 10:52:50,448 - INFO - HTTP Request: POST https://openrouter.ai/api/v1/chat/completions "HTTP/1.1 200 OK"
2026-07-28 10:53:09,078 - INFO - Evaluated program it000054 in 0.12s: combined_score=0.9562, mean_excess=0.0458, bins_used=2101.0000, lower_bound=2009.0000, num_instances=5.0000, eval_time=0.1142, validity=1.0000
2026-07-28 10:53:09,102 - INFO - Saved database with 56 programs to examples/bin_packing/runs/phase-c-p1-boltzmann/bandit-islands-s42/checkpoints/checkpoint_54
2026-07-28 10:53:09,106 - INFO - Saved checkpoint at iteration 54 to examples/bin_packing/runs/phase-c-p1-boltzmann/bandit-islands-s42/checkpoints/checkpoint_54
2026-07-28 10:53:09,390 - INFO - HTTP Request: POST https://openrouter.ai/api/v1/chat/completions "HTTP/1.1 200 OK"
2026-07-28 10:53:34,255 - INFO - Evaluated program it000055 in 0.30s: combined_score=0.9540, mean_excess=0.0483, bins_used=2106.0000, lower_bound=2009.0000, num_instances=5.0000, eval_time=0.2833, validity=1.0000
2026-07-28 10:53:35,499 - INFO - HTTP Request: POST https://openrouter.ai/api/v1/chat/completions "HTTP/1.1 200 OK"
2026-07-28 10:54:24,776 - INFO - Evaluated program it000056 in 0.22s: combined_score=0.8819, mean_excess=0.1339, bins_used=2278.0000, lower_bound=2009.0000, num_instances=5.0000, eval_time=0.2015, validity=1.0000
2026-07-28 10:54:24,778 - INFO - New MAP-Elites cell occupied in island 0: {'complexity': 5, 'diversity': 2}
2026-07-28 10:54:29,623 - INFO - HTTP Request: POST https://openrouter.ai/api/v1/chat/completions "HTTP/1.1 200 OK"
2026-07-28 10:54:48,959 - INFO - Evaluated program it000057 in 0.15s: combined_score=0.8819, mean_excess=0.1339, bins_used=2278.0000, lower_bound=2009.0000, num_instances=5.0000, eval_time=0.1445, validity=1.0000
2026-07-28 10:54:48,961 - INFO - New MAP-Elites cell occupied in island 1: {'complexity': 7, 'diversity': 5}
2026-07-28 10:54:49,960 - INFO - HTTP Request: POST https://openrouter.ai/api/v1/chat/completions "HTTP/1.1 200 OK"
2026-07-28 10:56:19,744 - INFO - Evaluated program it000058 in 0.15s: combined_score=0.9576, mean_excess=0.0443, bins_used=2098.0000, lower_bound=2009.0000, num_instances=5.0000, eval_time=0.1475, validity=1.0000
2026-07-28 10:56:19,746 - INFO - New MAP-Elites cell occupied in island 2: {'complexity': 7, 'diversity': 6}
2026-07-28 10:56:20,562 - INFO - HTTP Request: POST https://openrouter.ai/api/v1/chat/completions "HTTP/1.1 200 OK"
2026-07-28 10:56:29,380 - INFO - Evaluated program it000059 in 0.18s: combined_score=0.9562, mean_excess=0.0458, bins_used=2101.0000, lower_bound=2009.0000, num_instances=5.0000, eval_time=0.1816, validity=1.0000
2026-07-28 10:56:29,383 - INFO - New MAP-Elites cell occupied in island 3: {'complexity': 6, 'diversity': 4}
2026-07-28 10:56:29,384 - INFO - Island 3 MAP-Elites coverage reached 10.0% (10/100 cells)
2026-07-28 10:56:29,384 - INFO - Population size (61) exceeds limit (60), removing 1 programs
2026-07-28 10:56:29,385 - INFO - Population size after cleanup: 60
2026-07-28 10:56:29,460 - INFO - Saved database with 60 programs to examples/bin_packing/runs/phase-c-p1-boltzmann/bandit-islands-s42/checkpoints/checkpoint_59
2026-07-28 10:56:29,465 - INFO - Saved checkpoint at iteration 59 to examples/bin_packing/runs/phase-c-p1-boltzmann/bandit-islands-s42/checkpoints/checkpoint_59
2026-07-28 10:56:29,768 - INFO - HTTP Request: POST https://openrouter.ai/api/v1/chat/completions "HTTP/1.1 200 OK"
2026-07-28 10:56:47,224 - INFO - Evaluated program it000060 in 0.15s: combined_score=0.9562, mean_excess=0.0458, bins_used=2101.0000, lower_bound=2009.0000, num_instances=5.0000, eval_time=0.1474, validity=1.0000
2026-07-28 10:56:47,226 - INFO - New MAP-Elites cell occupied in island 0: {'complexity': 7, 'diversity': 4}
2026-07-28 10:56:47,226 - INFO - Population size (61) exceeds limit (60), removing 1 programs
2026-07-28 10:56:47,226 - INFO - Population size after cleanup: 60
2026-07-28 10:56:47,469 - INFO - HTTP Request: POST https://openrouter.ai/api/v1/chat/completions "HTTP/1.1 200 OK"
2026-07-28 10:56:55,253 - INFO - Evaluated program it000061 in 0.13s: combined_score=0.9562, mean_excess=0.0458, bins_used=2101.0000, lower_bound=2009.0000, num_instances=5.0000, eval_time=0.1296, validity=1.0000
2026-07-28 10:56:55,255 - INFO - Island 1 MAP-Elites cell improved: {'complexity': 4, 'diversity': 1} (fitness: 0.954 -> 0.956)
2026-07-28 10:56:55,255 - INFO - Population size (61) exceeds limit (60), removing 1 programs
2026-07-28 10:56:55,255 - INFO - Population size after cleanup: 60
2026-07-28 10:57:00,282 - INFO - HTTP Request: POST https://openrouter.ai/api/v1/chat/completions "HTTP/1.1 200 OK"
2026-07-28 10:57:00,701 - INFO - Evaluated program it000062 in 0.14s: combined_score=0.9562, mean_excess=0.0458, bins_used=2101.0000, lower_bound=2009.0000, num_instances=5.0000, eval_time=0.1338, validity=1.0000
2026-07-28 10:57:00,702 - INFO - Population size (61) exceeds limit (60), removing 1 programs
2026-07-28 10:57:00,702 - INFO - Population size after cleanup: 60
2026-07-28 10:57:02,282 - INFO - HTTP Request: POST https://openrouter.ai/api/v1/chat/completions "HTTP/1.1 200 OK"
2026-07-28 10:57:11,245 - INFO - Evaluated program it000063 in 0.12s: combined_score=0.9612, mean_excess=0.0403, bins_used=2090.0000, lower_bound=2009.0000, num_instances=5.0000, eval_time=0.1167, validity=1.0000
2026-07-28 10:57:11,246 - INFO - New MAP-Elites cell occupied in island 3: {'complexity': 3, 'diversity': 1}
2026-07-28 10:57:11,246 - INFO - Island 3 MAP-Elites coverage reached 10.0% (10/100 cells)
2026-07-28 10:57:11,246 - INFO - Population size (61) exceeds limit (60), removing 1 programs
2026-07-28 10:57:11,246 - INFO - Population size after cleanup: 60
2026-07-28 10:57:13,331 - INFO - HTTP Request: POST https://openrouter.ai/api/v1/chat/completions "HTTP/1.1 200 OK"
2026-07-28 10:57:29,921 - INFO - Evaluated program it000064 in 0.20s: combined_score=0.9450, mean_excess=0.0582, bins_used=2126.0000, lower_bound=2009.0000, num_instances=5.0000, eval_time=0.1979, validity=1.0000
2026-07-28 10:57:29,923 - INFO - Population size (61) exceeds limit (60), removing 1 programs
2026-07-28 10:57:29,923 - INFO - Population size after cleanup: 60
2026-07-28 10:57:29,952 - INFO - Saved database with 60 programs to examples/bin_packing/runs/phase-c-p1-boltzmann/bandit-islands-s42/checkpoints/checkpoint_64
2026-07-28 10:57:29,958 - INFO - Saved checkpoint at iteration 64 to examples/bin_packing/runs/phase-c-p1-boltzmann/bandit-islands-s42/checkpoints/checkpoint_64
2026-07-28 10:57:31,146 - INFO - HTTP Request: POST https://openrouter.ai/api/v1/chat/completions "HTTP/1.1 200 OK"
2026-07-28 10:57:49,494 - INFO - Evaluated program it000065 in 0.11s: combined_score=0.9562, mean_excess=0.0458, bins_used=2101.0000, lower_bound=2009.0000, num_instances=5.0000, eval_time=0.1087, validity=1.0000
2026-07-28 10:57:49,496 - INFO - Population size (61) exceeds limit (60), removing 1 programs
2026-07-28 10:57:49,496 - INFO - Population size after cleanup: 60
2026-07-28 10:57:50,764 - INFO - HTTP Request: POST https://openrouter.ai/api/v1/chat/completions "HTTP/1.1 200 OK"
2026-07-28 10:58:34,712 - INFO - Evaluated program it000066 in 0.12s: combined_score=0.9576, mean_excess=0.0443, bins_used=2098.0000, lower_bound=2009.0000, num_instances=5.0000, eval_time=0.1176, validity=1.0000
2026-07-28 10:58:34,714 - INFO - Population size (61) exceeds limit (60), removing 1 programs
2026-07-28 10:58:34,714 - INFO - Population size after cleanup: 60
2026-07-28 10:58:40,912 - INFO - HTTP Request: POST https://openrouter.ai/api/v1/chat/completions "HTTP/1.1 200 OK"
2026-07-28 10:59:12,052 - INFO - Evaluated program it000067 in 0.13s: combined_score=0.9608, mean_excess=0.0408, bins_used=2091.0000, lower_bound=2009.0000, num_instances=5.0000, eval_time=0.1304, validity=1.0000
2026-07-28 10:59:12,054 - INFO - New MAP-Elites cell occupied in island 3: {'complexity': 2, 'diversity': 0}
2026-07-28 10:59:12,054 - INFO - Population size (61) exceeds limit (60), removing 1 programs
2026-07-28 10:59:12,054 - INFO - Population size after cleanup: 60
2026-07-28 10:59:15,557 - INFO - HTTP Request: POST https://openrouter.ai/api/v1/chat/completions "HTTP/1.1 200 OK"
2026-07-28 10:59:35,912 - INFO - Evaluated program it000068 in 0.14s: combined_score=0.9562, mean_excess=0.0458, bins_used=2101.0000, lower_bound=2009.0000, num_instances=5.0000, eval_time=0.1390, validity=1.0000
2026-07-28 10:59:35,913 - INFO - Population size (61) exceeds limit (60), removing 1 programs
2026-07-28 10:59:35,913 - INFO - Population size after cleanup: 60
2026-07-28 10:59:37,114 - INFO - HTTP Request: POST https://openrouter.ai/api/v1/chat/completions "HTTP/1.1 200 OK"
2026-07-28 10:59:41,376 - INFO - Evaluated program it000069 in 0.13s: combined_score=0.9562, mean_excess=0.0458, bins_used=2101.0000, lower_bound=2009.0000, num_instances=5.0000, eval_time=0.1282, validity=1.0000
2026-07-28 10:59:41,377 - INFO - Population size (61) exceeds limit (60), removing 1 programs
2026-07-28 10:59:41,377 - INFO - Population size after cleanup: 60
2026-07-28 10:59:41,393 - INFO - Saved database with 60 programs to examples/bin_packing/runs/phase-c-p1-boltzmann/bandit-islands-s42/checkpoints/checkpoint_69
2026-07-28 10:59:41,396 - INFO - Saved checkpoint at iteration 69 to examples/bin_packing/runs/phase-c-p1-boltzmann/bandit-islands-s42/checkpoints/checkpoint_69
2026-07-28 10:59:42,269 - INFO - HTTP Request: POST https://openrouter.ai/api/v1/chat/completions "HTTP/1.1 200 OK"
2026-07-28 10:59:59,972 - INFO - Evaluated program it000070 in 0.18s: combined_score=0.9562, mean_excess=0.0458, bins_used=2101.0000, lower_bound=2009.0000, num_instances=5.0000, eval_time=0.1766, validity=1.0000
2026-07-28 10:59:59,975 - INFO - New MAP-Elites cell occupied in island 2: {'complexity': 6, 'diversity': 9}
2026-07-28 10:59:59,975 - INFO - Population size (61) exceeds limit (60), removing 1 programs
2026-07-28 10:59:59,976 - INFO - Population size after cleanup: 60
2026-07-28 11:00:00,246 - INFO - HTTP Request: POST https://openrouter.ai/api/v1/chat/completions "HTTP/1.1 200 OK"
2026-07-28 11:00:09,694 - INFO - Evaluated program it000071 in 0.14s: combined_score=0.9603, mean_excess=0.0413, bins_used=2092.0000, lower_bound=2009.0000, num_instances=5.0000, eval_time=0.1400, validity=1.0000
2026-07-28 11:00:09,696 - INFO - Island 3 MAP-Elites cell improved: {'complexity': 4, 'diversity': 2} (fitness: 0.956 -> 0.960)
2026-07-28 11:00:09,696 - INFO - Population size (61) exceeds limit (60), removing 1 programs
2026-07-28 11:00:09,696 - INFO - Population size after cleanup: 60
2026-07-28 11:00:10,614 - INFO - HTTP Request: POST https://openrouter.ai/api/v1/chat/completions "HTTP/1.1 200 OK"
2026-07-28 11:00:36,555 - INFO - Evaluated program it000072 in 0.25s: combined_score=0.9562, mean_excess=0.0458, bins_used=2101.0000, lower_bound=2009.0000, num_instances=5.0000, eval_time=0.2438, validity=1.0000
2026-07-28 11:00:36,557 - INFO - New MAP-Elites cell occupied in island 0: {'complexity': 3, 'diversity': 0}
2026-07-28 11:00:36,557 - INFO - Population size (61) exceeds limit (60), removing 1 programs
2026-07-28 11:00:36,557 - INFO - Population size after cleanup: 60
2026-07-28 11:00:42,961 - INFO - HTTP Request: POST https://openrouter.ai/api/v1/chat/completions "HTTP/1.1 200 OK"
2026-07-28 11:01:38,499 - INFO - Evaluated program it000073 in 0.13s: combined_score=0.9405, mean_excess=0.0632, bins_used=2136.0000, lower_bound=2009.0000, num_instances=5.0000, eval_time=0.1302, validity=1.0000
2026-07-28 11:01:38,501 - INFO - New MAP-Elites cell occupied in island 1: {'complexity': 2, 'diversity': 0}
2026-07-28 11:01:38,501 - INFO - Population size (61) exceeds limit (60), removing 1 programs
2026-07-28 11:01:38,501 - INFO - Population size after cleanup: 60
2026-07-28 11:01:40,084 - INFO - HTTP Request: POST https://openrouter.ai/api/v1/chat/completions "HTTP/1.1 200 OK"
2026-07-28 11:02:03,263 - INFO - Evaluated program it000074 in 0.15s: combined_score=0.9562, mean_excess=0.0458, bins_used=2101.0000, lower_bound=2009.0000, num_instances=5.0000, eval_time=0.1421, validity=1.0000
2026-07-28 11:02:03,265 - INFO - Island 2 MAP-Elites cell improved: {'complexity': 8, 'diversity': 8} (fitness: 0.943 -> 0.956)
2026-07-28 11:02:03,265 - INFO - Population size (61) exceeds limit (60), removing 1 programs
2026-07-28 11:02:03,265 - INFO - Population size after cleanup: 60
2026-07-28 11:02:03,285 - INFO - Saved database with 60 programs to examples/bin_packing/runs/phase-c-p1-boltzmann/bandit-islands-s42/checkpoints/checkpoint_74
2026-07-28 11:02:03,288 - INFO - Saved checkpoint at iteration 74 to examples/bin_packing/runs/phase-c-p1-boltzmann/bandit-islands-s42/checkpoints/checkpoint_74
2026-07-28 11:02:05,343 - INFO - HTTP Request: POST https://openrouter.ai/api/v1/chat/completions "HTTP/1.1 200 OK"
2026-07-28 11:02:13,589 - INFO - Evaluated program it000075 in 0.14s: combined_score=0.9562, mean_excess=0.0458, bins_used=2101.0000, lower_bound=2009.0000, num_instances=5.0000, eval_time=0.1410, validity=1.0000
2026-07-28 11:02:13,591 - INFO - Population size (61) exceeds limit (60), removing 1 programs
2026-07-28 11:02:13,591 - INFO - Population size after cleanup: 60
2026-07-28 11:02:14,488 - INFO - HTTP Request: POST https://openrouter.ai/api/v1/chat/completions "HTTP/1.1 200 OK"
2026-07-28 11:02:25,918 - INFO - Evaluated program it000076 in 0.13s: combined_score=0.9562, mean_excess=0.0458, bins_used=2101.0000, lower_bound=2009.0000, num_instances=5.0000, eval_time=0.1305, validity=1.0000
2026-07-28 11:02:25,919 - INFO - Population size (61) exceeds limit (60), removing 1 programs
2026-07-28 11:02:25,919 - INFO - Population size after cleanup: 60
2026-07-28 11:02:26,569 - INFO - HTTP Request: POST https://openrouter.ai/api/v1/chat/completions "HTTP/1.1 200 OK"
2026-07-28 11:03:59,673 - INFO - Evaluated program it000077 in 0.13s: combined_score=0.9562, mean_excess=0.0458, bins_used=2101.0000, lower_bound=2009.0000, num_instances=5.0000, eval_time=0.1297, validity=1.0000
2026-07-28 11:03:59,675 - INFO - New MAP-Elites cell occupied in island 1: {'complexity': 1, 'diversity': 0}
2026-07-28 11:03:59,675 - INFO - Population size (61) exceeds limit (60), removing 1 programs
2026-07-28 11:03:59,675 - INFO - Population size after cleanup: 60
2026-07-28 11:04:04,654 - INFO - HTTP Request: POST https://openrouter.ai/api/v1/chat/completions "HTTP/1.1 200 OK"
2026-07-28 11:04:31,410 - INFO - Evaluated program it000078 in 0.15s: combined_score=0.9562, mean_excess=0.0458, bins_used=2101.0000, lower_bound=2009.0000, num_instances=5.0000, eval_time=0.1499, validity=1.0000
2026-07-28 11:04:31,412 - INFO - Population size (61) exceeds limit (60), removing 1 programs
2026-07-28 11:04:31,412 - INFO - Population size after cleanup: 60
2026-07-28 11:04:32,637 - INFO - HTTP Request: POST https://openrouter.ai/api/v1/chat/completions "HTTP/1.1 200 OK"
2026-07-28 11:04:48,872 - INFO - Evaluated program it000079 in 0.19s: combined_score=0.9562, mean_excess=0.0458, bins_used=2101.0000, lower_bound=2009.0000, num_instances=5.0000, eval_time=0.1914, validity=1.0000
2026-07-28 11:04:48,874 - INFO - Population size (61) exceeds limit (60), removing 1 programs
2026-07-28 11:04:48,874 - INFO - Population size after cleanup: 60
2026-07-28 11:04:48,894 - INFO - Saved database with 60 programs to examples/bin_packing/runs/phase-c-p1-boltzmann/bandit-islands-s42/checkpoints/checkpoint_79
2026-07-28 11:04:48,898 - INFO - Saved checkpoint at iteration 79 to examples/bin_packing/runs/phase-c-p1-boltzmann/bandit-islands-s42/checkpoints/checkpoint_79
2026-07-28 11:04:50,489 - INFO - HTTP Request: POST https://openrouter.ai/api/v1/chat/completions "HTTP/1.1 200 OK"
2026-07-28 11:06:24,248 - INFO - Evaluated program it000080 in 0.13s: combined_score=0.9331, mean_excess=0.0717, bins_used=2153.0000, lower_bound=2009.0000, num_instances=5.0000, eval_time=0.1243, validity=1.0000
2026-07-28 11:06:24,250 - INFO - New MAP-Elites cell occupied in island 0: {'complexity': 5, 'diversity': 5}
2026-07-28 11:06:24,250 - INFO - Population size (61) exceeds limit (60), removing 1 programs
2026-07-28 11:06:24,250 - INFO - Population size after cleanup: 60
2026-07-28 11:06:25,433 - INFO - HTTP Request: POST https://openrouter.ai/api/v1/chat/completions "HTTP/1.1 200 OK"
Evaluation: instances=5, bins=2101, lower_bound=2009, mean_excess=0.0458, score=0.9562, time=0.18s
Evaluation: instances=5, bins=2101, lower_bound=2009, mean_excess=0.0458, score=0.9562, time=0.12s
Evaluation: instances=5, bins=2278, lower_bound=2009, mean_excess=0.1339, score=0.8819, time=0.12s
Evaluation: instances=5, bins=2232, lower_bound=2009, mean_excess=0.1111, score=0.9000, time=0.14s
Evaluation: instances=5, bins=2133, lower_bound=2009, mean_excess=0.0617, score=0.9419, time=0.13s
Evaluation: instances=5, bins=2101, lower_bound=2009, mean_excess=0.0458, score=0.9562, time=0.11s
Evaluation: instances=5, bins=2278, lower_bound=2009, mean_excess=0.1339, score=0.8819, time=0.13s
Evaluation: instances=5, bins=2224, lower_bound=2009, mean_excess=0.1071, score=0.9033, time=0.12s
Evaluation: instances=5, bins=2278, lower_bound=2009, mean_excess=0.1339, score=0.8819, time=0.13s
Evaluation: instances=5, bins=2277, lower_bound=2009, mean_excess=0.1335, score=0.8823, time=0.12s
Evaluation: instances=5, bins=2101, lower_bound=2009, mean_excess=0.0458, score=0.9562, time=0.13s
Evaluation: instances=5, bins=2278, lower_bound=2009, mean_excess=0.1339, score=0.8819, time=0.13s
Evaluation: instances=5, bins=2140, lower_bound=2009, mean_excess=0.0652, score=0.9388, time=0.14s
Evaluation: instances=5, bins=2101, lower_bound=2009, mean_excess=0.0458, score=0.9562, time=0.11s
Evaluation: instances=5, bins=2249, lower_bound=2009, mean_excess=0.1195, score=0.8933, time=0.12s
Evaluation: instances=5, bins=2224, lower_bound=2009, mean_excess=0.1071, score=0.9033, time=0.14s
Evaluation: instances=5, bins=2133, lower_bound=2009, mean_excess=0.0617, score=0.9419, time=0.13s
Evaluation: instances=5, bins=2263, lower_bound=2009, mean_excess=0.1264, score=0.8877, time=0.34s
Evaluation: instances=5, bins=2207, lower_bound=2009, mean_excess=0.0986, score=0.9103, time=0.13s
Evaluation: instances=5, bins=2276, lower_bound=2009, mean_excess=0.1330, score=0.8826, time=0.13s
Evaluation: instances=5, bins=2140, lower_bound=2009, mean_excess=0.0652, score=0.9388, time=0.14s
Evaluation: instances=5, bins=2101, lower_bound=2009, mean_excess=0.0458, score=0.9562, time=0.27s
Evaluation: instances=5, bins=2278, lower_bound=2009, mean_excess=0.1339, score=0.8819, time=0.14s
Evaluation: instances=5, bins=2224, lower_bound=2009, mean_excess=0.1071, score=0.9033, time=0.14s
Evaluation: instances=5, bins=2190, lower_bound=2009, mean_excess=0.0901, score=0.9174, time=0.15s
Evaluation: instances=5, bins=2101, lower_bound=2009, mean_excess=0.0458, score=0.9562, time=0.13s
Evaluation: instances=5, bins=2101, lower_bound=2009, mean_excess=0.0458, score=0.9562, time=0.25s
Evaluation: instances=5, bins=2189, lower_bound=2009, mean_excess=0.0896, score=0.9177, time=0.13s
Evaluation: instances=5, bins=2101, lower_bound=2009, mean_excess=0.0458, score=0.9562, time=0.14s
Evaluation: instances=5, bins=2101, lower_bound=2009, mean_excess=0.0458, score=0.9562, time=0.13s
Evaluation: instances=5, bins=2101, lower_bound=2009, mean_excess=0.0458, score=0.9562, time=0.14s
Evaluation: instances=5, bins=2129, lower_bound=2009, mean_excess=0.0597, score=0.9436, time=0.13s
Evaluation: instances=5, bins=2188, lower_bound=2009, mean_excess=0.0891, score=0.9182, time=0.13s
Evaluation: instances=5, bins=2101, lower_bound=2009, mean_excess=0.0458, score=0.9562, time=0.15s
Evaluation: instances=5, bins=2266, lower_bound=2009, mean_excess=0.1280, score=0.8866, time=0.14s
Evaluation: instances=5, bins=2130, lower_bound=2009, mean_excess=0.0602, score=0.9432, time=0.14s
Evaluation: instances=5, bins=2101, lower_bound=2009, mean_excess=0.0458, score=0.9562, time=0.18s
Evaluation: instances=5, bins=2159, lower_bound=2009, mean_excess=0.0747, score=0.9305, time=0.12s
Evaluation: instances=5, bins=2249, lower_bound=2009, mean_excess=0.1195, score=0.8933, time=0.14s
Evaluation: instances=5, bins=2101, lower_bound=2009, mean_excess=0.0458, score=0.9562, time=0.11s
Evaluation: instances=5, bins=2122, lower_bound=2009, mean_excess=0.0562, score=0.9468, time=0.12s
Evaluation: instances=5, bins=2121, lower_bound=2009, mean_excess=0.0558, score=0.9472, time=0.13s
Evaluation: instances=5, bins=2105, lower_bound=2009, mean_excess=0.0478, score=0.9544, time=0.13s
Evaluation: instances=5, bins=2101, lower_bound=2009, mean_excess=0.0458, score=0.9562, time=0.14s
Evaluation: instances=5, bins=2101, lower_bound=2009, mean_excess=0.0458, score=0.9562, time=0.12s
Evaluation: instances=5, bins=2101, lower_bound=2009, mean_excess=0.0458, score=0.9562, time=0.13s
Evaluation: instances=5, bins=2278, lower_bound=2009, mean_excess=0.1339, score=0.8819, time=0.14s
Evaluation: instances=5, bins=2101, lower_bound=2009, mean_excess=0.0458, score=0.9562, time=0.15s
Evaluation: instances=5, bins=2090, lower_bound=2009, mean_excess=0.0403, score=0.9612, time=0.13s
Evaluation: instances=5, bins=2149, lower_bound=2009, mean_excess=0.0697, score=0.9348, time=0.14s
Evaluation: instances=5, bins=2278, lower_bound=2009, mean_excess=0.1339, score=0.8819, time=0.12s
Evaluation: instances=5, bins=2101, lower_bound=2009, mean_excess=0.0458, score=0.9562, time=0.14s
Evaluation: instances=5, bins=2101, lower_bound=2009, mean_excess=0.0458, score=0.9562, time=0.13s
Evaluation: instances=5, bins=2101, lower_bound=2009, mean_excess=0.0458, score=0.9562, time=0.12s
Evaluation: instances=5, bins=2112, lower_bound=2009, mean_excess=0.0513, score=0.9512, time=0.15s
Evaluation: instances=5, bins=2101, lower_bound=2009, mean_excess=0.0458, score=0.9562, time=0.11s
Evaluation: instances=5, bins=2106, lower_bound=2009, mean_excess=0.0483, score=0.9540, time=0.28s
Evaluation: instances=5, bins=2278, lower_bound=2009, mean_excess=0.1339, score=0.8819, time=0.20s
Evaluation: instances=5, bins=2278, lower_bound=2009, mean_excess=0.1339, score=0.8819, time=0.14s
Evaluation: instances=5, bins=2098, lower_bound=2009, mean_excess=0.0443, score=0.9576, time=0.15s
Evaluation: instances=5, bins=2101, lower_bound=2009, mean_excess=0.0458, score=0.9562, time=0.18s
Evaluation: instances=5, bins=2101, lower_bound=2009, mean_excess=0.0458, score=0.9562, time=0.15s
Evaluation: instances=5, bins=2101, lower_bound=2009, mean_excess=0.0458, score=0.9562, time=0.13s
Evaluation: instances=5, bins=2101, lower_bound=2009, mean_excess=0.0458, score=0.9562, time=0.13s
Evaluation: instances=5, bins=2090, lower_bound=2009, mean_excess=0.0403, score=0.9612, time=0.12s
Evaluation: instances=5, bins=2126, lower_bound=2009, mean_excess=0.0582, score=0.9450, time=0.20s
Evaluation: instances=5, bins=2101, lower_bound=2009, mean_excess=0.0458, score=0.9562, time=0.11s
Evaluation: instances=5, bins=2098, lower_bound=2009, mean_excess=0.0443, score=0.9576, time=0.12s
Evaluation: instances=5, bins=2091, lower_bound=2009, mean_excess=0.0408, score=0.9608, time=0.13s
Evaluation: instances=5, bins=2101, lower_bound=2009, mean_excess=0.0458, score=0.9562, time=0.14s
Evaluation: instances=5, bins=2101, lower_bound=2009, mean_excess=0.0458, score=0.9562, time=0.13s
Evaluation: instances=5, bins=2101, lower_bound=2009, mean_excess=0.0458, score=0.9562, time=0.18s
Evaluation: instances=5, bins=2092, lower_bound=2009, mean_excess=0.0413, score=0.9603, time=0.14s
Evaluation: instances=5, bins=2101, lower_bound=2009, mean_excess=0.0458, score=0.9562, time=0.24s
Evaluation: instances=5, bins=2136, lower_bound=2009, mean_excess=0.0632, score=0.9405, time=0.13s
Evaluation: instances=5, bins=2101, lower_bound=2009, mean_excess=0.0458, score=0.9562, time=0.14s
Evaluation: instances=5, bins=2101, lower_bound=2009, mean_excess=0.0458, score=0.9562, time=0.14s
Evaluation: instances=5, bins=2101, lower_bound=2009, mean_excess=0.0458, score=0.9562, time=0.13s
Evaluation: instances=5, bins=2101, lower_bound=2009, mean_excess=0.0458, score=0.9562, time=0.13s
Evaluation: instances=5, bins=2101, lower_bound=2009, mean_excess=0.0458, score=0.9562, time=0.15s
Evaluation: instances=5, bins=2101, lower_bound=2009, mean_excess=0.0458, score=0.9562, time=0.19s
Evaluation: instances=5, bins=2153, lower_bound=2009, mean_excess=0.0717, score=0.9331, time=0.12s
Evaluation: instances=5, bins=2101, lower_bound=2009, mean_excess=0.0458, score=0.9562, time=0.13s2026-07-28 11:06:40,336 - INFO - Evaluated program it000081 in 0.13s: combined_score=0.9562, mean_excess=0.0458, bins_used=2101.0000, lower_bound=2009.0000, num_instances=5.0000, eval_time=0.1312, validity=1.0000
2026-07-28 11:06:40,338 - INFO - Population size (61) exceeds limit (60), removing 1 programs
2026-07-28 11:06:40,338 - INFO - Population size after cleanup: 60
2026-07-28 11:06:41,958 - INFO - HTTP Request: POST https://openrouter.ai/api/v1/chat/completions "HTTP/1.1 200 OK"
2026-07-28 11:06:54,350 - INFO - Evaluated program it000082 in 0.13s: combined_score=0.9576, mean_excess=0.0443, bins_used=2098.0000, lower_bound=2009.0000, num_instances=5.0000, eval_time=0.1258, validity=1.0000
2026-07-28 11:06:54,352 - INFO - New MAP-Elites cell occupied in island 2: {'complexity': 7, 'diversity': 5}
2026-07-28 11:06:54,352 - INFO - Population size (61) exceeds limit (60), removing 1 programs
2026-07-28 11:06:54,352 - INFO - Population size after cleanup: 60
2026-07-28 11:06:54,869 - INFO - HTTP Request: POST https://openrouter.ai/api/v1/chat/completions "HTTP/1.1 200 OK"
2026-07-28 11:07:07,369 - INFO - Evaluated program it000083 in 0.12s: combined_score=0.9612, mean_excess=0.0403, bins_used=2090.0000, lower_bound=2009.0000, num_instances=5.0000, eval_time=0.1189, validity=1.0000
2026-07-28 11:07:07,371 - INFO - New MAP-Elites cell occupied in island 3: {'complexity': 0, 'diversity': 0}
2026-07-28 11:07:07,371 - INFO - Population size (61) exceeds limit (60), removing 1 programs
2026-07-28 11:07:07,371 - INFO - Population size after cleanup: 60
2026-07-28 11:07:09,452 - INFO - HTTP Request: POST https://openrouter.ai/api/v1/chat/completions "HTTP/1.1 200 OK"
2026-07-28 11:07:20,716 - INFO - Evaluated program it000084 in 0.13s: combined_score=0.9562, mean_excess=0.0458, bins_used=2101.0000, lower_bound=2009.0000, num_instances=5.0000, eval_time=0.1306, validity=1.0000
2026-07-28 11:07:20,718 - INFO - Population size (61) exceeds limit (60), removing 1 programs
2026-07-28 11:07:20,718 - INFO - Population size after cleanup: 60
2026-07-28 11:07:20,739 - INFO - Saved database with 60 programs to examples/bin_packing/runs/phase-c-p1-boltzmann/bandit-islands-s42/checkpoints/checkpoint_84
2026-07-28 11:07:20,742 - INFO - Saved checkpoint at iteration 84 to examples/bin_packing/runs/phase-c-p1-boltzmann/bandit-islands-s42/checkpoints/checkpoint_84
2026-07-28 11:07:22,656 - INFO - HTTP Request: POST https://openrouter.ai/api/v1/chat/completions "HTTP/1.1 200 OK"
2026-07-28 11:07:29,947 - INFO - Evaluated program it000085 in 0.15s: combined_score=0.9562, mean_excess=0.0458, bins_used=2101.0000, lower_bound=2009.0000, num_instances=5.0000, eval_time=0.1450, validity=1.0000
2026-07-28 11:07:29,948 - INFO - Population size (61) exceeds limit (60), removing 1 programs
2026-07-28 11:07:29,948 - INFO - Population size after cleanup: 60
2026-07-28 11:07:33,961 - INFO - HTTP Request: POST https://openrouter.ai/api/v1/chat/completions "HTTP/1.1 200 OK"
2026-07-28 11:11:26,656 - INFO - Evaluated program it000086 in 0.11s: combined_score=0.9567, mean_excess=0.0453, bins_used=2100.0000, lower_bound=2009.0000, num_instances=5.0000, eval_time=0.1114, validity=1.0000
2026-07-28 11:11:26,657 - INFO - New MAP-Elites cell occupied in island 2: {'complexity': 6, 'diversity': 4}
2026-07-28 11:11:26,658 - INFO - Population size (61) exceeds limit (60), removing 1 programs
2026-07-28 11:11:26,658 - INFO - Population size after cleanup: 60
2026-07-28 11:11:27,916 - INFO - HTTP Request: POST https://openrouter.ai/api/v1/chat/completions "HTTP/1.1 200 OK"
2026-07-28 11:11:37,680 - INFO - Evaluated program it000087 in 0.14s: combined_score=0.9558, mean_excess=0.0463, bins_used=2102.0000, lower_bound=2009.0000, num_instances=5.0000, eval_time=0.1362, validity=1.0000
2026-07-28 11:11:37,681 - INFO - New MAP-Elites cell occupied in island 3: {'complexity': 5, 'diversity': 2}
2026-07-28 11:11:37,682 - INFO - Island 3 MAP-Elites coverage reached 10.0% (10/100 cells)
2026-07-28 11:11:37,682 - INFO - Population size (61) exceeds limit (60), removing 1 programs
2026-07-28 11:11:37,682 - INFO - Population size after cleanup: 60
2026-07-28 11:11:47,866 - INFO - HTTP Request: POST https://openrouter.ai/api/v1/chat/completions "HTTP/1.1 200 OK"
2026-07-28 11:16:26,874 - INFO - Evaluated program it000088 in 0.14s: combined_score=0.9562, mean_excess=0.0458, bins_used=2101.0000, lower_bound=2009.0000, num_instances=5.0000, eval_time=0.1348, validity=1.0000
2026-07-28 11:16:26,875 - INFO - New MAP-Elites cell occupied in island 0: {'complexity': 0, 'diversity': 9}
2026-07-28 11:16:26,875 - INFO - Population size (61) exceeds limit (60), removing 1 programs
2026-07-28 11:16:26,876 - INFO - Population size after cleanup: 60
2026-07-28 11:16:30,482 - INFO - HTTP Request: POST https://openrouter.ai/api/v1/chat/completions "HTTP/1.1 200 OK"
2026-07-28 11:17:44,348 - INFO - Evaluated program it000089 in 0.12s: combined_score=0.8819, mean_excess=0.1339, bins_used=2278.0000, lower_bound=2009.0000, num_instances=5.0000, eval_time=0.1229, validity=1.0000
2026-07-28 11:17:44,349 - INFO - New MAP-Elites cell occupied in island 1: {'complexity': 4, 'diversity': 0}
2026-07-28 11:17:44,349 - INFO - Population size (61) exceeds limit (60), removing 1 programs
2026-07-28 11:17:44,350 - INFO - Population size after cleanup: 60
2026-07-28 11:17:44,371 - INFO - Saved database with 60 programs to examples/bin_packing/runs/phase-c-p1-boltzmann/bandit-islands-s42/checkpoints/checkpoint_89
2026-07-28 11:17:44,375 - INFO - Saved checkpoint at iteration 89 to examples/bin_packing/runs/phase-c-p1-boltzmann/bandit-islands-s42/checkpoints/checkpoint_89
2026-07-28 11:17:46,033 - INFO - HTTP Request: POST https://openrouter.ai/api/v1/chat/completions "HTTP/1.1 200 OK"
2026-07-28 11:18:18,143 - INFO - Evaluated program it000090 in 0.15s: combined_score=0.9467, mean_excess=0.0562, bins_used=2122.0000, lower_bound=2009.0000, num_instances=5.0000, eval_time=0.1530, validity=1.0000
2026-07-28 11:18:18,145 - INFO - New MAP-Elites cell occupied in island 2: {'complexity': 6, 'diversity': 2}
2026-07-28 11:18:18,145 - INFO - Island 2 MAP-Elites coverage reached 10.0% (10/100 cells)
2026-07-28 11:18:18,145 - INFO - Population size (61) exceeds limit (60), removing 1 programs
2026-07-28 11:18:18,145 - INFO - Population size after cleanup: 60
2026-07-28 11:18:21,164 - INFO - HTTP Request: POST https://openrouter.ai/api/v1/chat/completions "HTTP/1.1 200 OK"
2026-07-28 11:21:00,847 - INFO - Evaluated program it000091 in 0.14s: combined_score=0.9327, mean_excess=0.0722, bins_used=2154.0000, lower_bound=2009.0000, num_instances=5.0000, eval_time=0.1330, validity=1.0000
2026-07-28 11:21:00,851 - INFO - New MAP-Elites cell occupied in island 3: {'complexity': 6, 'diversity': 1}
2026-07-28 11:21:00,851 - INFO - Population size (61) exceeds limit (60), removing 1 programs
2026-07-28 11:21:00,852 - INFO - Population size after cleanup: 60
2026-07-28 11:21:07,542 - INFO - HTTP Request: POST https://openrouter.ai/api/v1/chat/completions "HTTP/1.1 200 OK"
2026-07-28 11:21:21,900 - INFO - Evaluated program it000092 in 0.14s: combined_score=0.9526, mean_excess=0.0498, bins_used=2109.0000, lower_bound=2009.0000, num_instances=5.0000, eval_time=0.1369, validity=1.0000
2026-07-28 11:21:21,902 - INFO - Population size (61) exceeds limit (60), removing 1 programs
2026-07-28 11:21:21,902 - INFO - Population size after cleanup: 60
2026-07-28 11:21:25,097 - INFO - HTTP Request: POST https://openrouter.ai/api/v1/chat/completions "HTTP/1.1 200 OK"
2026-07-28 11:23:52,366 - INFO - Evaluated program it000093 in 0.12s: combined_score=0.9562, mean_excess=0.0458, bins_used=2101.0000, lower_bound=2009.0000, num_instances=5.0000, eval_time=0.1161, validity=1.0000
2026-07-28 11:23:52,367 - INFO - New MAP-Elites cell occupied in island 1: {'complexity': 4, 'diversity': 0}
2026-07-28 11:23:52,367 - INFO - Population size (61) exceeds limit (60), removing 1 programs
2026-07-28 11:23:52,368 - INFO - Population size after cleanup: 60
2026-07-28 11:23:54,749 - INFO - HTTP Request: POST https://openrouter.ai/api/v1/chat/completions "HTTP/1.1 200 OK"
2026-07-28 11:24:03,828 - INFO - Evaluated program it000094 in 0.14s: combined_score=0.9562, mean_excess=0.0458, bins_used=2101.0000, lower_bound=2009.0000, num_instances=5.0000, eval_time=0.1388, validity=1.0000
2026-07-28 11:24:03,830 - INFO - New MAP-Elites cell occupied in island 2: {'complexity': 6, 'diversity': 3}
2026-07-28 11:24:03,830 - INFO - Island 2 MAP-Elites coverage reached 10.0% (10/100 cells)
2026-07-28 11:24:03,830 - INFO - Population size (61) exceeds limit (60), removing 1 programs
2026-07-28 11:24:03,830 - INFO - Population size after cleanup: 60
2026-07-28 11:24:03,851 - INFO - Saved database with 60 programs to examples/bin_packing/runs/phase-c-p1-boltzmann/bandit-islands-s42/checkpoints/checkpoint_94
2026-07-28 11:24:03,855 - INFO - Saved checkpoint at iteration 94 to examples/bin_packing/runs/phase-c-p1-boltzmann/bandit-islands-s42/checkpoints/checkpoint_94
2026-07-28 11:24:04,929 - INFO - HTTP Request: POST https://openrouter.ai/api/v1/chat/completions "HTTP/1.1 200 OK"
2026-07-28 11:24:25,493 - INFO - Evaluated program it000095 in 0.17s: combined_score=0.8877, mean_excess=0.1265, bins_used=2263.0000, lower_bound=2009.0000, num_instances=5.0000, eval_time=0.1636, validity=1.0000
2026-07-28 11:24:25,496 - INFO - New MAP-Elites cell occupied in island 3: {'complexity': 7, 'diversity': 2}
2026-07-28 11:24:25,497 - INFO - Population size (61) exceeds limit (60), removing 1 programs
2026-07-28 11:24:25,497 - INFO - Population size after cleanup: 60
2026-07-28 11:24:26,576 - INFO - HTTP Request: POST https://openrouter.ai/api/v1/chat/completions "HTTP/1.1 200 OK"
2026-07-28 11:25:38,777 - INFO - Evaluated program it000096 in 0.14s: combined_score=0.9521, mean_excess=0.0503, bins_used=2110.0000, lower_bound=2009.0000, num_instances=5.0000, eval_time=0.1402, validity=1.0000
2026-07-28 11:25:38,779 - INFO - Population size (61) exceeds limit (60), removing 1 programs
2026-07-28 11:25:38,779 - INFO - Population size after cleanup: 60
2026-07-28 11:25:40,860 - INFO - HTTP Request: POST https://openrouter.ai/api/v1/chat/completions "HTTP/1.1 200 OK"
2026-07-28 11:28:38,731 - INFO - Evaluated program it000097 in 0.14s: combined_score=0.8819, mean_excess=0.1339, bins_used=2278.0000, lower_bound=2009.0000, num_instances=5.0000, eval_time=0.1332, validity=1.0000
2026-07-28 11:28:38,734 - INFO - New MAP-Elites cell occupied in island 1: {'complexity': 5, 'diversity': 0}
2026-07-28 11:28:38,734 - INFO - Population size (61) exceeds limit (60), removing 1 programs
2026-07-28 11:28:38,734 - INFO - Population size after cleanup: 60
2026-07-28 11:28:40,497 - INFO - HTTP Request: POST https://openrouter.ai/api/v1/chat/completions "HTTP/1.1 200 OK"
2026-07-28 11:28:55,187 - INFO - Evaluated program it000098 in 0.15s: combined_score=0.9576, mean_excess=0.0443, bins_used=2098.0000, lower_bound=2009.0000, num_instances=5.0000, eval_time=0.1467, validity=1.0000
2026-07-28 11:28:55,189 - INFO - New MAP-Elites cell occupied in island 2: {'complexity': 6, 'diversity': 1}
2026-07-28 11:28:55,189 - INFO - Island 2 MAP-Elites coverage reached 10.0% (10/100 cells)
2026-07-28 11:28:55,189 - INFO - Population size (61) exceeds limit (60), removing 1 programs
2026-07-28 11:28:55,189 - INFO - Population size after cleanup: 60
2026-07-28 11:28:56,535 - INFO - HTTP Request: POST https://openrouter.ai/api/v1/chat/completions "HTTP/1.1 200 OK"
2026-07-28 11:29:37,208 - INFO - Evaluated program it000099 in 0.13s: combined_score=0.9608, mean_excess=0.0408, bins_used=2091.0000, lower_bound=2009.0000, num_instances=5.0000, eval_time=0.1290, validity=1.0000
2026-07-28 11:29:37,210 - INFO - New MAP-Elites cell occupied in island 3: {'complexity': 8, 'diversity': 4}
2026-07-28 11:29:37,210 - INFO - Island 3 MAP-Elites coverage reached 10.0% (10/100 cells)
2026-07-28 11:29:37,210 - INFO - Population size (61) exceeds limit (60), removing 1 programs
2026-07-28 11:29:37,210 - INFO - Population size after cleanup: 60
2026-07-28 11:29:37,239 - INFO - Saved database with 60 programs to examples/bin_packing/runs/phase-c-p1-boltzmann/bandit-islands-s42/checkpoints/checkpoint_99
2026-07-28 11:29:37,244 - INFO - Saved checkpoint at iteration 99 to examples/bin_packing/runs/phase-c-p1-boltzmann/bandit-islands-s42/checkpoints/checkpoint_99
2026-07-28 11:29:38,550 - INFO - HTTP Request: POST https://openrouter.ai/api/v1/chat/completions "HTTP/1.1 200 OK"
2026-07-28 11:30:02,441 - INFO - Evaluated program it000100 in 0.18s: combined_score=0.9000, mean_excess=0.1111, bins_used=2232.0000, lower_bound=2009.0000, num_instances=5.0000, eval_time=0.1784, validity=1.0000
2026-07-28 11:30:02,443 - INFO - New MAP-Elites cell occupied in island 0: {'complexity': 5, 'diversity': 1}
2026-07-28 11:30:02,443 - INFO - Population size (61) exceeds limit (60), removing 1 programs
2026-07-28 11:30:02,443 - INFO - Population size after cleanup: 60
2026-07-28 11:30:02,808 - INFO - HTTP Request: POST https://openrouter.ai/api/v1/chat/completions "HTTP/1.1 200 OK"
2026-07-28 11:30:30,944 - INFO - Evaluated program it000101 in 0.17s: combined_score=0.8819, mean_excess=0.1339, bins_used=2278.0000, lower_bound=2009.0000, num_instances=5.0000, eval_time=0.1664, validity=1.0000
2026-07-28 11:30:30,945 - INFO - New MAP-Elites cell occupied in island 1: {'complexity': 7, 'diversity': 3}
2026-07-28 11:30:30,946 - INFO - Population size (61) exceeds limit (60), removing 1 programs
2026-07-28 11:30:30,946 - INFO - Population size after cleanup: 60
2026-07-28 11:30:32,518 - INFO - HTTP Request: POST https://openrouter.ai/api/v1/chat/completions "HTTP/1.1 200 OK"
2026-07-28 11:30:48,541 - INFO - Evaluated program it000102 in 0.15s: combined_score=0.9567, mean_excess=0.0453, bins_used=2100.0000, lower_bound=2009.0000, num_instances=5.0000, eval_time=0.1461, validity=1.0000
2026-07-28 11:30:48,543 - INFO - New MAP-Elites cell occupied in island 2: {'complexity': 7, 'diversity': 4}
2026-07-28 11:30:48,543 - INFO - Population size (61) exceeds limit (60), removing 1 programs
2026-07-28 11:30:48,543 - INFO - Population size after cleanup: 60
2026-07-28 11:30:49,677 - INFO - HTTP Request: POST https://openrouter.ai/api/v1/chat/completions "HTTP/1.1 200 OK"
2026-07-28 11:31:02,067 - INFO - Evaluated program it000103 in 0.15s: combined_score=0.9612, mean_excess=0.0403, bins_used=2090.0000, lower_bound=2009.0000, num_instances=5.0000, eval_time=0.1518, validity=1.0000
2026-07-28 11:31:02,069 - INFO - New MAP-Elites cell occupied in island 3: {'complexity': 5, 'diversity': 0}
2026-07-28 11:31:02,069 - INFO - Population size (61) exceeds limit (60), removing 1 programs
2026-07-28 11:31:02,069 - INFO - Population size after cleanup: 60
2026-07-28 11:31:12,305 - INFO - HTTP Request: POST https://openrouter.ai/api/v1/chat/completions "HTTP/1.1 200 OK"
2026-07-28 11:31:30,198 - INFO - Evaluated program it000104 in 0.13s: combined_score=0.9562, mean_excess=0.0458, bins_used=2101.0000, lower_bound=2009.0000, num_instances=5.0000, eval_time=0.1323, validity=1.0000
2026-07-28 11:31:30,200 - INFO - New MAP-Elites cell occupied in island 0: {'complexity': 5, 'diversity': 1}
2026-07-28 11:31:30,200 - INFO - Population size (61) exceeds limit (60), removing 1 programs
2026-07-28 11:31:30,200 - INFO - Population size after cleanup: 60
2026-07-28 11:31:30,221 - INFO - Saved database with 60 programs to examples/bin_packing/runs/phase-c-p1-boltzmann/bandit-islands-s42/checkpoints/checkpoint_104
2026-07-28 11:31:30,225 - INFO - Saved checkpoint at iteration 104 to examples/bin_packing/runs/phase-c-p1-boltzmann/bandit-islands-s42/checkpoints/checkpoint_104
2026-07-28 11:31:31,601 - INFO - HTTP Request: POST https://openrouter.ai/api/v1/chat/completions "HTTP/1.1 200 OK"
2026-07-28 11:31:44,991 - INFO - Evaluated program it000105 in 0.13s: combined_score=0.9512, mean_excess=0.0513, bins_used=2112.0000, lower_bound=2009.0000, num_instances=5.0000, eval_time=0.1320, validity=1.0000
2026-07-28 11:31:44,992 - INFO - Population size (61) exceeds limit (60), removing 1 programs
2026-07-28 11:31:44,992 - INFO - Population size after cleanup: 60
2026-07-28 11:31:46,117 - INFO - HTTP Request: POST https://openrouter.ai/api/v1/chat/completions "HTTP/1.1 200 OK"
2026-07-28 11:33:00,228 - INFO - Evaluated program it000106 in 0.14s: combined_score=0.9567, mean_excess=0.0453, bins_used=2100.0000, lower_bound=2009.0000, num_instances=5.0000, eval_time=0.1389, validity=1.0000
2026-07-28 11:33:00,229 - INFO - New MAP-Elites cell occupied in island 2: {'complexity': 8, 'diversity': 9}
2026-07-28 11:33:00,230 - INFO - Population size (61) exceeds limit (60), removing 1 programs
2026-07-28 11:33:00,230 - INFO - Population size after cleanup: 60
2026-07-28 11:33:02,954 - INFO - HTTP Request: POST https://openrouter.ai/api/v1/chat/completions "HTTP/1.1 200 OK"
2026-07-28 11:33:15,015 - INFO - Evaluated program it000107 in 0.13s: combined_score=0.9562, mean_excess=0.0458, bins_used=2101.0000, lower_bound=2009.0000, num_instances=5.0000, eval_time=0.1320, validity=1.0000
2026-07-28 11:33:15,017 - INFO - New MAP-Elites cell occupied in island 3: {'complexity': 7, 'diversity': 2}
2026-07-28 11:33:15,017 - INFO - Population size (61) exceeds limit (60), removing 1 programs
2026-07-28 11:33:15,017 - INFO - Population size after cleanup: 60
2026-07-28 11:33:16,115 - INFO - HTTP Request: POST https://openrouter.ai/api/v1/chat/completions "HTTP/1.1 200 OK"
2026-07-28 11:33:30,647 - INFO - Evaluated program it000108 in 0.14s: combined_score=0.9553, mean_excess=0.0468, bins_used=2103.0000, lower_bound=2009.0000, num_instances=5.0000, eval_time=0.1373, validity=1.0000
2026-07-28 11:33:30,649 - INFO - New MAP-Elites cell occupied in island 0: {'complexity': 6, 'diversity': 1}
2026-07-28 11:33:30,649 - INFO - Population size (61) exceeds limit (60), removing 1 programs
2026-07-28 11:33:30,649 - INFO - Population size after cleanup: 60
2026-07-28 11:33:31,780 - INFO - HTTP Request: POST https://openrouter.ai/api/v1/chat/completions "HTTP/1.1 200 OK"
2026-07-28 11:33:58,639 - INFO - Evaluated program it000109 in 0.13s: combined_score=0.9562, mean_excess=0.0458, bins_used=2101.0000, lower_bound=2009.0000, num_instances=5.0000, eval_time=0.1293, validity=1.0000
2026-07-28 11:33:58,641 - INFO - Population size (61) exceeds limit (60), removing 1 programs
2026-07-28 11:33:58,641 - INFO - Population size after cleanup: 60
2026-07-28 11:33:58,662 - INFO - Saved database with 60 programs to examples/bin_packing/runs/phase-c-p1-boltzmann/bandit-islands-s42/checkpoints/checkpoint_109
2026-07-28 11:33:58,667 - INFO - Saved checkpoint at iteration 109 to examples/bin_packing/runs/phase-c-p1-boltzmann/bandit-islands-s42/checkpoints/checkpoint_109
2026-07-28 11:34:01,238 - INFO - HTTP Request: POST https://openrouter.ai/api/v1/chat/completions "HTTP/1.1 200 OK"
2026-07-28 11:34:28,565 - INFO - Evaluated program it000110 in 0.13s: combined_score=0.9562, mean_excess=0.0458, bins_used=2101.0000, lower_bound=2009.0000, num_instances=5.0000, eval_time=0.1295, validity=1.0000
2026-07-28 11:34:28,567 - INFO - Population size (61) exceeds limit (60), removing 1 programs
2026-07-28 11:34:28,567 - INFO - Population size after cleanup: 60
2026-07-28 11:34:29,793 - INFO - HTTP Request: POST https://openrouter.ai/api/v1/chat/completions "HTTP/1.1 200 OK"
2026-07-28 11:34:36,697 - INFO - Evaluated program it000111 in 0.14s: combined_score=0.9336, mean_excess=0.0712, bins_used=2152.0000, lower_bound=2009.0000, num_instances=5.0000, eval_time=0.1389, validity=1.0000
2026-07-28 11:34:36,699 - INFO - Population size (61) exceeds limit (60), removing 1 programs
2026-07-28 11:34:36,699 - INFO - Population size after cleanup: 60
2026-07-28 11:34:36,699 - INFO - Cleaned up 1 stale island best program references
2026-07-28 11:34:37,984 - INFO - HTTP Request: POST https://openrouter.ai/api/v1/chat/completions "HTTP/1.1 200 OK"
2026-07-28 11:34:52,288 - INFO - Evaluated program it000112 in 0.15s: combined_score=0.9503, mean_excess=0.0523, bins_used=2114.0000, lower_bound=2009.0000, num_instances=5.0000, eval_time=0.1437, validity=1.0000
2026-07-28 11:34:52,290 - INFO - New MAP-Elites cell occupied in island 0: {'complexity': 8, 'diversity': 6}
2026-07-28 11:34:52,290 - INFO - Population size (61) exceeds limit (60), removing 1 programs
2026-07-28 11:34:52,290 - INFO - Population size after cleanup: 60
2026-07-28 11:34:53,659 - INFO - HTTP Request: POST https://openrouter.ai/api/v1/chat/completions "HTTP/1.1 200 OK"
2026-07-28 11:36:17,254 - WARNING - Iteration 113: no valid program in LLM response (attempt 1)
2026-07-28 11:36:18,019 - INFO - HTTP Request: POST https://openrouter.ai/api/v1/chat/completions "HTTP/1.1 200 OK"
2026-07-28 11:36:46,242 - INFO - Evaluated program it000114 in 0.13s: combined_score=0.9562, mean_excess=0.0458, bins_used=2101.0000, lower_bound=2009.0000, num_instances=5.0000, eval_time=0.1284, validity=1.0000
2026-07-28 11:36:46,243 - INFO - New MAP-Elites cell occupied in island 2: {'complexity': 4, 'diversity': 0}
2026-07-28 11:36:46,243 - INFO - Population size (61) exceeds limit (60), removing 1 programs
2026-07-28 11:36:46,244 - INFO - Population size after cleanup: 60
2026-07-28 11:36:46,262 - INFO - Saved database with 60 programs to examples/bin_packing/runs/phase-c-p1-boltzmann/bandit-islands-s42/checkpoints/checkpoint_114
2026-07-28 11:36:46,267 - INFO - Saved checkpoint at iteration 114 to examples/bin_packing/runs/phase-c-p1-boltzmann/bandit-islands-s42/checkpoints/checkpoint_114
2026-07-28 11:36:47,600 - INFO - HTTP Request: POST https://openrouter.ai/api/v1/chat/completions "HTTP/1.1 200 OK"
2026-07-28 11:37:04,441 - INFO - Evaluated program it000115 in 0.14s: combined_score=0.9562, mean_excess=0.0458, bins_used=2101.0000, lower_bound=2009.0000, num_instances=5.0000, eval_time=0.1377, validity=1.0000
2026-07-28 11:37:04,442 - INFO - New MAP-Elites cell occupied in island 3: {'complexity': 6, 'diversity': 2}
2026-07-28 11:37:04,442 - INFO - Population size (61) exceeds limit (60), removing 1 programs
2026-07-28 11:37:04,443 - INFO - Population size after cleanup: 60
2026-07-28 11:37:04,443 - INFO - Cleaned up 1 stale island best program references
2026-07-28 11:37:04,782 - INFO - HTTP Request: POST https://openrouter.ai/api/v1/chat/completions "HTTP/1.1 200 OK"
2026-07-28 11:37:12,055 - INFO - Evaluated program it000116 in 0.12s: combined_score=0.9562, mean_excess=0.0458, bins_used=2101.0000, lower_bound=2009.0000, num_instances=5.0000, eval_time=0.1200, validity=1.0000
2026-07-28 11:37:12,056 - INFO - Population size (61) exceeds limit (60), removing 1 programs
2026-07-28 11:37:12,056 - INFO - Population size after cleanup: 60
2026-07-28 11:37:13,148 - INFO - HTTP Request: POST https://openrouter.ai/api/v1/chat/completions "HTTP/1.1 200 OK"
2026-07-28 11:37:34,243 - INFO - Evaluated program it000117 in 0.16s: combined_score=0.9562, mean_excess=0.0458, bins_used=2101.0000, lower_bound=2009.0000, num_instances=5.0000, eval_time=0.1537, validity=1.0000
2026-07-28 11:37:34,245 - INFO - New MAP-Elites cell occupied in island 1: {'complexity': 5, 'diversity': 1}
2026-07-28 11:37:34,245 - INFO - Population size (61) exceeds limit (60), removing 1 programs
2026-07-28 11:37:34,245 - INFO - Population size after cleanup: 60
2026-07-28 11:37:34,245 - INFO - Cleaned up 1 stale island best program references
2026-07-28 11:37:35,025 - INFO - HTTP Request: POST https://openrouter.ai/api/v1/chat/completions "HTTP/1.1 200 OK"
2026-07-28 11:37:46,112 - INFO - Evaluated program it000118 in 0.21s: combined_score=0.9562, mean_excess=0.0458, bins_used=2101.0000, lower_bound=2009.0000, num_instances=5.0000, eval_time=0.2083, validity=1.0000
2026-07-28 11:37:46,114 - INFO - New MAP-Elites cell occupied in island 2: {'complexity': 9, 'diversity': 9}
2026-07-28 11:37:46,114 - INFO - Population size (61) exceeds limit (60), removing 1 programs
2026-07-28 11:37:46,114 - INFO - Population size after cleanup: 60
2026-07-28 11:37:47,260 - INFO - HTTP Request: POST https://openrouter.ai/api/v1/chat/completions "HTTP/1.1 200 OK"
2026-07-28 11:38:09,085 - INFO - Evaluated program it000119 in 0.15s: combined_score=0.9562, mean_excess=0.0458, bins_used=2101.0000, lower_bound=2009.0000, num_instances=5.0000, eval_time=0.1485, validity=1.0000
2026-07-28 11:38:09,087 - INFO - New MAP-Elites cell occupied in island 3: {'complexity': 5, 'diversity': 2}
2026-07-28 11:38:09,087 - INFO - Population size (61) exceeds limit (60), removing 1 programs
2026-07-28 11:38:09,087 - INFO - Population size after cleanup: 60
2026-07-28 11:38:09,109 - INFO - Saved database with 60 programs to examples/bin_packing/runs/phase-c-p1-boltzmann/bandit-islands-s42/checkpoints/checkpoint_119
2026-07-28 11:38:09,114 - INFO - Saved checkpoint at iteration 119 to examples/bin_packing/runs/phase-c-p1-boltzmann/bandit-islands-s42/checkpoints/checkpoint_119
2026-07-28 11:38:19,293 - INFO - HTTP Request: POST https://openrouter.ai/api/v1/chat/completions "HTTP/1.1 200 OK"
2026-07-28 11:38:20,837 - INFO - Evaluated program it000120 in 0.15s: combined_score=0.9562, mean_excess=0.0458, bins_used=2101.0000, lower_bound=2009.0000, num_instances=5.0000, eval_time=0.1448, validity=1.0000
2026-07-28 11:38:20,838 - INFO - Population size (61) exceeds limit (60), removing 1 programs
2026-07-28 11:38:20,838 - INFO - Population size after cleanup: 60
2026-07-28 11:38:22,374 - INFO - HTTP Request: POST https://openrouter.ai/api/v1/chat/completions "HTTP/1.1 200 OK"
2026-07-28 11:38:37,818 - INFO - Evaluated program it000121 in 0.13s: combined_score=0.9562, mean_excess=0.0458, bins_used=2101.0000, lower_bound=2009.0000, num_instances=5.0000, eval_time=0.1251, validity=1.0000
2026-07-28 11:38:37,819 - INFO - New MAP-Elites cell occupied in island 1: {'complexity': 5, 'diversity': 2}
2026-07-28 11:38:37,819 - INFO - Population size (61) exceeds limit (60), removing 1 programs
2026-07-28 11:38:37,819 - INFO - Population size after cleanup: 60
2026-07-28 11:38:39,655 - INFO - HTTP Request: POST https://openrouter.ai/api/v1/chat/completions "HTTP/1.1 200 OK"
2026-07-28 11:38:49,772 - INFO - Evaluated program it000122 in 0.10s: combined_score=0.9562, mean_excess=0.0458, bins_used=2101.0000, lower_bound=2009.0000, num_instances=5.0000, eval_time=0.1009, validity=1.0000
2026-07-28 11:38:49,774 - INFO - New MAP-Elites cell occupied in island 2: {'complexity': 3, 'diversity': 0}
2026-07-28 11:38:49,774 - INFO - Population size (61) exceeds limit (60), removing 1 programs
2026-07-28 11:38:49,774 - INFO - Population size after cleanup: 60
2026-07-28 11:38:50,706 - INFO - HTTP Request: POST https://openrouter.ai/api/v1/chat/completions "HTTP/1.1 200 OK"
2026-07-28 11:39:17,561 - INFO - Evaluated program it000123 in 0.15s: combined_score=0.9562, mean_excess=0.0458, bins_used=2101.0000, lower_bound=2009.0000, num_instances=5.0000, eval_time=0.1476, validity=1.0000
2026-07-28 11:39:17,563 - INFO - Population size (61) exceeds limit (60), removing 1 programs
2026-07-28 11:39:17,563 - INFO - Population size after cleanup: 60
2026-07-28 11:39:18,219 - INFO - HTTP Request: POST https://openrouter.ai/api/v1/chat/completions "HTTP/1.1 200 OK"
2026-07-28 11:39:38,929 - INFO - Evaluated program it000124 in 0.35s: combined_score=0.8815, mean_excess=0.1344, bins_used=2279.0000, lower_bound=2009.0000, num_instances=5.0000, eval_time=0.3429, validity=1.0000
2026-07-28 11:39:38,931 - INFO - New MAP-Elites cell occupied in island 0: {'complexity': 8, 'diversity': 9}
2026-07-28 11:39:38,931 - INFO - Population size (61) exceeds limit (60), removing 1 programs
2026-07-28 11:39:38,931 - INFO - Population size after cleanup: 60
2026-07-28 11:39:38,952 - INFO - Saved database with 60 programs to examples/bin_packing/runs/phase-c-p1-boltzmann/bandit-islands-s42/checkpoints/checkpoint_124
2026-07-28 11:39:38,957 - INFO - Saved checkpoint at iteration 124 to examples/bin_packing/runs/phase-c-p1-boltzmann/bandit-islands-s42/checkpoints/checkpoint_124
2026-07-28 11:39:40,750 - INFO - HTTP Request: POST https://openrouter.ai/api/v1/chat/completions "HTTP/1.1 200 OK"
2026-07-28 11:39:53,567 - INFO - Evaluated program it000125 in 0.14s: combined_score=0.9562, mean_excess=0.0458, bins_used=2101.0000, lower_bound=2009.0000, num_instances=5.0000, eval_time=0.1412, validity=1.0000
2026-07-28 11:39:53,569 - INFO - New MAP-Elites cell occupied in island 1: {'complexity': 6, 'diversity': 2}
2026-07-28 11:39:53,569 - INFO - Population size (61) exceeds limit (60), removing 1 programs
2026-07-28 11:39:53,569 - INFO - Population size after cleanup: 60
2026-07-28 11:39:54,787 - INFO - HTTP Request: POST https://openrouter.ai/api/v1/chat/completions "HTTP/1.1 200 OK"
2026-07-28 11:40:10,063 - INFO - Evaluated program it000126 in 0.16s: combined_score=0.9562, mean_excess=0.0458, bins_used=2101.0000, lower_bound=2009.0000, num_instances=5.0000, eval_time=0.1590, validity=1.0000
2026-07-28 11:40:10,064 - INFO - Population size (61) exceeds limit (60), removing 1 programs
2026-07-28 11:40:10,064 - INFO - Population size after cleanup: 60
2026-07-28 11:40:10,768 - INFO - HTTP Request: POST https://openrouter.ai/api/v1/chat/completions "HTTP/1.1 200 OK"
2026-07-28 11:40:26,691 - INFO - Evaluated program it000127 in 0.16s: combined_score=0.9612, mean_excess=0.0403, bins_used=2090.0000, lower_bound=2009.0000, num_instances=5.0000, eval_time=0.1601, validity=1.0000
2026-07-28 11:40:26,692 - INFO - New MAP-Elites cell occupied in island 3: {'complexity': 4, 'diversity': 0}
2026-07-28 11:40:26,693 - INFO - Population size (61) exceeds limit (60), removing 1 programs
2026-07-28 11:40:26,693 - INFO - Population size after cleanup: 60
2026-07-28 11:40:28,345 - INFO - HTTP Request: POST https://openrouter.ai/api/v1/chat/completions "HTTP/1.1 200 OK"
2026-07-28 11:40:45,246 - INFO - Evaluated program it000128 in 0.16s: combined_score=0.9562, mean_excess=0.0458, bins_used=2101.0000, lower_bound=2009.0000, num_instances=5.0000, eval_time=0.1615, validity=1.0000
2026-07-28 11:40:45,248 - INFO - Population size (61) exceeds limit (60), removing 1 programs
2026-07-28 11:40:45,248 - INFO - Population size after cleanup: 60
2026-07-28 11:40:46,606 - INFO - HTTP Request: POST https://openrouter.ai/api/v1/chat/completions "HTTP/1.1 200 OK"
2026-07-28 11:41:02,485 - INFO - Evaluated program it000129 in 0.13s: combined_score=0.9562, mean_excess=0.0458, bins_used=2101.0000, lower_bound=2009.0000, num_instances=5.0000, eval_time=0.1241, validity=1.0000
2026-07-28 11:41:02,487 - INFO - Population size (61) exceeds limit (60), removing 1 programs
2026-07-28 11:41:02,487 - INFO - Population size after cleanup: 60
2026-07-28 11:41:02,509 - INFO - Saved database with 60 programs to examples/bin_packing/runs/phase-c-p1-boltzmann/bandit-islands-s42/checkpoints/checkpoint_129
2026-07-28 11:41:02,513 - INFO - Saved checkpoint at iteration 129 to examples/bin_packing/runs/phase-c-p1-boltzmann/bandit-islands-s42/checkpoints/checkpoint_129
2026-07-28 11:41:03,640 - INFO - HTTP Request: POST https://openrouter.ai/api/v1/chat/completions "HTTP/1.1 200 OK"
2026-07-28 11:42:35,991 - INFO - Evaluated program it000130 in 0.16s: combined_score=0.9562, mean_excess=0.0458, bins_used=2101.0000, lower_bound=2009.0000, num_instances=5.0000, eval_time=0.1587, validity=1.0000
2026-07-28 11:42:35,993 - INFO - Population size (61) exceeds limit (60), removing 1 programs
2026-07-28 11:42:35,993 - INFO - Population size after cleanup: 60
2026-07-28 11:42:37,865 - INFO - HTTP Request: POST https://openrouter.ai/api/v1/chat/completions "HTTP/1.1 200 OK"
2026-07-28 11:42:50,102 - INFO - Evaluated program it000131 in 0.15s: combined_score=0.9636, mean_excess=0.0378, bins_used=2085.0000, lower_bound=2009.0000, num_instances=5.0000, eval_time=0.1490, validity=1.0000
2026-07-28 11:42:50,104 - INFO - New MAP-Elites cell occupied in island 3: {'complexity': 5, 'diversity': 1}
2026-07-28 11:42:50,104 - INFO - Population size (61) exceeds limit (60), removing 1 programs
2026-07-28 11:42:50,104 - INFO - Population size after cleanup: 60
2026-07-28 11:42:50,104 - INFO - New best program it000131 replaces it000047 (combined_score: 0.9612 → 0.9636, +0.0023)
2026-07-28 11:42:52,684 - INFO - HTTP Request: POST https://openrouter.ai/api/v1/chat/completions "HTTP/1.1 200 OK"
2026-07-28 11:43:27,611 - INFO - Evaluated program it000132 in 0.14s: combined_score=0.9562, mean_excess=0.0458, bins_used=2101.0000, lower_bound=2009.0000, num_instances=5.0000, eval_time=0.1399, validity=1.0000
2026-07-28 11:43:27,613 - INFO - Population size (61) exceeds limit (60), removing 1 programs
2026-07-28 11:43:27,613 - INFO - Population size after cleanup: 60
2026-07-28 11:43:27,936 - INFO - HTTP Request: POST https://openrouter.ai/api/v1/chat/completions "HTTP/1.1 200 OK"
2026-07-28 11:43:37,866 - INFO - Evaluated program it000133 in 0.13s: combined_score=0.9562, mean_excess=0.0458, bins_used=2101.0000, lower_bound=2009.0000, num_instances=5.0000, eval_time=0.1293, validity=1.0000
2026-07-28 11:43:37,868 - INFO - Population size (61) exceeds limit (60), removing 1 programs
2026-07-28 11:43:37,868 - INFO - Population size after cleanup: 60
2026-07-28 11:43:42,231 - INFO - HTTP Request: POST https://openrouter.ai/api/v1/chat/completions "HTTP/1.1 200 OK"
2026-07-28 11:43:42,713 - INFO - Evaluated program it000134 in 0.15s: combined_score=0.9567, mean_excess=0.0453, bins_used=2100.0000, lower_bound=2009.0000, num_instances=5.0000, eval_time=0.1450, validity=1.0000
2026-07-28 11:43:42,715 - INFO - Island 2 MAP-Elites cell improved: {'complexity': 4, 'diversity': 0} (fitness: 0.956 -> 0.957)
2026-07-28 11:43:42,715 - INFO - Population size (61) exceeds limit (60), removing 1 programs
2026-07-28 11:43:42,715 - INFO - Population size after cleanup: 60
2026-07-28 11:43:42,733 - INFO - Saved database with 60 programs to examples/bin_packing/runs/phase-c-p1-boltzmann/bandit-islands-s42/checkpoints/checkpoint_134
2026-07-28 11:43:42,737 - INFO - Saved checkpoint at iteration 134 to examples/bin_packing/runs/phase-c-p1-boltzmann/bandit-islands-s42/checkpoints/checkpoint_134
2026-07-28 11:43:43,876 - INFO - HTTP Request: POST https://openrouter.ai/api/v1/chat/completions "HTTP/1.1 200 OK"
2026-07-28 11:44:43,786 - INFO - Evaluated program it000135 in 0.14s: combined_score=0.8819, mean_excess=0.1339, bins_used=2278.0000, lower_bound=2009.0000, num_instances=5.0000, eval_time=0.1355, validity=1.0000
2026-07-28 11:44:43,787 - INFO - Population size (61) exceeds limit (60), removing 1 programs
2026-07-28 11:44:43,787 - INFO - Population size after cleanup: 60
2026-07-28 11:44:44,311 - INFO - HTTP Request: POST https://openrouter.ai/api/v1/chat/completions "HTTP/1.1 200 OK"
2026-07-28 11:44:47,181 - INFO - Evaluated program it000136 in 0.14s: combined_score=0.9562, mean_excess=0.0458, bins_used=2101.0000, lower_bound=2009.0000, num_instances=5.0000, eval_time=0.1382, validity=1.0000
2026-07-28 11:44:47,182 - INFO - New MAP-Elites cell occupied in island 0: {'complexity': 2, 'diversity': 4}
2026-07-28 11:44:47,182 - INFO - Population size (61) exceeds limit (60), removing 1 programs
2026-07-28 11:44:47,182 - INFO - Population size after cleanup: 60
2026-07-28 11:44:52,537 - INFO - HTTP Request: POST https://openrouter.ai/api/v1/chat/completions "HTTP/1.1 200 OK"
2026-07-28 11:45:11,759 - INFO - Evaluated program it000137 in 0.14s: combined_score=0.9562, mean_excess=0.0458, bins_used=2101.0000, lower_bound=2009.0000, num_instances=5.0000, eval_time=0.1388, validity=1.0000
2026-07-28 11:45:11,761 - INFO - New MAP-Elites cell occupied in island 1: {'complexity': 3, 'diversity': 1}
2026-07-28 11:45:11,761 - INFO - Population size (61) exceeds limit (60), removing 1 programs
2026-07-28 11:45:11,761 - INFO - Population size after cleanup: 60
2026-07-28 11:45:13,487 - INFO - HTTP Request: POST https://openrouter.ai/api/v1/chat/completions "HTTP/1.1 200 OK"
2026-07-28 11:46:53,310 - INFO - Evaluated program it000138 in 0.15s: combined_score=0.9562, mean_excess=0.0458, bins_used=2101.0000, lower_bound=2009.0000, num_instances=5.0000, eval_time=0.1445, validity=1.0000
2026-07-28 11:46:53,312 - INFO - Population size (61) exceeds limit (60), removing 1 programs
2026-07-28 11:46:53,312 - INFO - Population size after cleanup: 60
2026-07-28 11:46:54,138 - INFO - HTTP Request: POST https://openrouter.ai/api/v1/chat/completions "HTTP/1.1 200 OK"
2026-07-28 11:47:04,552 - INFO - Evaluated program it000139 in 0.11s: combined_score=0.9636, mean_excess=0.0378, bins_used=2085.0000, lower_bound=2009.0000, num_instances=5.0000, eval_time=0.1141, validity=1.0000
2026-07-28 11:47:04,553 - INFO - Population size (61) exceeds limit (60), removing 1 programs
2026-07-28 11:47:04,553 - INFO - Population size after cleanup: 60
2026-07-28 11:47:04,575 - INFO - Saved database with 60 programs to examples/bin_packing/runs/phase-c-p1-boltzmann/bandit-islands-s42/checkpoints/checkpoint_139
2026-07-28 11:47:04,580 - INFO - Saved checkpoint at iteration 139 to examples/bin_packing/runs/phase-c-p1-boltzmann/bandit-islands-s42/checkpoints/checkpoint_139
2026-07-28 11:47:05,649 - INFO - HTTP Request: POST https://openrouter.ai/api/v1/chat/completions "HTTP/1.1 200 OK"
2026-07-28 11:47:43,357 - INFO - Evaluated program it000140 in 0.13s: combined_score=0.9562, mean_excess=0.0458, bins_used=2101.0000, lower_bound=2009.0000, num_instances=5.0000, eval_time=0.1280, validity=1.0000
2026-07-28 11:47:43,359 - INFO - Population size (61) exceeds limit (60), removing 1 programs
2026-07-28 11:47:43,359 - INFO - Population size after cleanup: 60
2026-07-28 11:47:45,385 - INFO - HTTP Request: POST https://openrouter.ai/api/v1/chat/completions "HTTP/1.1 200 OK"
2026-07-28 11:48:12,668 - INFO - Evaluated program it000141 in 0.14s: combined_score=0.9562, mean_excess=0.0458, bins_used=2101.0000, lower_bound=2009.0000, num_instances=5.0000, eval_time=0.1328, validity=1.0000
2026-07-28 11:48:12,669 - INFO - New MAP-Elites cell occupied in island 1: {'complexity': 4, 'diversity': 1}
2026-07-28 11:48:12,669 - INFO - Population size (61) exceeds limit (60), removing 1 programs
2026-07-28 11:48:12,670 - INFO - Population size after cleanup: 60
2026-07-28 11:48:13,761 - INFO - HTTP Request: POST https://openrouter.ai/api/v1/chat/completions "HTTP/1.1 200 OK"
2026-07-28 11:50:13,118 - WARNING - Iteration 142: no valid program in LLM response (attempt 1)
2026-07-28 11:50:15,212 - INFO - HTTP Request: POST https://openrouter.ai/api/v1/chat/completions "HTTP/1.1 200 OK"
2026-07-28 11:50:21,612 - INFO - Evaluated program it000143 in 0.15s: combined_score=0.9636, mean_excess=0.0378, bins_used=2085.0000, lower_bound=2009.0000, num_instances=5.0000, eval_time=0.1425, validity=1.0000
2026-07-28 11:50:21,614 - INFO - Island 3 MAP-Elites cell improved: {'complexity': 4, 'diversity': 0} (fitness: 0.961 -> 0.964)
2026-07-28 11:50:21,614 - INFO - Population size (61) exceeds limit (60), removing 1 programs
2026-07-28 11:50:21,614 - INFO - Population size after cleanup: 60
2026-07-28 11:50:22,610 - INFO - HTTP Request: POST https://openrouter.ai/api/v1/chat/completions "HTTP/1.1 200 OK"
2026-07-28 11:50:44,000 - INFO - Evaluated program it000144 in 0.15s: combined_score=0.9220, mean_excess=0.0846, bins_used=2179.0000, lower_bound=2009.0000, num_instances=5.0000, eval_time=0.1432, validity=1.0000
2026-07-28 11:50:44,002 - INFO - New MAP-Elites cell occupied in island 0: {'complexity': 0, 'diversity': 6}
2026-07-28 11:50:44,002 - INFO - Population size (61) exceeds limit (60), removing 1 programs
2026-07-28 11:50:44,002 - INFO - Population size after cleanup: 60
2026-07-28 11:50:44,002 - INFO - Cleaned up 1 stale island best program references
2026-07-28 11:50:44,019 - INFO - Saved database with 60 programs to examples/bin_packing/runs/phase-c-p1-boltzmann/bandit-islands-s42/checkpoints/checkpoint_144
2026-07-28 11:50:44,025 - INFO - Saved checkpoint at iteration 144 to examples/bin_packing/runs/phase-c-p1-boltzmann/bandit-islands-s42/checkpoints/checkpoint_144
2026-07-28 11:50:44,380 - INFO - HTTP Request: POST https://openrouter.ai/api/v1/chat/completions "HTTP/1.1 200 OK"
2026-07-28 11:51:13,264 - INFO - Evaluated program it000145 in 0.14s: combined_score=0.9562, mean_excess=0.0458, bins_used=2101.0000, lower_bound=2009.0000, num_instances=5.0000, eval_time=0.1330, validity=1.0000
2026-07-28 11:51:13,266 - INFO - Population size (61) exceeds limit (60), removing 1 programs
2026-07-28 11:51:13,266 - INFO - Population size after cleanup: 60
2026-07-28 11:51:15,651 - INFO - HTTP Request: POST https://openrouter.ai/api/v1/chat/completions "HTTP/1.1 200 OK"
2026-07-28 11:51:34,381 - INFO - Evaluated program it000146 in 0.14s: combined_score=0.9562, mean_excess=0.0458, bins_used=2101.0000, lower_bound=2009.0000, num_instances=5.0000, eval_time=0.1375, validity=1.0000
2026-07-28 11:51:34,383 - INFO - Population size (61) exceeds limit (60), removing 1 programs
2026-07-28 11:51:34,383 - INFO - Population size after cleanup: 60
2026-07-28 11:51:37,148 - INFO - HTTP Request: POST https://openrouter.ai/api/v1/chat/completions "HTTP/1.1 200 OK"
2026-07-28 11:52:56,606 - INFO - Evaluated program it000147 in 0.14s: combined_score=0.9636, mean_excess=0.0378, bins_used=2085.0000, lower_bound=2009.0000, num_instances=5.0000, eval_time=0.1364, validity=1.0000
2026-07-28 11:52:56,607 - INFO - Population size (61) exceeds limit (60), removing 1 programs
2026-07-28 11:52:56,607 - INFO - Population size after cleanup: 60
2026-07-28 11:52:57,603 - INFO - HTTP Request: POST https://openrouter.ai/api/v1/chat/completions "HTTP/1.1 200 OK"
2026-07-28 11:53:05,015 - INFO - Evaluated program it000148 in 0.12s: combined_score=0.9562, mean_excess=0.0458, bins_used=2101.0000, lower_bound=2009.0000, num_instances=5.0000, eval_time=0.1204, validity=1.0000
2026-07-28 11:53:05,016 - INFO - New MAP-Elites cell occupied in island 0: {'complexity': 0, 'diversity': 6}
2026-07-28 11:53:05,016 - INFO - Population size (61) exceeds limit (60), removing 1 programs
2026-07-28 11:53:05,016 - INFO - Population size after cleanup: 60
2026-07-28 11:53:06,382 - INFO - HTTP Request: POST https://openrouter.ai/api/v1/chat/completions "HTTP/1.1 200 OK"
2026-07-28 11:53:22,703 - INFO - Evaluated program it000149 in 0.13s: combined_score=0.9562, mean_excess=0.0458, bins_used=2101.0000, lower_bound=2009.0000, num_instances=5.0000, eval_time=0.1331, validity=1.0000
2026-07-28 11:53:22,705 - INFO - New MAP-Elites cell occupied in island 1: {'complexity': 3, 'diversity': 0}
2026-07-28 11:53:22,705 - INFO - Population size (61) exceeds limit (60), removing 1 programs
2026-07-28 11:53:22,705 - INFO - Population size after cleanup: 60
2026-07-28 11:53:22,724 - INFO - Saved database with 60 programs to examples/bin_packing/runs/phase-c-p1-boltzmann/bandit-islands-s42/checkpoints/checkpoint_149
2026-07-28 11:53:22,730 - INFO - Saved checkpoint at iteration 149 to examples/bin_packing/runs/phase-c-p1-boltzmann/bandit-islands-s42/checkpoints/checkpoint_149
2026-07-28 11:53:23,824 - INFO - HTTP Request: POST https://openrouter.ai/api/v1/chat/completions "HTTP/1.1 200 OK"
2026-07-28 11:53:46,294 - INFO - Evaluated program it000150 in 0.05s: combined_score=0.0000, mean_excess=inf, bins_used=inf, lower_bound=0.0000, num_instances=0.0000, validity=0.0000, error=Program execution failed: invalid syntax. Perhaps you forgot a comma? (tmp8lzksc55.py, line 79)
2026-07-28 11:53:46,295 - WARNING - Iteration 150: evaluation failed (attempt 1): evaluation failed: unknown error
2026-07-28 11:53:47,592 - INFO - HTTP Request: POST https://openrouter.ai/api/v1/chat/completions "HTTP/1.1 200 OK"
2026-07-28 11:54:18,095 - INFO - Evaluated program it000151 in 0.16s: combined_score=0.9617, mean_excess=0.0398, bins_used=2089.0000, lower_bound=2009.0000, num_instances=5.0000, eval_time=0.1580, validity=1.0000
2026-07-28 11:54:18,097 - INFO - Island 3 MAP-Elites cell improved: {'complexity': 5, 'diversity': 2} (fitness: 0.956 -> 0.962)
2026-07-28 11:54:18,097 - INFO - Population size (61) exceeds limit (60), removing 1 programs
2026-07-28 11:54:18,097 - INFO - Population size after cleanup: 60
2026-07-28 11:54:18,995 - INFO - HTTP Request: POST https://openrouter.ai/api/v1/chat/completions "HTTP/1.1 200 OK"
2026-07-28 11:54:31,489 - INFO - Evaluated program it000152 in 0.14s: combined_score=0.9562, mean_excess=0.0458, bins_used=2101.0000, lower_bound=2009.0000, num_instances=5.0000, eval_time=0.1401, validity=1.0000
2026-07-28 11:54:31,491 - INFO - New MAP-Elites cell occupied in island 0: {'complexity': 3, 'diversity': 0}
2026-07-28 11:54:31,491 - INFO - Population size (61) exceeds limit (60), removing 1 programs
2026-07-28 11:54:31,491 - INFO - Population size after cleanup: 60
2026-07-28 11:54:33,008 - INFO - HTTP Request: POST https://openrouter.ai/api/v1/chat/completions "HTTP/1.1 200 OK"
2026-07-28 11:54:43,809 - INFO - Evaluated program it000153 in 0.12s: combined_score=0.9562, mean_excess=0.0458, bins_used=2101.0000, lower_bound=2009.0000, num_instances=5.0000, eval_time=0.1214, validity=1.0000
2026-07-28 11:54:43,810 - INFO - New MAP-Elites cell occupied in island 1: {'complexity': 2, 'diversity': 2}
2026-07-28 11:54:43,811 - INFO - Population size (61) exceeds limit (60), removing 1 programs
2026-07-28 11:54:43,811 - INFO - Population size after cleanup: 60
2026-07-28 11:54:45,214 - INFO - HTTP Request: POST https://openrouter.ai/api/v1/chat/completions "HTTP/1.1 200 OK"
2026-07-28 11:55:05,403 - INFO - Evaluated program it000154 in 0.13s: combined_score=0.9562, mean_excess=0.0458, bins_used=2101.0000, lower_bound=2009.0000, num_instances=5.0000, eval_time=0.1319, validity=1.0000
2026-07-28 11:55:05,405 - INFO - New MAP-Elites cell occupied in island 2: {'complexity': 5, 'diversity': 0}
2026-07-28 11:55:05,405 - INFO - Population size (61) exceeds limit (60), removing 1 programs
2026-07-28 11:55:05,405 - INFO - Population size after cleanup: 60
2026-07-28 11:55:05,425 - INFO - Saved database with 60 programs to examples/bin_packing/runs/phase-c-p1-boltzmann/bandit-islands-s42/checkpoints/checkpoint_154
2026-07-28 11:55:05,430 - INFO - Saved checkpoint at iteration 154 to examples/bin_packing/runs/phase-c-p1-boltzmann/bandit-islands-s42/checkpoints/checkpoint_154
2026-07-28 11:55:06,182 - INFO - HTTP Request: POST https://openrouter.ai/api/v1/chat/completions "HTTP/1.1 200 OK"
2026-07-28 11:55:24,545 - INFO - Evaluated program it000155 in 0.15s: combined_score=0.9401, mean_excess=0.0637, bins_used=2137.0000, lower_bound=2009.0000, num_instances=5.0000, eval_time=0.1477, validity=1.0000
2026-07-28 11:55:24,547 - INFO - Population size (61) exceeds limit (60), removing 1 programs
2026-07-28 11:55:24,547 - INFO - Population size after cleanup: 60
2026-07-28 11:55:24,779 - INFO - HTTP Request: POST https://openrouter.ai/api/v1/chat/completions "HTTP/1.1 200 OK"
2026-07-28 11:55:28,983 - INFO - Evaluated program it000156 in 0.24s: combined_score=0.9562, mean_excess=0.0458, bins_used=2101.0000, lower_bound=2009.0000, num_instances=5.0000, eval_time=0.2348, validity=1.0000
2026-07-28 11:55:28,985 - INFO - Population size (61) exceeds limit (60), removing 1 programs
2026-07-28 11:55:28,985 - INFO - Population size after cleanup: 60
2026-07-28 11:55:31,272 - INFO - HTTP Request: POST https://openrouter.ai/api/v1/chat/completions "HTTP/1.1 200 OK"
2026-07-28 11:55:44,333 - INFO - Evaluated program it000157 in 0.13s: combined_score=0.9562, mean_excess=0.0458, bins_used=2101.0000, lower_bound=2009.0000, num_instances=5.0000, eval_time=0.1277, validity=1.0000
2026-07-28 11:55:44,335 - INFO - Population size (61) exceeds limit (60), removing 1 programs
2026-07-28 11:55:44,335 - INFO - Population size after cleanup: 60
2026-07-28 11:55:44,608 - INFO - HTTP Request: POST https://openrouter.ai/api/v1/chat/completions "HTTP/1.1 200 OK"
2026-07-28 11:56:15,354 - INFO - Evaluated program it000158 in 0.26s: combined_score=0.9562, mean_excess=0.0458, bins_used=2101.0000, lower_bound=2009.0000, num_instances=5.0000, eval_time=0.2576, validity=1.0000
2026-07-28 11:56:15,356 - INFO - New MAP-Elites cell occupied in island 2: {'complexity': 5, 'diversity': 2}
2026-07-28 11:56:15,356 - INFO - Population size (61) exceeds limit (60), removing 1 programs
2026-07-28 11:56:15,356 - INFO - Population size after cleanup: 60
2026-07-28 11:56:15,356 - INFO - Cleaned up 1 stale island best program references
2026-07-28 11:56:16,591 - INFO - HTTP Request: POST https://openrouter.ai/api/v1/chat/completions "HTTP/1.1 200 OK"
2026-07-28 11:56:21,504 - INFO - Evaluated program it000159 in 0.15s: combined_score=0.8815, mean_excess=0.1344, bins_used=2279.0000, lower_bound=2009.0000, num_instances=5.0000, eval_time=0.1459, validity=1.0000
2026-07-28 11:56:21,505 - INFO - New MAP-Elites cell occupied in island 3: {'complexity': 8, 'diversity': 6}
2026-07-28 11:56:21,505 - INFO - Population size (61) exceeds limit (60), removing 1 programs
2026-07-28 11:56:21,505 - INFO - Population size after cleanup: 60
2026-07-28 11:56:21,524 - INFO - Saved database with 60 programs to examples/bin_packing/runs/phase-c-p1-boltzmann/bandit-islands-s42/checkpoints/checkpoint_159
2026-07-28 11:56:21,530 - INFO - Saved checkpoint at iteration 159 to examples/bin_packing/runs/phase-c-p1-boltzmann/bandit-islands-s42/checkpoints/checkpoint_159
2026-07-28 11:56:29,578 - INFO - HTTP Request: POST https://openrouter.ai/api/v1/chat/completions "HTTP/1.1 200 OK"
2026-07-28 11:59:39,180 - INFO - Evaluated program it000160 in 0.13s: combined_score=0.9349, mean_excess=0.0697, bins_used=2149.0000, lower_bound=2009.0000, num_instances=5.0000, eval_time=0.1306, validity=1.0000
2026-07-28 11:59:39,182 - INFO - Population size (61) exceeds limit (60), removing 1 programs
2026-07-28 11:59:39,184 - INFO - Population size after cleanup: 60
2026-07-28 11:59:39,543 - INFO - HTTP Request: POST https://openrouter.ai/api/v1/chat/completions "HTTP/1.1 200 OK"
2026-07-28 11:59:44,694 - INFO - Evaluated program it000161 in 0.13s: combined_score=0.9562, mean_excess=0.0458, bins_used=2101.0000, lower_bound=2009.0000, num_instances=5.0000, eval_time=0.1297, validity=1.0000
2026-07-28 11:59:44,695 - INFO - Population size (61) exceeds limit (60), removing 1 programs
2026-07-28 11:59:44,695 - INFO - Population size after cleanup: 60
2026-07-28 11:59:46,198 - INFO - HTTP Request: POST https://openrouter.ai/api/v1/chat/completions "HTTP/1.1 200 OK"
2026-07-28 11:59:58,636 - INFO - Evaluated program it000162 in 0.15s: combined_score=0.9567, mean_excess=0.0453, bins_used=2100.0000, lower_bound=2009.0000, num_instances=5.0000, eval_time=0.1464, validity=1.0000
2026-07-28 11:59:58,637 - INFO - Population size (61) exceeds limit (60), removing 1 programs
2026-07-28 11:59:58,637 - INFO - Population size after cleanup: 60
2026-07-28 12:00:00,113 - INFO - HTTP Request: POST https://openrouter.ai/api/v1/chat/completions "HTTP/1.1 200 OK"
2026-07-28 12:00:28,400 - INFO - Evaluated program it000163 in 0.14s: combined_score=0.9608, mean_excess=0.0408, bins_used=2091.0000, lower_bound=2009.0000, num_instances=5.0000, eval_time=0.1407, validity=1.0000
2026-07-28 12:00:28,402 - INFO - Population size (61) exceeds limit (60), removing 1 programs
2026-07-28 12:00:28,402 - INFO - Population size after cleanup: 60
2026-07-28 12:00:31,030 - INFO - HTTP Request: POST https://openrouter.ai/api/v1/chat/completions "HTTP/1.1 200 OK"
2026-07-28 12:00:49,871 - INFO - Evaluated program it000164 in 0.12s: combined_score=0.9562, mean_excess=0.0458, bins_used=2101.0000, lower_bound=2009.0000, num_instances=5.0000, eval_time=0.1221, validity=1.0000
2026-07-28 12:00:49,873 - INFO - New MAP-Elites cell occupied in island 0: {'complexity': 2, 'diversity': 1}
2026-07-28 12:00:49,873 - INFO - Population size (61) exceeds limit (60), removing 1 programs
2026-07-28 12:00:49,873 - INFO - Population size after cleanup: 60
2026-07-28 12:00:49,892 - INFO - Saved database with 60 programs to examples/bin_packing/runs/phase-c-p1-boltzmann/bandit-islands-s42/checkpoints/checkpoint_164
2026-07-28 12:00:49,898 - INFO - Saved checkpoint at iteration 164 to examples/bin_packing/runs/phase-c-p1-boltzmann/bandit-islands-s42/checkpoints/checkpoint_164
2026-07-28 12:00:54,604 - INFO - HTTP Request: POST https://openrouter.ai/api/v1/chat/completions "HTTP/1.1 200 OK"
2026-07-28 12:02:25,022 - INFO - Evaluated program it000165 in 0.14s: combined_score=0.8819, mean_excess=0.1339, bins_used=2278.0000, lower_bound=2009.0000, num_instances=5.0000, eval_time=0.1402, validity=1.0000
2026-07-28 12:02:25,024 - INFO - New MAP-Elites cell occupied in island 1: {'complexity': 6, 'diversity': 3}
2026-07-28 12:02:25,024 - INFO - Population size (61) exceeds limit (60), removing 1 programs
2026-07-28 12:02:25,024 - INFO - Population size after cleanup: 60
2026-07-28 12:02:25,380 - INFO - HTTP Request: POST https://openrouter.ai/api/v1/chat/completions "HTTP/1.1 200 OK"

Evaluation: instances=5, bins=2098, lower_bound=2009, mean_excess=0.0443, score=0.9576, time=0.13s
Evaluation: instances=5, bins=2090, lower_bound=2009, mean_excess=0.0403, score=0.9612, time=0.12s
Evaluation: instances=5, bins=2101, lower_bound=2009, mean_excess=0.0458, score=0.9562, time=0.13s
Evaluation: instances=5, bins=2101, lower_bound=2009, mean_excess=0.0458, score=0.9562, time=0.15s
Evaluation: instances=5, bins=2100, lower_bound=2009, mean_excess=0.0453, score=0.9567, time=0.11s
Evaluation: instances=5, bins=2102, lower_bound=2009, mean_excess=0.0463, score=0.9558, time=0.14s
Evaluation: instances=5, bins=2101, lower_bound=2009, mean_excess=0.0458, score=0.9562, time=0.13s
Evaluation: instances=5, bins=2278, lower_bound=2009, mean_excess=0.1339, score=0.8819, time=0.12s
Evaluation: instances=5, bins=2122, lower_bound=2009, mean_excess=0.0562, score=0.9467, time=0.15s
Evaluation: instances=5, bins=2154, lower_bound=2009, mean_excess=0.0722, score=0.9327, time=0.13s
Evaluation: instances=5, bins=2109, lower_bound=2009, mean_excess=0.0498, score=0.9526, time=0.14s
Evaluation: instances=5, bins=2101, lower_bound=2009, mean_excess=0.0458, score=0.9562, time=0.12s
Evaluation: instances=5, bins=2101, lower_bound=2009, mean_excess=0.0458, score=0.9562, time=0.14s
Evaluation: instances=5, bins=2263, lower_bound=2009, mean_excess=0.1265, score=0.8877, time=0.16s
Evaluation: instances=5, bins=2110, lower_bound=2009, mean_excess=0.0503, score=0.9521, time=0.14s
Evaluation: instances=5, bins=2278, lower_bound=2009, mean_excess=0.1339, score=0.8819, time=0.13s
Evaluation: instances=5, bins=2098, lower_bound=2009, mean_excess=0.0443, score=0.9576, time=0.15s
Evaluation: instances=5, bins=2091, lower_bound=2009, mean_excess=0.0408, score=0.9608, time=0.13s
Evaluation: instances=5, bins=2232, lower_bound=2009, mean_excess=0.1111, score=0.9000, time=0.18s
Evaluation: instances=5, bins=2278, lower_bound=2009, mean_excess=0.1339, score=0.8819, time=0.17s
Evaluation: instances=5, bins=2100, lower_bound=2009, mean_excess=0.0453, score=0.9567, time=0.15s
Evaluation: instances=5, bins=2090, lower_bound=2009, mean_excess=0.0403, score=0.9612, time=0.15s
Evaluation: instances=5, bins=2101, lower_bound=2009, mean_excess=0.0458, score=0.9562, time=0.13s
Evaluation: instances=5, bins=2112, lower_bound=2009, mean_excess=0.0513, score=0.9512, time=0.13s
Evaluation: instances=5, bins=2100, lower_bound=2009, mean_excess=0.0453, score=0.9567, time=0.14s
Evaluation: instances=5, bins=2101, lower_bound=2009, mean_excess=0.0458, score=0.9562, time=0.13s
Evaluation: instances=5, bins=2103, lower_bound=2009, mean_excess=0.0468, score=0.9553, time=0.14s
Evaluation: instances=5, bins=2101, lower_bound=2009, mean_excess=0.0458, score=0.9562, time=0.13s
Evaluation: instances=5, bins=2101, lower_bound=2009, mean_excess=0.0458, score=0.9562, time=0.13s
Evaluation: instances=5, bins=2152, lower_bound=2009, mean_excess=0.0712, score=0.9336, time=0.14s
Evaluation: instances=5, bins=2114, lower_bound=2009, mean_excess=0.0523, score=0.9503, time=0.14s
Evaluation: instances=5, bins=2101, lower_bound=2009, mean_excess=0.0458, score=0.9562, time=0.13s
Evaluation: instances=5, bins=2101, lower_bound=2009, mean_excess=0.0458, score=0.9562, time=0.14s
Evaluation: instances=5, bins=2101, lower_bound=2009, mean_excess=0.0458, score=0.9562, time=0.12s
Evaluation: instances=5, bins=2101, lower_bound=2009, mean_excess=0.0458, score=0.9562, time=0.15s
Evaluation: instances=5, bins=2101, lower_bound=2009, mean_excess=0.0458, score=0.9562, time=0.21s
Evaluation: instances=5, bins=2101, lower_bound=2009, mean_excess=0.0458, score=0.9562, time=0.15s
Evaluation: instances=5, bins=2101, lower_bound=2009, mean_excess=0.0458, score=0.9562, time=0.14s
Evaluation: instances=5, bins=2101, lower_bound=2009, mean_excess=0.0458, score=0.9562, time=0.13s
Evaluation: instances=5, bins=2101, lower_bound=2009, mean_excess=0.0458, score=0.9562, time=0.10s
Evaluation: instances=5, bins=2101, lower_bound=2009, mean_excess=0.0458, score=0.9562, time=0.15s
Evaluation: instances=5, bins=2279, lower_bound=2009, mean_excess=0.1344, score=0.8815, time=0.34s
Evaluation: instances=5, bins=2101, lower_bound=2009, mean_excess=0.0458, score=0.9562, time=0.14s
Evaluation: instances=5, bins=2101, lower_bound=2009, mean_excess=0.0458, score=0.9562, time=0.16s
Evaluation: instances=5, bins=2090, lower_bound=2009, mean_excess=0.0403, score=0.9612, time=0.16s
Evaluation: instances=5, bins=2101, lower_bound=2009, mean_excess=0.0458, score=0.9562, time=0.16s
Evaluation: instances=5, bins=2101, lower_bound=2009, mean_excess=0.0458, score=0.9562, time=0.12s
Evaluation: instances=5, bins=2101, lower_bound=2009, mean_excess=0.0458, score=0.9562, time=0.16s
Evaluation: instances=5, bins=2085, lower_bound=2009, mean_excess=0.0378, score=0.9636, time=0.15s
Evaluation: instances=5, bins=2101, lower_bound=2009, mean_excess=0.0458, score=0.9562, time=0.14s
Evaluation: instances=5, bins=2101, lower_bound=2009, mean_excess=0.0458, score=0.9562, time=0.13s
Evaluation: instances=5, bins=2100, lower_bound=2009, mean_excess=0.0453, score=0.9567, time=0.15s
Evaluation: instances=5, bins=2278, lower_bound=2009, mean_excess=0.1339, score=0.8819, time=0.14s
Evaluation: instances=5, bins=2101, lower_bound=2009, mean_excess=0.0458, score=0.9562, time=0.14s
Evaluation: instances=5, bins=2101, lower_bound=2009, mean_excess=0.0458, score=0.9562, time=0.14s
Evaluation: instances=5, bins=2101, lower_bound=2009, mean_excess=0.0458, score=0.9562, time=0.14s
Evaluation: instances=5, bins=2085, lower_bound=2009, mean_excess=0.0378, score=0.9636, time=0.11s
Evaluation: instances=5, bins=2101, lower_bound=2009, mean_excess=0.0458, score=0.9562, time=0.13s
Evaluation: instances=5, bins=2101, lower_bound=2009, mean_excess=0.0458, score=0.9562, time=0.13s
Evaluation: instances=5, bins=2085, lower_bound=2009, mean_excess=0.0378, score=0.9636, time=0.14s
Evaluation: instances=5, bins=2179, lower_bound=2009, mean_excess=0.0846, score=0.9220, time=0.14s
Evaluation: instances=5, bins=2101, lower_bound=2009, mean_excess=0.0458, score=0.9562, time=0.13s
Evaluation: instances=5, bins=2101, lower_bound=2009, mean_excess=0.0458, score=0.9562, time=0.14s
Evaluation: instances=5, bins=2085, lower_bound=2009, mean_excess=0.0378, score=0.9636, time=0.14s
Evaluation: instances=5, bins=2101, lower_bound=2009, mean_excess=0.0458, score=0.9562, time=0.12s
Evaluation: instances=5, bins=2101, lower_bound=2009, mean_excess=0.0458, score=0.9562, time=0.13s
Evaluation error: Program execution failed: invalid syntax. Perhaps you forgot a comma? (tmp8lzksc55.py, line 79)
Evaluation: instances=5, bins=2089, lower_bound=2009, mean_excess=0.0398, score=0.9617, time=0.16s
Evaluation: instances=5, bins=2101, lower_bound=2009, mean_excess=0.0458, score=0.9562, time=0.14s
Evaluation: instances=5, bins=2101, lower_bound=2009, mean_excess=0.0458, score=0.9562, time=0.12s
Evaluation: instances=5, bins=2101, lower_bound=2009, mean_excess=0.0458, score=0.9562, time=0.13s
Evaluation: instances=5, bins=2137, lower_bound=2009, mean_excess=0.0637, score=0.9401, time=0.15s
Evaluation: instances=5, bins=2101, lower_bound=2009, mean_excess=0.0458, score=0.9562, time=0.23s
Evaluation: instances=5, bins=2101, lower_bound=2009, mean_excess=0.0458, score=0.9562, time=0.13s
Evaluation: instances=5, bins=2101, lower_bound=2009, mean_excess=0.0458, score=0.9562, time=0.26s
Evaluation: instances=5, bins=2279, lower_bound=2009, mean_excess=0.1344, score=0.8815, time=0.15s
Evaluation: instances=5, bins=2149, lower_bound=2009, mean_excess=0.0697, score=0.9349, time=0.13s
Evaluation: instances=5, bins=2101, lower_bound=2009, mean_excess=0.0458, score=0.9562, time=0.13s
Evaluation: instances=5, bins=2100, lower_bound=2009, mean_excess=0.0453, score=0.9567, time=0.15s
Evaluation: instances=5, bins=2091, lower_bound=2009, mean_excess=0.0408, score=0.9608, time=0.14s
Evaluation: instances=5, bins=2101, lower_bound=2009, mean_excess=0.0458, score=0.9562, time=0.12s
Evaluation: instances=5, bins=2278, lower_bound=2009, mean_excess=0.1339, score=0.8819, time=0.14s
Evaluation: instances=5, bins=2101, lower_bound=2009, mean_excess=0.0458, score=0.9562, time=0.11s2026-07-28 12:02:34,304 - INFO - Evaluated program it000166 in 0.12s: combined_score=0.9562, mean_excess=0.0458, bins_used=2101.0000, lower_bound=2009.0000, num_instances=5.0000, eval_time=0.1146, validity=1.0000
2026-07-28 12:02:34,306 - INFO - Population size (61) exceeds limit (60), removing 1 programs
2026-07-28 12:02:34,306 - INFO - Population size after cleanup: 60
2026-07-28 12:02:36,088 - INFO - HTTP Request: POST https://openrouter.ai/api/v1/chat/completions "HTTP/1.1 200 OK"
2026-07-28 12:02:48,918 - INFO - Evaluated program it000167 in 0.14s: combined_score=0.9636, mean_excess=0.0378, bins_used=2085.0000, lower_bound=2009.0000, num_instances=5.0000, eval_time=0.1291, validity=1.0000
2026-07-28 12:02:48,918 - INFO - Population size (61) exceeds limit (60), removing 1 programs
2026-07-28 12:02:48,919 - INFO - Population size after cleanup: 60
2026-07-28 12:02:50,360 - INFO - HTTP Request: POST https://openrouter.ai/api/v1/chat/completions "HTTP/1.1 200 OK"
2026-07-28 12:03:30,503 - WARNING - Iteration 168: mutation touched F_imm outside the evolve block (attempt 1)
2026-07-28 12:03:33,370 - INFO - HTTP Request: POST https://openrouter.ai/api/v1/chat/completions "HTTP/1.1 200 OK"
2026-07-28 12:04:32,118 - INFO - Evaluated program it000169 in 0.13s: combined_score=0.9562, mean_excess=0.0458, bins_used=2101.0000, lower_bound=2009.0000, num_instances=5.0000, eval_time=0.1254, validity=1.0000
2026-07-28 12:04:32,120 - INFO - Population size (61) exceeds limit (60), removing 1 programs
2026-07-28 12:04:32,120 - INFO - Population size after cleanup: 60
2026-07-28 12:04:32,139 - INFO - Saved database with 60 programs to examples/bin_packing/runs/phase-c-p1-boltzmann/bandit-islands-s42/checkpoints/checkpoint_169
2026-07-28 12:04:32,145 - INFO - Saved checkpoint at iteration 169 to examples/bin_packing/runs/phase-c-p1-boltzmann/bandit-islands-s42/checkpoints/checkpoint_169
2026-07-28 12:04:33,918 - INFO - HTTP Request: POST https://openrouter.ai/api/v1/chat/completions "HTTP/1.1 200 OK"
2026-07-28 12:05:33,882 - INFO - Evaluated program it000170 in 0.14s: combined_score=0.9553, mean_excess=0.0468, bins_used=2103.0000, lower_bound=2009.0000, num_instances=5.0000, eval_time=0.1412, validity=1.0000
2026-07-28 12:05:33,884 - INFO - New MAP-Elites cell occupied in island 2: {'complexity': 6, 'diversity': 3}
2026-07-28 12:05:33,884 - INFO - Population size (61) exceeds limit (60), removing 1 programs
2026-07-28 12:05:33,884 - INFO - Population size after cleanup: 60
2026-07-28 12:05:35,202 - INFO - HTTP Request: POST https://openrouter.ai/api/v1/chat/completions "HTTP/1.1 200 OK"
2026-07-28 12:05:44,085 - INFO - Evaluated program it000171 in 0.15s: combined_score=0.9636, mean_excess=0.0378, bins_used=2085.0000, lower_bound=2009.0000, num_instances=5.0000, eval_time=0.1522, validity=1.0000
2026-07-28 12:05:44,087 - INFO - Island 3 MAP-Elites cell improved: {'complexity': 4, 'diversity': 1} (fitness: 0.961 -> 0.964)
2026-07-28 12:05:44,087 - INFO - Population size (61) exceeds limit (60), removing 1 programs
2026-07-28 12:05:44,087 - INFO - Population size after cleanup: 60
2026-07-28 12:05:44,087 - INFO - New best program it000171 replaces it000131 (combined_score: 0.9636 → 0.9636, +0.0000)
2026-07-28 12:05:46,277 - INFO - HTTP Request: POST https://openrouter.ai/api/v1/chat/completions "HTTP/1.1 200 OK"
2026-07-28 12:06:17,382 - INFO - Evaluated program it000172 in 0.13s: combined_score=0.9383, mean_excess=0.0657, bins_used=2141.0000, lower_bound=2009.0000, num_instances=5.0000, eval_time=0.1326, validity=1.0000
2026-07-28 12:06:17,384 - INFO - Population size (61) exceeds limit (60), removing 1 programs
2026-07-28 12:06:17,384 - INFO - Population size after cleanup: 60
2026-07-28 12:06:18,918 - INFO - HTTP Request: POST https://openrouter.ai/api/v1/chat/completions "HTTP/1.1 200 OK"
2026-07-28 12:07:32,322 - INFO - Evaluated program it000173 in 0.13s: combined_score=0.9512, mean_excess=0.0513, bins_used=2112.0000, lower_bound=2009.0000, num_instances=5.0000, eval_time=0.1302, validity=1.0000
2026-07-28 12:07:32,324 - INFO - Population size (61) exceeds limit (60), removing 1 programs
2026-07-28 12:07:32,324 - INFO - Population size after cleanup: 60
2026-07-28 12:07:34,323 - INFO - HTTP Request: POST https://openrouter.ai/api/v1/chat/completions "HTTP/1.1 200 OK"
2026-07-28 12:08:03,272 - INFO - Evaluated program it000174 in 0.15s: combined_score=0.9562, mean_excess=0.0458, bins_used=2101.0000, lower_bound=2009.0000, num_instances=5.0000, eval_time=0.1461, validity=1.0000
2026-07-28 12:08:03,274 - INFO - New MAP-Elites cell occupied in island 2: {'complexity': 5, 'diversity': 1}
2026-07-28 12:08:03,274 - INFO - Population size (61) exceeds limit (60), removing 1 programs
2026-07-28 12:08:03,274 - INFO - Population size after cleanup: 60
2026-07-28 12:08:03,291 - INFO - Saved database with 60 programs to examples/bin_packing/runs/phase-c-p1-boltzmann/bandit-islands-s42/checkpoints/checkpoint_174
2026-07-28 12:08:03,297 - INFO - Saved checkpoint at iteration 174 to examples/bin_packing/runs/phase-c-p1-boltzmann/bandit-islands-s42/checkpoints/checkpoint_174
2026-07-28 12:08:04,622 - INFO - HTTP Request: POST https://openrouter.ai/api/v1/chat/completions "HTTP/1.1 200 OK"
2026-07-28 12:08:12,563 - INFO - Evaluated program it000175 in 0.11s: combined_score=0.9636, mean_excess=0.0378, bins_used=2085.0000, lower_bound=2009.0000, num_instances=5.0000, eval_time=0.1122, validity=1.0000
2026-07-28 12:08:12,564 - INFO - Population size (61) exceeds limit (60), removing 1 programs
2026-07-28 12:08:12,564 - INFO - Population size after cleanup: 60
2026-07-28 12:08:15,582 - INFO - HTTP Request: POST https://openrouter.ai/api/v1/chat/completions "HTTP/1.1 200 OK"
2026-07-28 12:08:57,873 - INFO - Evaluated program it000176 in 0.13s: combined_score=0.9562, mean_excess=0.0458, bins_used=2101.0000, lower_bound=2009.0000, num_instances=5.0000, eval_time=0.1280, validity=1.0000
2026-07-28 12:08:57,875 - INFO - Population size (61) exceeds limit (60), removing 1 programs
2026-07-28 12:08:57,875 - INFO - Population size after cleanup: 60
2026-07-28 12:09:01,056 - INFO - HTTP Request: POST https://openrouter.ai/api/v1/chat/completions "HTTP/1.1 200 OK"
2026-07-28 12:09:45,013 - INFO - Evaluated program it000177 in 0.13s: combined_score=0.8819, mean_excess=0.1339, bins_used=2278.0000, lower_bound=2009.0000, num_instances=5.0000, eval_time=0.1322, validity=1.0000
2026-07-28 12:09:45,015 - INFO - Population size (61) exceeds limit (60), removing 1 programs
2026-07-28 12:09:45,015 - INFO - Population size after cleanup: 60
2026-07-28 12:09:47,339 - INFO - HTTP Request: POST https://openrouter.ai/api/v1/chat/completions "HTTP/1.1 200 OK"
2026-07-28 12:10:12,086 - INFO - Evaluated program it000178 in 0.15s: combined_score=0.9539, mean_excess=0.0483, bins_used=2106.0000, lower_bound=2009.0000, num_instances=5.0000, eval_time=0.1508, validity=1.0000
2026-07-28 12:10:12,088 - INFO - Population size (61) exceeds limit (60), removing 1 programs
2026-07-28 12:10:12,088 - INFO - Population size after cleanup: 60
2026-07-28 12:10:13,155 - INFO - HTTP Request: POST https://openrouter.ai/api/v1/chat/completions "HTTP/1.1 200 OK"
2026-07-28 12:10:56,363 - INFO - Evaluated program it000179 in 0.14s: combined_score=0.9327, mean_excess=0.0722, bins_used=2154.0000, lower_bound=2009.0000, num_instances=5.0000, eval_time=0.1374, validity=1.0000
2026-07-28 12:10:56,365 - INFO - Population size (61) exceeds limit (60), removing 1 programs
2026-07-28 12:10:56,365 - INFO - Population size after cleanup: 60
2026-07-28 12:10:56,384 - INFO - Saved database with 60 programs to examples/bin_packing/runs/phase-c-p1-boltzmann/bandit-islands-s42/checkpoints/checkpoint_179
2026-07-28 12:10:56,390 - INFO - Saved checkpoint at iteration 179 to examples/bin_packing/runs/phase-c-p1-boltzmann/bandit-islands-s42/checkpoints/checkpoint_179
2026-07-28 12:11:06,574 - INFO - HTTP Request: POST https://openrouter.ai/api/v1/chat/completions "HTTP/1.1 200 OK"
2026-07-28 12:15:28,782 - INFO - Evaluated program it000180 in 0.14s: combined_score=0.9558, mean_excess=0.0463, bins_used=2102.0000, lower_bound=2009.0000, num_instances=5.0000, eval_time=0.1353, validity=1.0000
2026-07-28 12:15:28,784 - INFO - Population size (61) exceeds limit (60), removing 1 programs
2026-07-28 12:15:28,784 - INFO - Population size after cleanup: 60
2026-07-28 12:15:31,234 - INFO - HTTP Request: POST https://openrouter.ai/api/v1/chat/completions "HTTP/1.1 200 OK"
2026-07-28 12:15:44,387 - INFO - Evaluated program it000181 in 0.13s: combined_score=0.8973, mean_excess=0.1145, bins_used=2239.0000, lower_bound=2009.0000, num_instances=5.0000, eval_time=0.1289, validity=1.0000
2026-07-28 12:15:44,388 - INFO - Population size (61) exceeds limit (60), removing 1 programs
2026-07-28 12:15:44,388 - INFO - Population size after cleanup: 60
2026-07-28 12:15:46,588 - INFO - HTTP Request: POST https://openrouter.ai/api/v1/chat/completions "HTTP/1.1 200 OK"
2026-07-28 12:15:53,736 - INFO - Evaluated program it000182 in 0.13s: combined_score=0.9576, mean_excess=0.0443, bins_used=2098.0000, lower_bound=2009.0000, num_instances=5.0000, eval_time=0.1333, validity=1.0000
2026-07-28 12:15:53,738 - INFO - Population size (61) exceeds limit (60), removing 1 programs
2026-07-28 12:15:53,738 - INFO - Population size after cleanup: 60
2026-07-28 12:15:56,070 - INFO - HTTP Request: POST https://openrouter.ai/api/v1/chat/completions "HTTP/1.1 200 OK"
2026-07-28 12:16:53,929 - INFO - Evaluated program it000183 in 0.15s: combined_score=0.9327, mean_excess=0.0722, bins_used=2154.0000, lower_bound=2009.0000, num_instances=5.0000, eval_time=0.1514, validity=1.0000
2026-07-28 12:16:53,930 - INFO - New MAP-Elites cell occupied in island 3: {'complexity': 3, 'diversity': 0}
2026-07-28 12:16:53,931 - INFO - Population size (61) exceeds limit (60), removing 1 programs
2026-07-28 12:16:53,931 - INFO - Population size after cleanup: 60
2026-07-28 12:16:55,745 - INFO - HTTP Request: POST https://openrouter.ai/api/v1/chat/completions "HTTP/1.1 200 OK"
2026-07-28 12:17:13,801 - INFO - Evaluated program it000184 in 0.14s: combined_score=0.9562, mean_excess=0.0458, bins_used=2101.0000, lower_bound=2009.0000, num_instances=5.0000, eval_time=0.1341, validity=1.0000
2026-07-28 12:17:13,803 - INFO - Population size (61) exceeds limit (60), removing 1 programs
2026-07-28 12:17:13,803 - INFO - Population size after cleanup: 60
2026-07-28 12:17:13,821 - INFO - Saved database with 60 programs to examples/bin_packing/runs/phase-c-p1-boltzmann/bandit-islands-s42/checkpoints/checkpoint_184
2026-07-28 12:17:13,827 - INFO - Saved checkpoint at iteration 184 to examples/bin_packing/runs/phase-c-p1-boltzmann/bandit-islands-s42/checkpoints/checkpoint_184
2026-07-28 12:17:19,671 - INFO - HTTP Request: POST https://openrouter.ai/api/v1/chat/completions "HTTP/1.1 200 OK"
2026-07-28 12:17:58,443 - INFO - Evaluated program it000185 in 0.13s: combined_score=0.9388, mean_excess=0.0652, bins_used=2140.0000, lower_bound=2009.0000, num_instances=5.0000, eval_time=0.1272, validity=1.0000
2026-07-28 12:17:58,445 - INFO - New MAP-Elites cell occupied in island 1: {'complexity': 5, 'diversity': 1}
2026-07-28 12:17:58,445 - INFO - Population size (61) exceeds limit (60), removing 1 programs
2026-07-28 12:17:58,445 - INFO - Population size after cleanup: 60
2026-07-28 12:18:00,434 - INFO - HTTP Request: POST https://openrouter.ai/api/v1/chat/completions "HTTP/1.1 200 OK"
2026-07-28 12:18:27,855 - INFO - Evaluated program it000186 in 0.18s: combined_score=0.9562, mean_excess=0.0458, bins_used=2101.0000, lower_bound=2009.0000, num_instances=5.0000, eval_time=0.1813, validity=1.0000
2026-07-28 12:18:27,858 - INFO - Population size (61) exceeds limit (60), removing 1 programs
2026-07-28 12:18:27,858 - INFO - Population size after cleanup: 60
2026-07-28 12:18:29,887 - INFO - HTTP Request: POST https://openrouter.ai/api/v1/chat/completions "HTTP/1.1 200 OK"
2026-07-28 12:18:45,915 - INFO - Evaluated program it000187 in 0.13s: combined_score=0.9562, mean_excess=0.0458, bins_used=2101.0000, lower_bound=2009.0000, num_instances=5.0000, eval_time=0.1316, validity=1.0000
2026-07-28 12:18:45,916 - INFO - Population size (61) exceeds limit (60), removing 1 programs
2026-07-28 12:18:45,916 - INFO - Population size after cleanup: 60
2026-07-28 12:18:46,880 - INFO - HTTP Request: POST https://openrouter.ai/api/v1/chat/completions "HTTP/1.1 200 OK"
2026-07-28 12:18:50,653 - INFO - Evaluated program it000188 in 0.14s: combined_score=0.9045, mean_excess=0.1055, bins_used=2221.0000, lower_bound=2009.0000, num_instances=5.0000, eval_time=0.1371, validity=1.0000
2026-07-28 12:18:50,654 - INFO - New MAP-Elites cell occupied in island 0: {'complexity': 2, 'diversity': 2}
2026-07-28 12:18:50,654 - INFO - Population size (61) exceeds limit (60), removing 1 programs
2026-07-28 12:18:50,654 - INFO - Population size after cleanup: 60
2026-07-28 12:18:54,204 - INFO - HTTP Request: POST https://openrouter.ai/api/v1/chat/completions "HTTP/1.1 200 OK"
2026-07-28 12:20:39,108 - INFO - Evaluated program it000189 in 0.12s: combined_score=0.8819, mean_excess=0.1339, bins_used=2278.0000, lower_bound=2009.0000, num_instances=5.0000, eval_time=0.1227, validity=1.0000
2026-07-28 12:20:39,110 - INFO - Population size (61) exceeds limit (60), removing 1 programs
2026-07-28 12:20:39,110 - INFO - Population size after cleanup: 60
2026-07-28 12:20:39,132 - INFO - Saved database with 60 programs to examples/bin_packing/runs/phase-c-p1-boltzmann/bandit-islands-s42/checkpoints/checkpoint_189
2026-07-28 12:20:39,153 - INFO - Saved checkpoint at iteration 189 to examples/bin_packing/runs/phase-c-p1-boltzmann/bandit-islands-s42/checkpoints/checkpoint_189
2026-07-28 12:20:40,334 - INFO - HTTP Request: POST https://openrouter.ai/api/v1/chat/completions "HTTP/1.1 200 OK"
2026-07-28 12:21:25,650 - INFO - Evaluated program it000190 in 0.14s: combined_score=0.9562, mean_excess=0.0458, bins_used=2101.0000, lower_bound=2009.0000, num_instances=5.0000, eval_time=0.1392, validity=1.0000
2026-07-28 12:21:25,652 - INFO - New MAP-Elites cell occupied in island 2: {'complexity': 4, 'diversity': 1}
2026-07-28 12:21:25,652 - INFO - Population size (61) exceeds limit (60), removing 1 programs
2026-07-28 12:21:25,652 - INFO - Population size after cleanup: 60
2026-07-28 12:21:28,242 - INFO - HTTP Request: POST https://openrouter.ai/api/v1/chat/completions "HTTP/1.1 200 OK"
2026-07-28 12:21:48,840 - INFO - Evaluated program it000191 in 0.15s: combined_score=0.9636, mean_excess=0.0378, bins_used=2085.0000, lower_bound=2009.0000, num_instances=5.0000, eval_time=0.1432, validity=1.0000
2026-07-28 12:21:48,842 - INFO - Population size (61) exceeds limit (60), removing 1 programs
2026-07-28 12:21:48,842 - INFO - Population size after cleanup: 60
2026-07-28 12:21:51,333 - INFO - HTTP Request: POST https://openrouter.ai/api/v1/chat/completions "HTTP/1.1 200 OK"
2026-07-28 12:22:06,143 - INFO - Evaluated program it000192 in 0.12s: combined_score=0.8819, mean_excess=0.1339, bins_used=2278.0000, lower_bound=2009.0000, num_instances=5.0000, eval_time=0.1208, validity=1.0000
2026-07-28 12:22:06,145 - INFO - New MAP-Elites cell occupied in island 0: {'complexity': 4, 'diversity': 0}
2026-07-28 12:22:06,145 - INFO - Population size (61) exceeds limit (60), removing 1 programs
2026-07-28 12:22:06,145 - INFO - Population size after cleanup: 60
2026-07-28 12:22:07,216 - INFO - HTTP Request: POST https://openrouter.ai/api/v1/chat/completions "HTTP/1.1 200 OK"
2026-07-28 12:22:28,012 - INFO - Evaluated program it000193 in 0.14s: combined_score=0.9228, mean_excess=0.0836, bins_used=2177.0000, lower_bound=2009.0000, num_instances=5.0000, eval_time=0.1361, validity=1.0000
2026-07-28 12:22:28,013 - INFO - New MAP-Elites cell occupied in island 1: {'complexity': 4, 'diversity': 0}
2026-07-28 12:22:28,013 - INFO - Population size (61) exceeds limit (60), removing 1 programs
2026-07-28 12:22:28,013 - INFO - Population size after cleanup: 60
2026-07-28 12:22:29,747 - INFO - HTTP Request: POST https://openrouter.ai/api/v1/chat/completions "HTTP/1.1 200 OK"
2026-07-28 12:23:12,900 - INFO - Evaluated program it000194 in 0.17s: combined_score=0.9562, mean_excess=0.0458, bins_used=2101.0000, lower_bound=2009.0000, num_instances=5.0000, eval_time=0.1629, validity=1.0000
2026-07-28 12:23:12,902 - INFO - Population size (61) exceeds limit (60), removing 1 programs
2026-07-28 12:23:12,902 - INFO - Population size after cleanup: 60
2026-07-28 12:23:12,922 - INFO - Saved database with 60 programs to examples/bin_packing/runs/phase-c-p1-boltzmann/bandit-islands-s42/checkpoints/checkpoint_194
2026-07-28 12:23:12,929 - INFO - Saved checkpoint at iteration 194 to examples/bin_packing/runs/phase-c-p1-boltzmann/bandit-islands-s42/checkpoints/checkpoint_194
2026-07-28 12:23:15,461 - INFO - HTTP Request: POST https://openrouter.ai/api/v1/chat/completions "HTTP/1.1 200 OK"
2026-07-28 12:23:27,660 - INFO - Evaluated program it000195 in 0.16s: combined_score=0.8819, mean_excess=0.1339, bins_used=2278.0000, lower_bound=2009.0000, num_instances=5.0000, eval_time=0.1566, validity=1.0000
2026-07-28 12:23:27,662 - INFO - New MAP-Elites cell occupied in island 3: {'complexity': 8, 'diversity': 8}
2026-07-28 12:23:27,662 - INFO - Population size (61) exceeds limit (60), removing 1 programs
2026-07-28 12:23:27,662 - INFO - Population size after cleanup: 60
2026-07-28 12:23:30,724 - INFO - HTTP Request: POST https://openrouter.ai/api/v1/chat/completions "HTTP/1.1 200 OK"
2026-07-28 12:25:14,370 - INFO - Evaluated program it000196 in 0.10s: combined_score=0.9562, mean_excess=0.0458, bins_used=2101.0000, lower_bound=2009.0000, num_instances=5.0000, eval_time=0.0961, validity=1.0000
2026-07-28 12:25:14,372 - INFO - New MAP-Elites cell occupied in island 0: {'complexity': 0, 'diversity': 7}
2026-07-28 12:25:14,373 - INFO - Population size (61) exceeds limit (60), removing 1 programs
2026-07-28 12:25:14,373 - INFO - Population size after cleanup: 60
2026-07-28 12:25:15,772 - INFO - HTTP Request: POST https://openrouter.ai/api/v1/chat/completions "HTTP/1.1 200 OK"
2026-07-28 12:26:12,730 - INFO - Evaluated program it000197 in 0.14s: combined_score=0.9472, mean_excess=0.0558, bins_used=2121.0000, lower_bound=2009.0000, num_instances=5.0000, eval_time=0.1333, validity=1.0000
2026-07-28 12:26:12,732 - INFO - Population size (61) exceeds limit (60), removing 1 programs
2026-07-28 12:26:12,732 - INFO - Population size after cleanup: 60
2026-07-28 12:26:16,002 - INFO - HTTP Request: POST https://openrouter.ai/api/v1/chat/completions "HTTP/1.1 200 OK"
2026-07-28 12:29:35,152 - INFO - Evaluated program it000198 in 0.13s: combined_score=0.9571, mean_excess=0.0448, bins_used=2099.0000, lower_bound=2009.0000, num_instances=5.0000, eval_time=0.1292, validity=1.0000
2026-07-28 12:29:35,154 - INFO - New MAP-Elites cell occupied in island 2: {'complexity': 3, 'diversity': 0}
2026-07-28 12:29:35,154 - INFO - Population size (61) exceeds limit (60), removing 1 programs
2026-07-28 12:29:35,154 - INFO - Population size after cleanup: 60
2026-07-28 12:29:36,658 - INFO - HTTP Request: POST https://openrouter.ai/api/v1/chat/completions "HTTP/1.1 200 OK"
2026-07-28 12:29:51,789 - INFO - Evaluated program it000199 in 0.13s: combined_score=0.9612, mean_excess=0.0403, bins_used=2090.0000, lower_bound=2009.0000, num_instances=5.0000, eval_time=0.1289, validity=1.0000
2026-07-28 12:29:51,790 - INFO - Population size (61) exceeds limit (60), removing 1 programs
2026-07-28 12:29:51,790 - INFO - Population size after cleanup: 60
2026-07-28 12:29:51,790 - INFO - Cleaned up 1 stale island best program references
2026-07-28 12:29:51,794 - INFO - Migration due — migrating programs between islands
2026-07-28 12:29:51,795 - INFO - Performing migration between islands
2026-07-28 12:29:51,795 - INFO - New MAP-Elites cell occupied in island 1: {'complexity': 2, 'diversity': 1}
2026-07-28 12:29:51,795 - INFO - Population size (61) exceeds limit (60), removing 1 programs
2026-07-28 12:29:51,795 - INFO - Population size after cleanup: 60
2026-07-28 12:29:51,795 - INFO - Program 31a65768 migrated to island 1
2026-07-28 12:29:51,795 - INFO - New MAP-Elites cell occupied in island 3: {'complexity': 2, 'diversity': 1}
2026-07-28 12:29:51,795 - INFO - Population size (61) exceeds limit (60), removing 1 programs
2026-07-28 12:29:51,795 - INFO - Population size after cleanup: 60
2026-07-28 12:29:51,795 - INFO - Cleaned up 1 stale island best program references
2026-07-28 12:29:51,796 - INFO - Program 41580c8c migrated to island 3
2026-07-28 12:29:51,796 - INFO - Population size (61) exceeds limit (60), removing 1 programs
2026-07-28 12:29:51,796 - INFO - Population size after cleanup: 60
2026-07-28 12:29:51,796 - INFO - Program caaa350b migrated to island 2
2026-07-28 12:29:51,796 - INFO - New MAP-Elites cell occupied in island 0: {'complexity': 4, 'diversity': 0}
2026-07-28 12:29:51,796 - INFO - Population size (61) exceeds limit (60), removing 1 programs
2026-07-28 12:29:51,796 - INFO - Population size after cleanup: 60
2026-07-28 12:29:51,796 - INFO - Program d300ea0b migrated to island 0
2026-07-28 12:29:51,796 - INFO - Population size (61) exceeds limit (60), removing 1 programs
2026-07-28 12:29:51,796 - INFO - Population size after cleanup: 60
2026-07-28 12:29:51,796 - INFO - Program 4833cb8b migrated to island 3
2026-07-28 12:29:51,796 - INFO - Island 1 MAP-Elites cell improved: {'complexity': 4, 'diversity': 1} (fitness: 0.956 -> 0.958)
2026-07-28 12:29:51,796 - INFO - Population size (61) exceeds limit (60), removing 1 programs
2026-07-28 12:29:51,797 - INFO - Population size after cleanup: 60
2026-07-28 12:29:51,797 - INFO - Program 46efbc0c migrated to island 1
2026-07-28 12:29:51,797 - INFO - New MAP-Elites cell occupied in island 3: {'complexity': 6, 'diversity': 3}
2026-07-28 12:29:51,797 - INFO - Population size (61) exceeds limit (60), removing 1 programs
2026-07-28 12:29:51,797 - INFO - Population size after cleanup: 60
2026-07-28 12:29:51,797 - INFO - Program 7c54419a migrated to island 3
2026-07-28 12:29:51,797 - INFO - New MAP-Elites cell occupied in island 1: {'complexity': 6, 'diversity': 3}
2026-07-28 12:29:51,797 - INFO - Population size (61) exceeds limit (60), removing 1 programs
2026-07-28 12:29:51,797 - INFO - Population size after cleanup: 60
2026-07-28 12:29:51,797 - INFO - Program 29cfb5cd migrated to island 1
2026-07-28 12:29:51,797 - INFO - New MAP-Elites cell occupied in island 0: {'complexity': 4, 'diversity': 1}
2026-07-28 12:29:51,797 - INFO - Population size (61) exceeds limit (60), removing 1 programs
2026-07-28 12:29:51,797 - INFO - Population size after cleanup: 60
2026-07-28 12:29:51,798 - INFO - Program 6680e3b6 migrated to island 0
2026-07-28 12:29:51,798 - INFO - Island 2 MAP-Elites cell improved: {'complexity': 4, 'diversity': 1} (fitness: 0.956 -> 0.964)
2026-07-28 12:29:51,798 - INFO - Population size (61) exceeds limit (60), removing 1 programs
2026-07-28 12:29:51,798 - INFO - Population size after cleanup: 60
2026-07-28 12:29:51,798 - INFO - Program e0ab733e migrated to island 2
2026-07-28 12:29:51,798 - INFO - Migration completed at generation 50
2026-07-28 12:29:51,817 - INFO - Saved database with 60 programs to examples/bin_packing/runs/phase-c-p1-boltzmann/bandit-islands-s42/checkpoints/checkpoint_199
2026-07-28 12:29:51,824 - INFO - Saved checkpoint at iteration 199 to examples/bin_packing/runs/phase-c-p1-boltzmann/bandit-islands-s42/checkpoints/checkpoint_199
2026-07-28 12:29:53,548 - INFO - HTTP Request: POST https://openrouter.ai/api/v1/chat/completions "HTTP/1.1 200 OK"
2026-07-28 12:30:13,274 - INFO - Evaluated program it000200 in 0.13s: combined_score=0.9562, mean_excess=0.0458, bins_used=2101.0000, lower_bound=2009.0000, num_instances=5.0000, eval_time=0.1291, validity=1.0000
2026-07-28 12:30:13,276 - INFO - New MAP-Elites cell occupied in island 0: {'complexity': 2, 'diversity': 2}
2026-07-28 12:30:13,276 - INFO - Population size (61) exceeds limit (60), removing 1 programs
2026-07-28 12:30:13,276 - INFO - Population size after cleanup: 60
2026-07-28 12:30:15,161 - INFO - HTTP Request: POST https://openrouter.ai/api/v1/chat/completions "HTTP/1.1 200 OK"
2026-07-28 12:30:27,229 - INFO - Evaluated program it000201 in 0.11s: combined_score=0.9562, mean_excess=0.0458, bins_used=2101.0000, lower_bound=2009.0000, num_instances=5.0000, eval_time=0.1053, validity=1.0000
2026-07-28 12:30:27,230 - INFO - New MAP-Elites cell occupied in island 1: {'complexity': 2, 'diversity': 3}
2026-07-28 12:30:27,230 - INFO - Population size (61) exceeds limit (60), removing 1 programs
2026-07-28 12:30:27,230 - INFO - Population size after cleanup: 60
2026-07-28 12:30:29,581 - INFO - HTTP Request: POST https://openrouter.ai/api/v1/chat/completions "HTTP/1.1 200 OK"
2026-07-28 12:30:44,558 - INFO - Evaluated program it000202 in 0.14s: combined_score=0.9636, mean_excess=0.0378, bins_used=2085.0000, lower_bound=2009.0000, num_instances=5.0000, eval_time=0.1365, validity=1.0000
2026-07-28 12:30:44,560 - INFO - New MAP-Elites cell occupied in island 2: {'complexity': 4, 'diversity': 2}
2026-07-28 12:30:44,560 - INFO - Population size (61) exceeds limit (60), removing 1 programs
2026-07-28 12:30:44,560 - INFO - Population size after cleanup: 60
2026-07-28 12:30:45,027 - INFO - HTTP Request: POST https://openrouter.ai/api/v1/chat/completions "HTTP/1.1 200 OK"
2026-07-28 12:30:53,900 - INFO - Evaluated program it000203 in 0.15s: combined_score=0.9544, mean_excess=0.0478, bins_used=2105.0000, lower_bound=2009.0000, num_instances=5.0000, eval_time=0.1484, validity=1.0000
2026-07-28 12:30:53,901 - INFO - Population size (61) exceeds limit (60), removing 1 programs
2026-07-28 12:30:53,902 - INFO - Population size after cleanup: 60
2026-07-28 12:30:54,648 - INFO - HTTP Request: POST https://openrouter.ai/api/v1/chat/completions "HTTP/1.1 200 OK"
2026-07-28 12:31:11,521 - INFO - Evaluated program it000204 in 0.11s: combined_score=0.9562, mean_excess=0.0458, bins_used=2101.0000, lower_bound=2009.0000, num_instances=5.0000, eval_time=0.1126, validity=1.0000
2026-07-28 12:31:11,523 - INFO - New MAP-Elites cell occupied in island 0: {'complexity': 3, 'diversity': 0}
2026-07-28 12:31:11,523 - INFO - Population size (61) exceeds limit (60), removing 1 programs
2026-07-28 12:31:11,523 - INFO - Population size after cleanup: 60
2026-07-28 12:31:11,542 - INFO - Saved database with 60 programs to examples/bin_packing/runs/phase-c-p1-boltzmann/bandit-islands-s42/checkpoints/checkpoint_204
2026-07-28 12:31:11,549 - INFO - Saved checkpoint at iteration 204 to examples/bin_packing/runs/phase-c-p1-boltzmann/bandit-islands-s42/checkpoints/checkpoint_204
2026-07-28 12:31:13,666 - INFO - HTTP Request: POST https://openrouter.ai/api/v1/chat/completions "HTTP/1.1 200 OK"
2026-07-28 12:31:32,528 - INFO - Evaluated program it000205 in 0.13s: combined_score=0.9562, mean_excess=0.0458, bins_used=2101.0000, lower_bound=2009.0000, num_instances=5.0000, eval_time=0.1309, validity=1.0000
2026-07-28 12:31:32,529 - INFO - New MAP-Elites cell occupied in island 1: {'complexity': 3, 'diversity': 0}
2026-07-28 12:31:32,529 - INFO - Population size (61) exceeds limit (60), removing 1 programs
2026-07-28 12:31:32,529 - INFO - Population size after cleanup: 60
2026-07-28 12:31:33,655 - INFO - HTTP Request: POST https://openrouter.ai/api/v1/chat/completions "HTTP/1.1 200 OK"
2026-07-28 12:32:05,608 - INFO - Evaluated program it000206 in 0.13s: combined_score=0.9636, mean_excess=0.0378, bins_used=2085.0000, lower_bound=2009.0000, num_instances=5.0000, eval_time=0.1327, validity=1.0000
2026-07-28 12:32:05,610 - INFO - Population size (61) exceeds limit (60), removing 1 programs
2026-07-28 12:32:05,610 - INFO - Population size after cleanup: 60
2026-07-28 12:32:06,874 - INFO - HTTP Request: POST https://openrouter.ai/api/v1/chat/completions "HTTP/1.1 200 OK"
2026-07-28 12:32:22,820 - INFO - Evaluated program it000207 in 0.15s: combined_score=0.9608, mean_excess=0.0408, bins_used=2091.0000, lower_bound=2009.0000, num_instances=5.0000, eval_time=0.1466, validity=1.0000
2026-07-28 12:32:22,822 - INFO - Population size (61) exceeds limit (60), removing 1 programs
2026-07-28 12:32:22,822 - INFO - Population size after cleanup: 60
2026-07-28 12:32:23,589 - INFO - HTTP Request: POST https://openrouter.ai/api/v1/chat/completions "HTTP/1.1 200 OK"
2026-07-28 12:33:17,690 - INFO - Evaluated program it000208 in 0.14s: combined_score=0.9636, mean_excess=0.0378, bins_used=2085.0000, lower_bound=2009.0000, num_instances=5.0000, eval_time=0.1398, validity=1.0000
2026-07-28 12:33:17,691 - INFO - Population size (61) exceeds limit (60), removing 1 programs
2026-07-28 12:33:17,691 - INFO - Population size after cleanup: 60
2026-07-28 12:33:19,646 - INFO - HTTP Request: POST https://openrouter.ai/api/v1/chat/completions "HTTP/1.1 200 OK"
2026-07-28 12:35:29,704 - INFO - Evaluated program it000209 in 0.14s: combined_score=0.9562, mean_excess=0.0458, bins_used=2101.0000, lower_bound=2009.0000, num_instances=5.0000, eval_time=0.1344, validity=1.0000
2026-07-28 12:35:29,706 - INFO - Population size (61) exceeds limit (60), removing 1 programs
2026-07-28 12:35:29,706 - INFO - Population size after cleanup: 60
2026-07-28 12:35:29,726 - INFO - Saved database with 60 programs to examples/bin_packing/runs/phase-c-p1-boltzmann/bandit-islands-s42/checkpoints/checkpoint_209
2026-07-28 12:35:29,733 - INFO - Saved checkpoint at iteration 209 to examples/bin_packing/runs/phase-c-p1-boltzmann/bandit-islands-s42/checkpoints/checkpoint_209
2026-07-28 12:35:32,043 - INFO - HTTP Request: POST https://openrouter.ai/api/v1/chat/completions "HTTP/1.1 200 OK"
2026-07-28 12:35:42,081 - INFO - Evaluated program it000210 in 0.14s: combined_score=0.9636, mean_excess=0.0378, bins_used=2085.0000, lower_bound=2009.0000, num_instances=5.0000, eval_time=0.1404, validity=1.0000
2026-07-28 12:35:42,081 - INFO - Population size (61) exceeds limit (60), removing 1 programs
2026-07-28 12:35:42,081 - INFO - Population size after cleanup: 60
2026-07-28 12:35:43,326 - INFO - HTTP Request: POST https://openrouter.ai/api/v1/chat/completions "HTTP/1.1 200 OK"
2026-07-28 12:36:39,355 - INFO - Evaluated program it000211 in 0.11s: combined_score=0.9562, mean_excess=0.0458, bins_used=2101.0000, lower_bound=2009.0000, num_instances=5.0000, eval_time=0.1128, validity=1.0000
2026-07-28 12:36:39,357 - INFO - Population size (61) exceeds limit (60), removing 1 programs
2026-07-28 12:36:39,357 - INFO - Population size after cleanup: 60
2026-07-28 12:36:40,010 - INFO - HTTP Request: POST https://openrouter.ai/api/v1/chat/completions "HTTP/1.1 200 OK"
2026-07-28 12:36:45,665 - INFO - Evaluated program it000212 in 0.14s: combined_score=0.9562, mean_excess=0.0458, bins_used=2101.0000, lower_bound=2009.0000, num_instances=5.0000, eval_time=0.1404, validity=1.0000
2026-07-28 12:36:45,666 - INFO - Population size (61) exceeds limit (60), removing 1 programs
2026-07-28 12:36:45,666 - INFO - Population size after cleanup: 60
2026-07-28 12:36:47,759 - INFO - HTTP Request: POST https://openrouter.ai/api/v1/chat/completions "HTTP/1.1 200 OK"
2026-07-28 12:37:02,511 - INFO - Evaluated program it000213 in 0.14s: combined_score=0.9576, mean_excess=0.0443, bins_used=2098.0000, lower_bound=2009.0000, num_instances=5.0000, eval_time=0.1380, validity=1.0000
2026-07-28 12:37:02,512 - INFO - Population size (61) exceeds limit (60), removing 1 programs
2026-07-28 12:37:02,512 - INFO - Population size after cleanup: 60
2026-07-28 12:37:02,525 - INFO - Stopping at iteration 214: Total token budget exhausted (shared pool): spent 1002699 of cap 1000000. The next call was for account 'mutation' — that account is not itself capped; the shared pool is what ran out.
2026-07-28 12:37:02,540 - INFO - Saved database with 60 programs to examples/bin_packing/runs/phase-c-p1-boltzmann/bandit-islands-s42/checkpoints/checkpoint_213
2026-07-28 12:37:02,547 - INFO - Saved checkpoint at iteration 213 to examples/bin_packing/runs/phase-c-p1-boltzmann/bandit-islands-s42/checkpoints/checkpoint_213
2026-07-28 12:37:02,549 - INFO - Evolution tracing complete. Total traces: 210
2026-07-28 12:37:02,549 - INFO - Improvement rate: 28.57%
2026-07-28 12:37:02,549 - INFO - Best improvements: {'combined_score': 0.0743381246743331, 'mean_excess': 0.09412719742112519, 'bins_used': 189.0, 'lower_bound': 0.0, 'num_instances': 0, 'eval_time': 0.22629594802856445, 'validity': 0.0}
2026-07-28 12:37:02,549 - INFO - Worst declines: {'combined_score': -0.07975662952696261, 'mean_excess': -0.08815536963864118, 'bins_used': -177.0, 'lower_bound': 0.0, 'num_instances': 0, 'eval_time': -0.21052289009094238, 'validity': 0.0}

Evaluation: instances=5, bins=2085, lower_bound=2009, mean_excess=0.0378, score=0.9636, time=0.13s
Evaluation: instances=5, bins=2101, lower_bound=2009, mean_excess=0.0458, score=0.9562, time=0.13s
Evaluation: instances=5, bins=2103, lower_bound=2009, mean_excess=0.0468, score=0.9553, time=0.14s
Evaluation: instances=5, bins=2085, lower_bound=2009, mean_excess=0.0378, score=0.9636, time=0.15s
Evaluation: instances=5, bins=2141, lower_bound=2009, mean_excess=0.0657, score=0.9383, time=0.13s
Evaluation: instances=5, bins=2112, lower_bound=2009, mean_excess=0.0513, score=0.9512, time=0.13s
Evaluation: instances=5, bins=2101, lower_bound=2009, mean_excess=0.0458, score=0.9562, time=0.15s
Evaluation: instances=5, bins=2085, lower_bound=2009, mean_excess=0.0378, score=0.9636, time=0.11s
Evaluation: instances=5, bins=2101, lower_bound=2009, mean_excess=0.0458, score=0.9562, time=0.13s
Evaluation: instances=5, bins=2278, lower_bound=2009, mean_excess=0.1339, score=0.8819, time=0.13s
Evaluation: instances=5, bins=2106, lower_bound=2009, mean_excess=0.0483, score=0.9539, time=0.15s
Evaluation: instances=5, bins=2154, lower_bound=2009, mean_excess=0.0722, score=0.9327, time=0.14s
Evaluation: instances=5, bins=2102, lower_bound=2009, mean_excess=0.0463, score=0.9558, time=0.14s
Evaluation: instances=5, bins=2239, lower_bound=2009, mean_excess=0.1145, score=0.8973, time=0.13s
Evaluation: instances=5, bins=2098, lower_bound=2009, mean_excess=0.0443, score=0.9576, time=0.13s
Evaluation: instances=5, bins=2154, lower_bound=2009, mean_excess=0.0722, score=0.9327, time=0.15s
Evaluation: instances=5, bins=2101, lower_bound=2009, mean_excess=0.0458, score=0.9562, time=0.13s
Evaluation: instances=5, bins=2140, lower_bound=2009, mean_excess=0.0652, score=0.9388, time=0.13s
Evaluation: instances=5, bins=2101, lower_bound=2009, mean_excess=0.0458, score=0.9562, time=0.18s
Evaluation: instances=5, bins=2101, lower_bound=2009, mean_excess=0.0458, score=0.9562, time=0.13s
Evaluation: instances=5, bins=2221, lower_bound=2009, mean_excess=0.1055, score=0.9045, time=0.14s
Evaluation: instances=5, bins=2278, lower_bound=2009, mean_excess=0.1339, score=0.8819, time=0.12s
Evaluation: instances=5, bins=2101, lower_bound=2009, mean_excess=0.0458, score=0.9562, time=0.14s
Evaluation: instances=5, bins=2085, lower_bound=2009, mean_excess=0.0378, score=0.9636, time=0.14s
Evaluation: instances=5, bins=2278, lower_bound=2009, mean_excess=0.1339, score=0.8819, time=0.12s
Evaluation: instances=5, bins=2177, lower_bound=2009, mean_excess=0.0836, score=0.9228, time=0.14s
Evaluation: instances=5, bins=2101, lower_bound=2009, mean_excess=0.0458, score=0.9562, time=0.16s
Evaluation: instances=5, bins=2278, lower_bound=2009, mean_excess=0.1339, score=0.8819, time=0.16s
Evaluation: instances=5, bins=2101, lower_bound=2009, mean_excess=0.0458, score=0.9562, time=0.10s
Evaluation: instances=5, bins=2121, lower_bound=2009, mean_excess=0.0558, score=0.9472, time=0.13s
Evaluation: instances=5, bins=2099, lower_bound=2009, mean_excess=0.0448, score=0.9571, time=0.13s
Evaluation: instances=5, bins=2090, lower_bound=2009, mean_excess=0.0403, score=0.9612, time=0.13s
Evaluation: instances=5, bins=2101, lower_bound=2009, mean_excess=0.0458, score=0.9562, time=0.13s
Evaluation: instances=5, bins=2101, lower_bound=2009, mean_excess=0.0458, score=0.9562, time=0.11s
Evaluation: instances=5, bins=2085, lower_bound=2009, mean_excess=0.0378, score=0.9636, time=0.14s
Evaluation: instances=5, bins=2105, lower_bound=2009, mean_excess=0.0478, score=0.9544, time=0.15s
Evaluation: instances=5, bins=2101, lower_bound=2009, mean_excess=0.0458, score=0.9562, time=0.11s
Evaluation: instances=5, bins=2101, lower_bound=2009, mean_excess=0.0458, score=0.9562, time=0.13s
Evaluation: instances=5, bins=2085, lower_bound=2009, mean_excess=0.0378, score=0.9636, time=0.13s
Evaluation: instances=5, bins=2091, lower_bound=2009, mean_excess=0.0408, score=0.9608, time=0.15s
Evaluation: instances=5, bins=2085, lower_bound=2009, mean_excess=0.0378, score=0.9636, time=0.14s
Evaluation: instances=5, bins=2101, lower_bound=2009, mean_excess=0.0458, score=0.9562, time=0.13s
Evaluation: instances=5, bins=2085, lower_bound=2009, mean_excess=0.0378, score=0.9636, time=0.14s
Evaluation: instances=5, bins=2101, lower_bound=2009, mean_excess=0.0458, score=0.9562, time=0.11s
Evaluation: instances=5, bins=2101, lower_bound=2009, mean_excess=0.0458, score=0.9562, time=0.14s
Evaluation: instances=5, bins=2098, lower_bound=2009, mean_excess=0.0443, score=0.9576, time=0.14s
BEST: {'combined_score': 0.9635606004670978, 'mean_excess': 0.037817444502439894, 'bins_used': 2085.0, 'lower_bound': 2009.0, 'num_instances': 5, 'eval_time': 0.1522083282470703, 'validity': 1.0}
