{
  "id": "70683ea8-24e5-4a65-9eac-eab8d2c8a231",
  "generation": 4,
  "iteration": 159,
  "current_iteration": 240,
  "metrics": {
    "combined_score": -0.19725772392760513,
    "stable_frequency_hitrate": 0.6142916666666666,
    "churn_hitrate": 0.306375
  },
  "language": "python",
  "timestamp": 1782660962.6481822,
  "saved_at": 1782661301.6834147
}