{
  "id": "78b6f879-09a7-482f-b13b-c03dec147af5",
  "generation": 3,
  "iteration": 49,
  "current_iteration": 59,
  "metrics": {
    "validity": 1.0,
    "sum_radii": 1.2290571555521104,
    "target_ratio": 0.46643535315070606,
    "combined_score": 0.46643535315070606
  },
  "language": "python",
  "timestamp": 1783523487.734001,
  "saved_at": 1783534170.8786952
}