2026-07-28 10:22:38,842 - INFO - Froze run config to examples/bin_packing/runs/phase-c-p1-boltzmann/bandit-tree-s42/config.yaml (sha256=67fe2e24f3cc0f6ad8a2461ec8730d21e1e1adab05d92c744a0fd6ad45406e6f)
2026-07-28 10:22:38,998 - INFO - Evolution tracer initialized: examples/bin_packing/runs/phase-c-p1-boltzmann/bandit-tree-s42/evolution_trace.jsonl
2026-07-28 10:22:39,004 - INFO - Successfully loaded evaluation function from /Users/archiebrown/noema-evolve/examples/bin_packing/evaluator.py
2026-07-28 10:22:39,007 - INFO - Initialized evaluator with /Users/archiebrown/noema-evolve/examples/bin_packing/evaluator.py
2026-07-28 10:22:39,009 - INFO - Initialized prompt sampler
2026-07-28 10:22:39,063 - INFO - Evaluating and adding initial program
2026-07-28 10:22:39,237 - INFO - Evaluated program initial in 0.17s: combined_score=0.9562, mean_excess=0.0458, bins_used=2101.0000, lower_bound=2009.0000, num_instances=5.0000, eval_time=0.1714, validity=1.0000
2026-07-28 10:22:41,628 - INFO - HTTP Request: POST https://openrouter.ai/api/v1/chat/completions "HTTP/1.1 200 OK"
2026-07-28 10:23:04,916 - INFO - Evaluated program it000000 in 0.13s: combined_score=0.8819, mean_excess=0.1339, bins_used=2278.0000, lower_bound=2009.0000, num_instances=5.0000, eval_time=0.1258, validity=1.0000
2026-07-28 10:23:05,369 - INFO - HTTP Request: POST https://openrouter.ai/api/v1/chat/completions "HTTP/1.1 200 OK"
2026-07-28 10:24:07,951 - INFO - Evaluated program it000001 in 0.12s: combined_score=0.8819, mean_excess=0.1339, bins_used=2278.0000, lower_bound=2009.0000, num_instances=5.0000, eval_time=0.1150, validity=1.0000
2026-07-28 10:24:09,970 - INFO - HTTP Request: POST https://openrouter.ai/api/v1/chat/completions "HTTP/1.1 200 OK"
2026-07-28 10:24:20,366 - INFO - Evaluated program it000002 in 0.13s: combined_score=0.9562, mean_excess=0.0458, bins_used=2101.0000, lower_bound=2009.0000, num_instances=5.0000, eval_time=0.1238, validity=1.0000
2026-07-28 10:24:22,015 - INFO - HTTP Request: POST https://openrouter.ai/api/v1/chat/completions "HTTP/1.1 200 OK"
2026-07-28 10:24:41,392 - INFO - Evaluated program it000003 in 0.11s: combined_score=0.9562, mean_excess=0.0458, bins_used=2101.0000, lower_bound=2009.0000, num_instances=5.0000, eval_time=0.1050, validity=1.0000
2026-07-28 10:24:42,401 - INFO - HTTP Request: POST https://openrouter.ai/api/v1/chat/completions "HTTP/1.1 200 OK"
2026-07-28 10:25:00,327 - INFO - Evaluated program it000004 in 0.11s: combined_score=0.9562, mean_excess=0.0458, bins_used=2101.0000, lower_bound=2009.0000, num_instances=5.0000, eval_time=0.1120, validity=1.0000
2026-07-28 10:25:00,332 - INFO - Saved checkpoint at iteration 4 to examples/bin_packing/runs/phase-c-p1-boltzmann/bandit-tree-s42/checkpoints/checkpoint_4
2026-07-28 10:25:01,783 - INFO - HTTP Request: POST https://openrouter.ai/api/v1/chat/completions "HTTP/1.1 200 OK"
2026-07-28 10:25:50,742 - INFO - Evaluated program it000005 in 0.12s: combined_score=0.9013, mean_excess=0.1095, bins_used=2229.0000, lower_bound=2009.0000, num_instances=5.0000, eval_time=0.1204, validity=1.0000
2026-07-28 10:25:52,144 - INFO - HTTP Request: POST https://openrouter.ai/api/v1/chat/completions "HTTP/1.1 200 OK"
2026-07-28 10:26:07,199 - INFO - Evaluated program it000006 in 0.14s: combined_score=0.9292, mean_excess=0.0762, bins_used=2162.0000, lower_bound=2009.0000, num_instances=5.0000, eval_time=0.1431, validity=1.0000
2026-07-28 10:26:08,269 - INFO - HTTP Request: POST https://openrouter.ai/api/v1/chat/completions "HTTP/1.1 200 OK"
2026-07-28 10:26:18,161 - INFO - Evaluated program it000007 in 0.12s: combined_score=0.9562, mean_excess=0.0458, bins_used=2101.0000, lower_bound=2009.0000, num_instances=5.0000, eval_time=0.1198, validity=1.0000
2026-07-28 10:26:19,110 - INFO - HTTP Request: POST https://openrouter.ai/api/v1/chat/completions "HTTP/1.1 200 OK"
2026-07-28 10:27:48,530 - INFO - Evaluated program it000008 in 0.15s: combined_score=0.9215, mean_excess=0.0852, bins_used=2180.0000, lower_bound=2009.0000, num_instances=5.0000, eval_time=0.1504, validity=1.0000
2026-07-28 10:27:49,840 - INFO - HTTP Request: POST https://openrouter.ai/api/v1/chat/completions "HTTP/1.1 200 OK"
2026-07-28 10:28:08,931 - INFO - Evaluated program it000009 in 0.13s: combined_score=0.9562, mean_excess=0.0458, bins_used=2101.0000, lower_bound=2009.0000, num_instances=5.0000, eval_time=0.1251, validity=1.0000
2026-07-28 10:28:08,937 - INFO - Saved checkpoint at iteration 9 to examples/bin_packing/runs/phase-c-p1-boltzmann/bandit-tree-s42/checkpoints/checkpoint_9
2026-07-28 10:28:10,403 - INFO - HTTP Request: POST https://openrouter.ai/api/v1/chat/completions "HTTP/1.1 200 OK"
2026-07-28 10:28:17,370 - INFO - Evaluated program it000010 in 0.12s: combined_score=0.9562, mean_excess=0.0458, bins_used=2101.0000, lower_bound=2009.0000, num_instances=5.0000, eval_time=0.1160, validity=1.0000
2026-07-28 10:28:19,169 - INFO - HTTP Request: POST https://openrouter.ai/api/v1/chat/completions "HTTP/1.1 200 OK"
2026-07-28 10:28:37,170 - INFO - Evaluated program it000011 in 0.14s: combined_score=0.9562, mean_excess=0.0458, bins_used=2101.0000, lower_bound=2009.0000, num_instances=5.0000, eval_time=0.1357, validity=1.0000
2026-07-28 10:28:37,992 - INFO - HTTP Request: POST https://openrouter.ai/api/v1/chat/completions "HTTP/1.1 200 OK"
2026-07-28 10:28:49,448 - INFO - Evaluated program it000012 in 0.13s: combined_score=0.9562, mean_excess=0.0458, bins_used=2101.0000, lower_bound=2009.0000, num_instances=5.0000, eval_time=0.1261, validity=1.0000
2026-07-28 10:28:50,165 - INFO - HTTP Request: POST https://openrouter.ai/api/v1/chat/completions "HTTP/1.1 200 OK"
2026-07-28 10:29:34,906 - INFO - Evaluated program it000013 in 0.16s: combined_score=0.8819, mean_excess=0.1339, bins_used=2278.0000, lower_bound=2009.0000, num_instances=5.0000, eval_time=0.1529, validity=1.0000
2026-07-28 10:29:37,156 - INFO - HTTP Request: POST https://openrouter.ai/api/v1/chat/completions "HTTP/1.1 200 OK"
2026-07-28 10:30:04,345 - INFO - Evaluated program it000014 in 0.11s: combined_score=0.9562, mean_excess=0.0458, bins_used=2101.0000, lower_bound=2009.0000, num_instances=5.0000, eval_time=0.1054, validity=1.0000
2026-07-28 10:30:04,352 - INFO - Saved checkpoint at iteration 14 to examples/bin_packing/runs/phase-c-p1-boltzmann/bandit-tree-s42/checkpoints/checkpoint_14
2026-07-28 10:30:04,741 - INFO - HTTP Request: POST https://openrouter.ai/api/v1/chat/completions "HTTP/1.1 200 OK"
2026-07-28 10:30:09,704 - INFO - Evaluated program it000015 in 0.13s: combined_score=0.9562, mean_excess=0.0458, bins_used=2101.0000, lower_bound=2009.0000, num_instances=5.0000, eval_time=0.1305, validity=1.0000
2026-07-28 10:30:11,118 - INFO - HTTP Request: POST https://openrouter.ai/api/v1/chat/completions "HTTP/1.1 200 OK"
2026-07-28 10:30:28,244 - INFO - Evaluated program it000016 in 0.13s: combined_score=0.9388, mean_excess=0.0652, bins_used=2140.0000, lower_bound=2009.0000, num_instances=5.0000, eval_time=0.1293, validity=1.0000
2026-07-28 10:30:28,485 - INFO - HTTP Request: POST https://openrouter.ai/api/v1/chat/completions "HTTP/1.1 200 OK"
2026-07-28 10:30:36,286 - INFO - Evaluated program it000017 in 0.14s: combined_score=0.9562, mean_excess=0.0458, bins_used=2101.0000, lower_bound=2009.0000, num_instances=5.0000, eval_time=0.1331, validity=1.0000
2026-07-28 10:30:44,847 - INFO - HTTP Request: POST https://openrouter.ai/api/v1/chat/completions "HTTP/1.1 200 OK"
2026-07-28 10:30:52,721 - INFO - Evaluated program it000018 in 0.12s: combined_score=0.9562, mean_excess=0.0458, bins_used=2101.0000, lower_bound=2009.0000, num_instances=5.0000, eval_time=0.1211, validity=1.0000
2026-07-28 10:30:54,711 - INFO - HTTP Request: POST https://openrouter.ai/api/v1/chat/completions "HTTP/1.1 200 OK"
2026-07-28 10:31:16,426 - INFO - Evaluated program it000019 in 0.11s: combined_score=0.8819, mean_excess=0.1339, bins_used=2278.0000, lower_bound=2009.0000, num_instances=5.0000, eval_time=0.1095, validity=1.0000
2026-07-28 10:31:16,433 - INFO - Saved checkpoint at iteration 19 to examples/bin_packing/runs/phase-c-p1-boltzmann/bandit-tree-s42/checkpoints/checkpoint_19
2026-07-28 10:31:18,554 - INFO - HTTP Request: POST https://openrouter.ai/api/v1/chat/completions "HTTP/1.1 200 OK"
2026-07-28 10:31:26,547 - INFO - Evaluated program it000020 in 0.14s: combined_score=0.9562, mean_excess=0.0458, bins_used=2101.0000, lower_bound=2009.0000, num_instances=5.0000, eval_time=0.1337, validity=1.0000
2026-07-28 10:31:29,256 - INFO - HTTP Request: POST https://openrouter.ai/api/v1/chat/completions "HTTP/1.1 200 OK"
2026-07-28 10:31:38,777 - INFO - Evaluated program it000021 in 0.12s: combined_score=0.9562, mean_excess=0.0458, bins_used=2101.0000, lower_bound=2009.0000, num_instances=5.0000, eval_time=0.1180, validity=1.0000
2026-07-28 10:31:39,179 - INFO - HTTP Request: POST https://openrouter.ai/api/v1/chat/completions "HTTP/1.1 200 OK"
2026-07-28 10:31:50,005 - INFO - Evaluated program it000022 in 0.14s: combined_score=0.9562, mean_excess=0.0458, bins_used=2101.0000, lower_bound=2009.0000, num_instances=5.0000, eval_time=0.1392, validity=1.0000
2026-07-28 10:31:51,055 - INFO - HTTP Request: POST https://openrouter.ai/api/v1/chat/completions "HTTP/1.1 200 OK"
2026-07-28 10:32:13,967 - INFO - Evaluated program it000023 in 0.14s: combined_score=0.8799, mean_excess=0.1364, bins_used=2283.0000, lower_bound=2009.0000, num_instances=5.0000, eval_time=0.1348, validity=1.0000
2026-07-28 10:32:15,359 - INFO - HTTP Request: POST https://openrouter.ai/api/v1/chat/completions "HTTP/1.1 200 OK"
2026-07-28 10:32:19,788 - INFO - Evaluated program it000024 in 0.14s: combined_score=0.9562, mean_excess=0.0458, bins_used=2101.0000, lower_bound=2009.0000, num_instances=5.0000, eval_time=0.1359, validity=1.0000
2026-07-28 10:32:19,796 - INFO - Saved checkpoint at iteration 24 to examples/bin_packing/runs/phase-c-p1-boltzmann/bandit-tree-s42/checkpoints/checkpoint_24
2026-07-28 10:32:20,699 - INFO - HTTP Request: POST https://openrouter.ai/api/v1/chat/completions "HTTP/1.1 200 OK"
2026-07-28 10:32:28,713 - INFO - Evaluated program it000025 in 0.14s: combined_score=0.9562, mean_excess=0.0458, bins_used=2101.0000, lower_bound=2009.0000, num_instances=5.0000, eval_time=0.1331, validity=1.0000
2026-07-28 10:32:35,139 - INFO - HTTP Request: POST https://openrouter.ai/api/v1/chat/completions "HTTP/1.1 200 OK"
2026-07-28 10:32:45,177 - INFO - Evaluated program it000026 in 0.13s: combined_score=0.8819, mean_excess=0.1339, bins_used=2278.0000, lower_bound=2009.0000, num_instances=5.0000, eval_time=0.1302, validity=1.0000
2026-07-28 10:32:46,825 - INFO - HTTP Request: POST https://openrouter.ai/api/v1/chat/completions "HTTP/1.1 200 OK"
2026-07-28 10:33:06,272 - INFO - Evaluated program it000027 in 0.14s: combined_score=0.9388, mean_excess=0.0652, bins_used=2140.0000, lower_bound=2009.0000, num_instances=5.0000, eval_time=0.1330, validity=1.0000
2026-07-28 10:33:11,703 - INFO - HTTP Request: POST https://openrouter.ai/api/v1/chat/completions "HTTP/1.1 200 OK"
2026-07-28 10:33:25,241 - INFO - Evaluated program it000028 in 0.12s: combined_score=0.9562, mean_excess=0.0458, bins_used=2101.0000, lower_bound=2009.0000, num_instances=5.0000, eval_time=0.1219, validity=1.0000
2026-07-28 10:33:25,808 - INFO - HTTP Request: POST https://openrouter.ai/api/v1/chat/completions "HTTP/1.1 200 OK"
2026-07-28 10:33:40,210 - INFO - Evaluated program it000029 in 0.11s: combined_score=0.9562, mean_excess=0.0458, bins_used=2101.0000, lower_bound=2009.0000, num_instances=5.0000, eval_time=0.1084, validity=1.0000
2026-07-28 10:33:40,220 - INFO - Saved checkpoint at iteration 29 to examples/bin_packing/runs/phase-c-p1-boltzmann/bandit-tree-s42/checkpoints/checkpoint_29
2026-07-28 10:33:42,132 - INFO - HTTP Request: POST https://openrouter.ai/api/v1/chat/completions "HTTP/1.1 200 OK"
2026-07-28 10:33:49,256 - INFO - Evaluated program it000030 in 0.12s: combined_score=0.9562, mean_excess=0.0458, bins_used=2101.0000, lower_bound=2009.0000, num_instances=5.0000, eval_time=0.1200, validity=1.0000
2026-07-28 10:33:49,667 - INFO - HTTP Request: POST https://openrouter.ai/api/v1/chat/completions "HTTP/1.1 200 OK"
2026-07-28 10:34:13,075 - INFO - Evaluated program it000031 in 0.12s: combined_score=0.9562, mean_excess=0.0458, bins_used=2101.0000, lower_bound=2009.0000, num_instances=5.0000, eval_time=0.1152, validity=1.0000
2026-07-28 10:34:14,981 - INFO - HTTP Request: POST https://openrouter.ai/api/v1/chat/completions "HTTP/1.1 200 OK"
2026-07-28 10:34:31,041 - INFO - Evaluated program it000032 in 0.11s: combined_score=0.9562, mean_excess=0.0458, bins_used=2101.0000, lower_bound=2009.0000, num_instances=5.0000, eval_time=0.1132, validity=1.0000
2026-07-28 10:34:33,602 - INFO - HTTP Request: POST https://openrouter.ai/api/v1/chat/completions "HTTP/1.1 200 OK"
2026-07-28 10:34:45,829 - INFO - Evaluated program it000033 in 0.11s: combined_score=0.9562, mean_excess=0.0458, bins_used=2101.0000, lower_bound=2009.0000, num_instances=5.0000, eval_time=0.1077, validity=1.0000
2026-07-28 10:34:47,430 - INFO - HTTP Request: POST https://openrouter.ai/api/v1/chat/completions "HTTP/1.1 200 OK"
2026-07-28 10:34:53,988 - INFO - Evaluated program it000034 in 0.11s: combined_score=0.9562, mean_excess=0.0458, bins_used=2101.0000, lower_bound=2009.0000, num_instances=5.0000, eval_time=0.1040, validity=1.0000
2026-07-28 10:34:53,999 - INFO - Saved checkpoint at iteration 34 to examples/bin_packing/runs/phase-c-p1-boltzmann/bandit-tree-s42/checkpoints/checkpoint_34
2026-07-28 10:34:59,978 - INFO - HTTP Request: POST https://openrouter.ai/api/v1/chat/completions "HTTP/1.1 200 OK"
2026-07-28 10:35:10,079 - INFO - Evaluated program it000035 in 0.15s: combined_score=0.9562, mean_excess=0.0458, bins_used=2101.0000, lower_bound=2009.0000, num_instances=5.0000, eval_time=0.1510, validity=1.0000
2026-07-28 10:35:10,369 - INFO - HTTP Request: POST https://openrouter.ai/api/v1/chat/completions "HTTP/1.1 200 OK"
2026-07-28 10:35:14,572 - INFO - Evaluated program it000036 in 0.14s: combined_score=0.9562, mean_excess=0.0458, bins_used=2101.0000, lower_bound=2009.0000, num_instances=5.0000, eval_time=0.1359, validity=1.0000
2026-07-28 10:35:15,830 - INFO - HTTP Request: POST https://openrouter.ai/api/v1/chat/completions "HTTP/1.1 200 OK"
2026-07-28 10:35:23,158 - INFO - Evaluated program it000037 in 0.14s: combined_score=0.9562, mean_excess=0.0458, bins_used=2101.0000, lower_bound=2009.0000, num_instances=5.0000, eval_time=0.1345, validity=1.0000
2026-07-28 10:35:23,546 - INFO - HTTP Request: POST https://openrouter.ai/api/v1/chat/completions "HTTP/1.1 200 OK"
2026-07-28 10:35:36,487 - INFO - Evaluated program it000038 in 0.12s: combined_score=0.9562, mean_excess=0.0458, bins_used=2101.0000, lower_bound=2009.0000, num_instances=5.0000, eval_time=0.1195, validity=1.0000
2026-07-28 10:35:38,518 - INFO - HTTP Request: POST https://openrouter.ai/api/v1/chat/completions "HTTP/1.1 200 OK"
2026-07-28 10:36:00,176 - INFO - Evaluated program it000039 in 0.13s: combined_score=0.9562, mean_excess=0.0458, bins_used=2101.0000, lower_bound=2009.0000, num_instances=5.0000, eval_time=0.1312, validity=1.0000
2026-07-28 10:36:00,188 - INFO - Saved checkpoint at iteration 39 to examples/bin_packing/runs/phase-c-p1-boltzmann/bandit-tree-s42/checkpoints/checkpoint_39
2026-07-28 10:36:00,472 - INFO - HTTP Request: POST https://openrouter.ai/api/v1/chat/completions "HTTP/1.1 200 OK"
2026-07-28 10:36:15,855 - INFO - Evaluated program it000040 in 0.17s: combined_score=0.9562, mean_excess=0.0458, bins_used=2101.0000, lower_bound=2009.0000, num_instances=5.0000, eval_time=0.1669, validity=1.0000
2026-07-28 10:36:17,739 - INFO - HTTP Request: POST https://openrouter.ai/api/v1/chat/completions "HTTP/1.1 200 OK"
2026-07-28 10:36:26,759 - INFO - Evaluated program it000041 in 0.13s: combined_score=0.8819, mean_excess=0.1339, bins_used=2278.0000, lower_bound=2009.0000, num_instances=5.0000, eval_time=0.1278, validity=1.0000
2026-07-28 10:36:27,488 - INFO - HTTP Request: POST https://openrouter.ai/api/v1/chat/completions "HTTP/1.1 200 OK"
2026-07-28 10:36:30,082 - INFO - Evaluated program it000042 in 0.11s: combined_score=0.9388, mean_excess=0.0652, bins_used=2140.0000, lower_bound=2009.0000, num_instances=5.0000, eval_time=0.1114, validity=1.0000
2026-07-28 10:36:31,435 - INFO - HTTP Request: POST https://openrouter.ai/api/v1/chat/completions "HTTP/1.1 200 OK"
2026-07-28 10:37:04,125 - INFO - Evaluated program it000043 in 0.16s: combined_score=0.9463, mean_excess=0.0568, bins_used=2123.0000, lower_bound=2009.0000, num_instances=5.0000, eval_time=0.1612, validity=1.0000
2026-07-28 10:37:10,947 - INFO - HTTP Request: POST https://openrouter.ai/api/v1/chat/completions "HTTP/1.1 200 OK"
2026-07-28 10:37:19,390 - INFO - Evaluated program it000044 in 0.14s: combined_score=0.9562, mean_excess=0.0458, bins_used=2101.0000, lower_bound=2009.0000, num_instances=5.0000, eval_time=0.1336, validity=1.0000
2026-07-28 10:37:19,402 - INFO - Saved checkpoint at iteration 44 to examples/bin_packing/runs/phase-c-p1-boltzmann/bandit-tree-s42/checkpoints/checkpoint_44
2026-07-28 10:37:20,995 - INFO - HTTP Request: POST https://openrouter.ai/api/v1/chat/completions "HTTP/1.1 200 OK"
2026-07-28 10:37:30,688 - INFO - Evaluated program it000045 in 0.13s: combined_score=0.9562, mean_excess=0.0458, bins_used=2101.0000, lower_bound=2009.0000, num_instances=5.0000, eval_time=0.1299, validity=1.0000
2026-07-28 10:37:31,750 - INFO - HTTP Request: POST https://openrouter.ai/api/v1/chat/completions "HTTP/1.1 200 OK"
2026-07-28 10:38:00,013 - INFO - Evaluated program it000046 in 0.12s: combined_score=0.9562, mean_excess=0.0458, bins_used=2101.0000, lower_bound=2009.0000, num_instances=5.0000, eval_time=0.1208, validity=1.0000
2026-07-28 10:38:02,190 - INFO - HTTP Request: POST https://openrouter.ai/api/v1/chat/completions "HTTP/1.1 200 OK"
2026-07-28 10:38:14,310 - INFO - Evaluated program it000047 in 0.14s: combined_score=0.9562, mean_excess=0.0458, bins_used=2101.0000, lower_bound=2009.0000, num_instances=5.0000, eval_time=0.1426, validity=1.0000
2026-07-28 10:38:14,739 - INFO - HTTP Request: POST https://openrouter.ai/api/v1/chat/completions "HTTP/1.1 200 OK"
2026-07-28 10:38:20,839 - INFO - Evaluated program it000048 in 0.14s: combined_score=0.9562, mean_excess=0.0458, bins_used=2101.0000, lower_bound=2009.0000, num_instances=5.0000, eval_time=0.1384, validity=1.0000
2026-07-28 10:38:22,793 - INFO - HTTP Request: POST https://openrouter.ai/api/v1/chat/completions "HTTP/1.1 200 OK"
2026-07-28 10:38:34,689 - INFO - Evaluated program it000049 in 0.12s: combined_score=0.9562, mean_excess=0.0458, bins_used=2101.0000, lower_bound=2009.0000, num_instances=5.0000, eval_time=0.1155, validity=1.0000
2026-07-28 10:38:34,704 - INFO - Saved checkpoint at iteration 49 to examples/bin_packing/runs/phase-c-p1-boltzmann/bandit-tree-s42/checkpoints/checkpoint_49
2026-07-28 10:38:37,059 - INFO - HTTP Request: POST https://openrouter.ai/api/v1/chat/completions "HTTP/1.1 200 OK"
2026-07-28 10:39:20,430 - INFO - Evaluated program it000050 in 0.11s: combined_score=0.9562, mean_excess=0.0458, bins_used=2101.0000, lower_bound=2009.0000, num_instances=5.0000, eval_time=0.1075, validity=1.0000
2026-07-28 10:39:20,862 - INFO - HTTP Request: POST https://openrouter.ai/api/v1/chat/completions "HTTP/1.1 200 OK"
2026-07-28 10:39:31,071 - INFO - Evaluated program it000051 in 0.14s: combined_score=0.9562, mean_excess=0.0458, bins_used=2101.0000, lower_bound=2009.0000, num_instances=5.0000, eval_time=0.1400, validity=1.0000
2026-07-28 10:39:32,734 - INFO - HTTP Request: POST https://openrouter.ai/api/v1/chat/completions "HTTP/1.1 200 OK"
2026-07-28 10:39:51,892 - INFO - Evaluated program it000052 in 0.13s: combined_score=0.9562, mean_excess=0.0458, bins_used=2101.0000, lower_bound=2009.0000, num_instances=5.0000, eval_time=0.1330, validity=1.0000
2026-07-28 10:39:53,229 - INFO - HTTP Request: POST https://openrouter.ai/api/v1/chat/completions "HTTP/1.1 200 OK"
2026-07-28 10:40:02,363 - INFO - Evaluated program it000053 in 0.13s: combined_score=0.9562, mean_excess=0.0458, bins_used=2101.0000, lower_bound=2009.0000, num_instances=5.0000, eval_time=0.1232, validity=1.0000
2026-07-28 10:40:04,064 - INFO - HTTP Request: POST https://openrouter.ai/api/v1/chat/completions "HTTP/1.1 200 OK"
2026-07-28 10:40:45,866 - INFO - Evaluated program it000054 in 0.14s: combined_score=0.9301, mean_excess=0.0752, bins_used=2160.0000, lower_bound=2009.0000, num_instances=5.0000, eval_time=0.1365, validity=1.0000
2026-07-28 10:40:45,880 - INFO - Saved checkpoint at iteration 54 to examples/bin_packing/runs/phase-c-p1-boltzmann/bandit-tree-s42/checkpoints/checkpoint_54
2026-07-28 10:40:46,689 - INFO - HTTP Request: POST https://openrouter.ai/api/v1/chat/completions "HTTP/1.1 200 OK"
2026-07-28 10:40:49,950 - INFO - Evaluated program it000055 in 0.14s: combined_score=0.9297, mean_excess=0.0757, bins_used=2161.0000, lower_bound=2009.0000, num_instances=5.0000, eval_time=0.1392, validity=1.0000
2026-07-28 10:40:53,203 - INFO - HTTP Request: POST https://openrouter.ai/api/v1/chat/completions "HTTP/1.1 200 OK"
2026-07-28 10:42:54,138 - INFO - Evaluated program it000056 in 0.13s: combined_score=0.9562, mean_excess=0.0458, bins_used=2101.0000, lower_bound=2009.0000, num_instances=5.0000, eval_time=0.1279, validity=1.0000
2026-07-28 10:42:56,055 - INFO - HTTP Request: POST https://openrouter.ai/api/v1/chat/completions "HTTP/1.1 200 OK"
2026-07-28 10:43:15,032 - INFO - Evaluated program it000057 in 0.15s: combined_score=0.9388, mean_excess=0.0652, bins_used=2140.0000, lower_bound=2009.0000, num_instances=5.0000, eval_time=0.1450, validity=1.0000
2026-07-28 10:43:15,339 - INFO - HTTP Request: POST https://openrouter.ai/api/v1/chat/completions "HTTP/1.1 200 OK"
2026-07-28 10:43:18,945 - INFO - Evaluated program it000058 in 0.14s: combined_score=0.9539, mean_excess=0.0483, bins_used=2106.0000, lower_bound=2009.0000, num_instances=5.0000, eval_time=0.1392, validity=1.0000
2026-07-28 10:43:19,839 - INFO - HTTP Request: POST https://openrouter.ai/api/v1/chat/completions "HTTP/1.1 200 OK"
2026-07-28 10:43:45,658 - INFO - Evaluated program it000059 in 0.13s: combined_score=0.9539, mean_excess=0.0483, bins_used=2106.0000, lower_bound=2009.0000, num_instances=5.0000, eval_time=0.1284, validity=1.0000
2026-07-28 10:43:45,679 - INFO - Saved checkpoint at iteration 59 to examples/bin_packing/runs/phase-c-p1-boltzmann/bandit-tree-s42/checkpoints/checkpoint_59
2026-07-28 10:43:47,444 - INFO - HTTP Request: POST https://openrouter.ai/api/v1/chat/completions "HTTP/1.1 200 OK"
2026-07-28 10:44:48,730 - INFO - Evaluated program it000060 in 0.13s: combined_score=0.9553, mean_excess=0.0468, bins_used=2103.0000, lower_bound=2009.0000, num_instances=5.0000, eval_time=0.1217, validity=1.0000
2026-07-28 10:44:50,545 - INFO - HTTP Request: POST https://openrouter.ai/api/v1/chat/completions "HTTP/1.1 200 OK"
2026-07-28 10:44:58,844 - INFO - Evaluated program it000061 in 0.12s: combined_score=0.9562, mean_excess=0.0458, bins_used=2101.0000, lower_bound=2009.0000, num_instances=5.0000, eval_time=0.1222, validity=1.0000
2026-07-28 10:44:59,261 - INFO - HTTP Request: POST https://openrouter.ai/api/v1/chat/completions "HTTP/1.1 200 OK"
2026-07-28 10:45:25,055 - INFO - Evaluated program it000062 in 0.21s: combined_score=0.9567, mean_excess=0.0453, bins_used=2100.0000, lower_bound=2009.0000, num_instances=5.0000, eval_time=0.2076, validity=1.0000
2026-07-28 10:45:26,575 - INFO - HTTP Request: POST https://openrouter.ai/api/v1/chat/completions "HTTP/1.1 200 OK"
2026-07-28 10:45:31,502 - INFO - Evaluated program it000063 in 0.14s: combined_score=0.9567, mean_excess=0.0453, bins_used=2100.0000, lower_bound=2009.0000, num_instances=5.0000, eval_time=0.1395, validity=1.0000
2026-07-28 10:45:33,939 - INFO - HTTP Request: POST https://openrouter.ai/api/v1/chat/completions "HTTP/1.1 200 OK"
2026-07-28 10:45:36,716 - INFO - Evaluated program it000064 in 0.15s: combined_score=0.9331, mean_excess=0.0717, bins_used=2153.0000, lower_bound=2009.0000, num_instances=5.0000, eval_time=0.1418, validity=1.0000
2026-07-28 10:45:36,733 - INFO - Saved checkpoint at iteration 64 to examples/bin_packing/runs/phase-c-p1-boltzmann/bandit-tree-s42/checkpoints/checkpoint_64
2026-07-28 10:45:38,205 - INFO - HTTP Request: POST https://openrouter.ai/api/v1/chat/completions "HTTP/1.1 200 OK"
2026-07-28 10:47:25,215 - INFO - Evaluated program it000065 in 0.14s: combined_score=0.9553, mean_excess=0.0468, bins_used=2103.0000, lower_bound=2009.0000, num_instances=5.0000, eval_time=0.1421, validity=1.0000
2026-07-28 10:47:32,478 - INFO - HTTP Request: POST https://openrouter.ai/api/v1/chat/completions "HTTP/1.1 200 OK"
2026-07-28 10:48:11,854 - INFO - Evaluated program it000066 in 0.12s: combined_score=0.9562, mean_excess=0.0458, bins_used=2101.0000, lower_bound=2009.0000, num_instances=5.0000, eval_time=0.1144, validity=1.0000
2026-07-28 10:48:12,194 - INFO - HTTP Request: POST https://openrouter.ai/api/v1/chat/completions "HTTP/1.1 200 OK"
2026-07-28 10:48:22,790 - INFO - Evaluated program it000067 in 0.13s: combined_score=0.9562, mean_excess=0.0458, bins_used=2101.0000, lower_bound=2009.0000, num_instances=5.0000, eval_time=0.1278, validity=1.0000
2026-07-28 10:48:24,638 - INFO - HTTP Request: POST https://openrouter.ai/api/v1/chat/completions "HTTP/1.1 200 OK"
2026-07-28 10:48:33,124 - INFO - Evaluated program it000068 in 0.13s: combined_score=0.9567, mean_excess=0.0453, bins_used=2100.0000, lower_bound=2009.0000, num_instances=5.0000, eval_time=0.1305, validity=1.0000
2026-07-28 10:48:35,015 - INFO - HTTP Request: POST https://openrouter.ai/api/v1/chat/completions "HTTP/1.1 200 OK"
2026-07-28 10:48:40,466 - INFO - Evaluated program it000069 in 0.14s: combined_score=0.9562, mean_excess=0.0458, bins_used=2101.0000, lower_bound=2009.0000, num_instances=5.0000, eval_time=0.1351, validity=1.0000
2026-07-28 10:48:40,490 - INFO - Saved checkpoint at iteration 69 to examples/bin_packing/runs/phase-c-p1-boltzmann/bandit-tree-s42/checkpoints/checkpoint_69
2026-07-28 10:48:40,819 - INFO - HTTP Request: POST https://openrouter.ai/api/v1/chat/completions "HTTP/1.1 200 OK"
2026-07-28 10:49:02,084 - INFO - Evaluated program it000070 in 0.13s: combined_score=0.9539, mean_excess=0.0483, bins_used=2106.0000, lower_bound=2009.0000, num_instances=5.0000, eval_time=0.1250, validity=1.0000
2026-07-28 10:49:02,947 - INFO - HTTP Request: POST https://openrouter.ai/api/v1/chat/completions "HTTP/1.1 200 OK"
2026-07-28 10:49:06,900 - INFO - Evaluated program it000071 in 0.18s: combined_score=0.9220, mean_excess=0.0846, bins_used=2179.0000, lower_bound=2009.0000, num_instances=5.0000, eval_time=0.1823, validity=1.0000
2026-07-28 10:49:08,052 - INFO - HTTP Request: POST https://openrouter.ai/api/v1/chat/completions "HTTP/1.1 200 OK"
2026-07-28 10:49:57,105 - INFO - Evaluated program it000072 in 0.14s: combined_score=0.9557, mean_excess=0.0463, bins_used=2102.0000, lower_bound=2009.0000, num_instances=5.0000, eval_time=0.1357, validity=1.0000
2026-07-28 10:49:58,424 - INFO - HTTP Request: POST https://openrouter.ai/api/v1/chat/completions "HTTP/1.1 200 OK"
2026-07-28 10:50:12,216 - INFO - Evaluated program it000073 in 0.14s: combined_score=0.9567, mean_excess=0.0453, bins_used=2100.0000, lower_bound=2009.0000, num_instances=5.0000, eval_time=0.1386, validity=1.0000
2026-07-28 10:50:13,609 - INFO - HTTP Request: POST https://openrouter.ai/api/v1/chat/completions "HTTP/1.1 200 OK"
2026-07-28 10:50:29,448 - INFO - Evaluated program it000074 in 0.14s: combined_score=0.9530, mean_excess=0.0493, bins_used=2108.0000, lower_bound=2009.0000, num_instances=5.0000, eval_time=0.1345, validity=1.0000
2026-07-28 10:50:29,468 - INFO - Saved checkpoint at iteration 74 to examples/bin_packing/runs/phase-c-p1-boltzmann/bandit-tree-s42/checkpoints/checkpoint_74
2026-07-28 10:50:31,504 - INFO - HTTP Request: POST https://openrouter.ai/api/v1/chat/completions "HTTP/1.1 200 OK"
2026-07-28 10:51:50,480 - INFO - Evaluated program it000075 in 0.16s: combined_score=0.9562, mean_excess=0.0458, bins_used=2101.0000, lower_bound=2009.0000, num_instances=5.0000, eval_time=0.1565, validity=1.0000
2026-07-28 10:51:51,785 - INFO - HTTP Request: POST https://openrouter.ai/api/v1/chat/completions "HTTP/1.1 200 OK"
2026-07-28 10:51:59,861 - INFO - Evaluated program it000076 in 0.14s: combined_score=0.9562, mean_excess=0.0458, bins_used=2101.0000, lower_bound=2009.0000, num_instances=5.0000, eval_time=0.1400, validity=1.0000
2026-07-28 10:52:00,992 - INFO - HTTP Request: POST https://openrouter.ai/api/v1/chat/completions "HTTP/1.1 200 OK"
2026-07-28 10:52:09,810 - INFO - Evaluated program it000077 in 0.14s: combined_score=0.9567, mean_excess=0.0453, bins_used=2100.0000, lower_bound=2009.0000, num_instances=5.0000, eval_time=0.1333, validity=1.0000
2026-07-28 10:52:11,417 - INFO - HTTP Request: POST https://openrouter.ai/api/v1/chat/completions "HTTP/1.1 200 OK"
2026-07-28 10:53:24,481 - INFO - Evaluated program it000078 in 0.15s: combined_score=0.9567, mean_excess=0.0453, bins_used=2100.0000, lower_bound=2009.0000, num_instances=5.0000, eval_time=0.1427, validity=1.0000
2026-07-28 10:53:30,865 - INFO - HTTP Request: POST https://openrouter.ai/api/v1/chat/completions "HTTP/1.1 200 OK"
2026-07-28 10:55:04,554 - INFO - Evaluated program it000079 in 0.16s: combined_score=0.9567, mean_excess=0.0453, bins_used=2100.0000, lower_bound=2009.0000, num_instances=5.0000, eval_time=0.1493, validity=1.0000
2026-07-28 10:55:04,581 - INFO - Saved checkpoint at iteration 79 to examples/bin_packing/runs/phase-c-p1-boltzmann/bandit-tree-s42/checkpoints/checkpoint_79
2026-07-28 10:55:06,251 - INFO - HTTP Request: POST https://openrouter.ai/api/v1/chat/completions "HTTP/1.1 200 OK"
2026-07-28 10:55:16,989 - INFO - Evaluated program it000080 in 0.16s: combined_score=0.9567, mean_excess=0.0453, bins_used=2100.0000, lower_bound=2009.0000, num_instances=5.0000, eval_time=0.1593, validity=1.0000
2026-07-28 10:55:18,726 - INFO - HTTP Request: POST https://openrouter.ai/api/v1/chat/completions "HTTP/1.1 200 OK"
Evaluation: instances=5, bins=2101, lower_bound=2009, mean_excess=0.0458, score=0.9562, time=0.17s
Evaluation: instances=5, bins=2278, lower_bound=2009, mean_excess=0.1339, score=0.8819, time=0.13s
Evaluation: instances=5, bins=2278, lower_bound=2009, mean_excess=0.1339, score=0.8819, time=0.11s
Evaluation: instances=5, bins=2101, lower_bound=2009, mean_excess=0.0458, score=0.9562, time=0.12s
Evaluation: instances=5, bins=2101, lower_bound=2009, mean_excess=0.0458, score=0.9562, time=0.11s
Evaluation: instances=5, bins=2101, lower_bound=2009, mean_excess=0.0458, score=0.9562, time=0.11s
Evaluation: instances=5, bins=2229, lower_bound=2009, mean_excess=0.1095, score=0.9013, time=0.12s
Evaluation: instances=5, bins=2162, lower_bound=2009, mean_excess=0.0762, score=0.9292, time=0.14s
Evaluation: instances=5, bins=2101, lower_bound=2009, mean_excess=0.0458, score=0.9562, time=0.12s
Evaluation: instances=5, bins=2180, lower_bound=2009, mean_excess=0.0852, score=0.9215, time=0.15s
Evaluation: instances=5, bins=2101, lower_bound=2009, mean_excess=0.0458, score=0.9562, time=0.13s
Evaluation: instances=5, bins=2101, lower_bound=2009, mean_excess=0.0458, score=0.9562, time=0.12s
Evaluation: instances=5, bins=2101, lower_bound=2009, mean_excess=0.0458, score=0.9562, time=0.14s
Evaluation: instances=5, bins=2101, lower_bound=2009, mean_excess=0.0458, score=0.9562, time=0.13s
Evaluation: instances=5, bins=2278, lower_bound=2009, mean_excess=0.1339, score=0.8819, time=0.15s
Evaluation: instances=5, bins=2101, lower_bound=2009, mean_excess=0.0458, score=0.9562, time=0.11s
Evaluation: instances=5, bins=2101, lower_bound=2009, mean_excess=0.0458, score=0.9562, time=0.13s
Evaluation: instances=5, bins=2140, lower_bound=2009, mean_excess=0.0652, score=0.9388, time=0.13s
Evaluation: instances=5, bins=2101, lower_bound=2009, mean_excess=0.0458, score=0.9562, time=0.13s
Evaluation: instances=5, bins=2101, lower_bound=2009, mean_excess=0.0458, score=0.9562, time=0.12s
Evaluation: instances=5, bins=2278, lower_bound=2009, mean_excess=0.1339, score=0.8819, time=0.11s
Evaluation: instances=5, bins=2101, lower_bound=2009, mean_excess=0.0458, score=0.9562, time=0.13s
Evaluation: instances=5, bins=2101, lower_bound=2009, mean_excess=0.0458, score=0.9562, time=0.12s
Evaluation: instances=5, bins=2101, lower_bound=2009, mean_excess=0.0458, score=0.9562, time=0.14s
Evaluation: instances=5, bins=2283, lower_bound=2009, mean_excess=0.1364, score=0.8799, time=0.13s
Evaluation: instances=5, bins=2101, lower_bound=2009, mean_excess=0.0458, score=0.9562, time=0.14s
Evaluation: instances=5, bins=2101, lower_bound=2009, mean_excess=0.0458, score=0.9562, time=0.13s
Evaluation: instances=5, bins=2278, lower_bound=2009, mean_excess=0.1339, score=0.8819, time=0.13s
Evaluation: instances=5, bins=2140, lower_bound=2009, mean_excess=0.0652, score=0.9388, time=0.13s
Evaluation: instances=5, bins=2101, lower_bound=2009, mean_excess=0.0458, score=0.9562, time=0.12s
Evaluation: instances=5, bins=2101, lower_bound=2009, mean_excess=0.0458, score=0.9562, time=0.11s
Evaluation: instances=5, bins=2101, lower_bound=2009, mean_excess=0.0458, score=0.9562, time=0.12s
Evaluation: instances=5, bins=2101, lower_bound=2009, mean_excess=0.0458, score=0.9562, time=0.12s
Evaluation: instances=5, bins=2101, lower_bound=2009, mean_excess=0.0458, score=0.9562, time=0.11s
Evaluation: instances=5, bins=2101, lower_bound=2009, mean_excess=0.0458, score=0.9562, time=0.11s
Evaluation: instances=5, bins=2101, lower_bound=2009, mean_excess=0.0458, score=0.9562, time=0.10s
Evaluation: instances=5, bins=2101, lower_bound=2009, mean_excess=0.0458, score=0.9562, time=0.15s
Evaluation: instances=5, bins=2101, lower_bound=2009, mean_excess=0.0458, score=0.9562, time=0.14s
Evaluation: instances=5, bins=2101, lower_bound=2009, mean_excess=0.0458, score=0.9562, time=0.13s
Evaluation: instances=5, bins=2101, lower_bound=2009, mean_excess=0.0458, score=0.9562, time=0.12s
Evaluation: instances=5, bins=2101, lower_bound=2009, mean_excess=0.0458, score=0.9562, time=0.13s
Evaluation: instances=5, bins=2101, lower_bound=2009, mean_excess=0.0458, score=0.9562, time=0.17s
Evaluation: instances=5, bins=2278, lower_bound=2009, mean_excess=0.1339, score=0.8819, time=0.13s
Evaluation: instances=5, bins=2140, lower_bound=2009, mean_excess=0.0652, score=0.9388, time=0.11s
Evaluation: instances=5, bins=2123, lower_bound=2009, mean_excess=0.0568, score=0.9463, time=0.16s
Evaluation: instances=5, bins=2101, lower_bound=2009, mean_excess=0.0458, score=0.9562, time=0.13s
Evaluation: instances=5, bins=2101, lower_bound=2009, mean_excess=0.0458, score=0.9562, time=0.13s
Evaluation: instances=5, bins=2101, lower_bound=2009, mean_excess=0.0458, score=0.9562, time=0.12s
Evaluation: instances=5, bins=2101, lower_bound=2009, mean_excess=0.0458, score=0.9562, time=0.14s
Evaluation: instances=5, bins=2101, lower_bound=2009, mean_excess=0.0458, score=0.9562, time=0.14s
Evaluation: instances=5, bins=2101, lower_bound=2009, mean_excess=0.0458, score=0.9562, time=0.12s
Evaluation: instances=5, bins=2101, lower_bound=2009, mean_excess=0.0458, score=0.9562, time=0.11s
Evaluation: instances=5, bins=2101, lower_bound=2009, mean_excess=0.0458, score=0.9562, time=0.14s
Evaluation: instances=5, bins=2101, lower_bound=2009, mean_excess=0.0458, score=0.9562, time=0.13s
Evaluation: instances=5, bins=2101, lower_bound=2009, mean_excess=0.0458, score=0.9562, time=0.12s
Evaluation: instances=5, bins=2160, lower_bound=2009, mean_excess=0.0752, score=0.9301, time=0.14s
Evaluation: instances=5, bins=2161, lower_bound=2009, mean_excess=0.0757, score=0.9297, time=0.14s
Evaluation: instances=5, bins=2101, lower_bound=2009, mean_excess=0.0458, score=0.9562, time=0.13s
Evaluation: instances=5, bins=2140, lower_bound=2009, mean_excess=0.0652, score=0.9388, time=0.14s
Evaluation: instances=5, bins=2106, lower_bound=2009, mean_excess=0.0483, score=0.9539, time=0.14s
Evaluation: instances=5, bins=2106, lower_bound=2009, mean_excess=0.0483, score=0.9539, time=0.13s
Evaluation: instances=5, bins=2103, lower_bound=2009, mean_excess=0.0468, score=0.9553, time=0.12s
Evaluation: instances=5, bins=2101, lower_bound=2009, mean_excess=0.0458, score=0.9562, time=0.12s
Evaluation: instances=5, bins=2100, lower_bound=2009, mean_excess=0.0453, score=0.9567, time=0.21s
Evaluation: instances=5, bins=2100, lower_bound=2009, mean_excess=0.0453, score=0.9567, time=0.14s
Evaluation: instances=5, bins=2153, lower_bound=2009, mean_excess=0.0717, score=0.9331, time=0.14s
Evaluation: instances=5, bins=2103, lower_bound=2009, mean_excess=0.0468, score=0.9553, time=0.14s
Evaluation: instances=5, bins=2101, lower_bound=2009, mean_excess=0.0458, score=0.9562, time=0.11s
Evaluation: instances=5, bins=2101, lower_bound=2009, mean_excess=0.0458, score=0.9562, time=0.13s
Evaluation: instances=5, bins=2100, lower_bound=2009, mean_excess=0.0453, score=0.9567, time=0.13s
Evaluation: instances=5, bins=2101, lower_bound=2009, mean_excess=0.0458, score=0.9562, time=0.14s
Evaluation: instances=5, bins=2106, lower_bound=2009, mean_excess=0.0483, score=0.9539, time=0.12s
Evaluation: instances=5, bins=2179, lower_bound=2009, mean_excess=0.0846, score=0.9220, time=0.18s
Evaluation: instances=5, bins=2102, lower_bound=2009, mean_excess=0.0463, score=0.9557, time=0.14s
Evaluation: instances=5, bins=2100, lower_bound=2009, mean_excess=0.0453, score=0.9567, time=0.14s
Evaluation: instances=5, bins=2108, lower_bound=2009, mean_excess=0.0493, score=0.9530, time=0.13s
Evaluation: instances=5, bins=2101, lower_bound=2009, mean_excess=0.0458, score=0.9562, time=0.16s
Evaluation: instances=5, bins=2101, lower_bound=2009, mean_excess=0.0458, score=0.9562, time=0.14s
Evaluation: instances=5, bins=2100, lower_bound=2009, mean_excess=0.0453, score=0.9567, time=0.13s
Evaluation: instances=5, bins=2100, lower_bound=2009, mean_excess=0.0453, score=0.9567, time=0.14s
Evaluation: instances=5, bins=2100, lower_bound=2009, mean_excess=0.0453, score=0.9567, time=0.15s
Evaluation: instances=5, bins=2100, lower_bound=2009, mean_excess=0.0453, score=0.9567, time=0.16s
Evaluation: instances=5, bins=2101, lower_bound=2009, mean_excess=0.0458, score=0.9562, time=0.11s2026-07-28 10:56:34,366 - INFO - Evaluated program it000081 in 0.11s: combined_score=0.9562, mean_excess=0.0458, bins_used=2101.0000, lower_bound=2009.0000, num_instances=5.0000, eval_time=0.1119, validity=1.0000
2026-07-28 10:56:35,835 - INFO - HTTP Request: POST https://openrouter.ai/api/v1/chat/completions "HTTP/1.1 200 OK"
2026-07-28 10:56:47,254 - INFO - Evaluated program it000082 in 0.14s: combined_score=0.9567, mean_excess=0.0453, bins_used=2100.0000, lower_bound=2009.0000, num_instances=5.0000, eval_time=0.1380, validity=1.0000
2026-07-28 10:56:47,657 - INFO - HTTP Request: POST https://openrouter.ai/api/v1/chat/completions "HTTP/1.1 200 OK"
2026-07-28 10:56:52,626 - INFO - Evaluated program it000083 in 0.14s: combined_score=0.9562, mean_excess=0.0458, bins_used=2101.0000, lower_bound=2009.0000, num_instances=5.0000, eval_time=0.1362, validity=1.0000
2026-07-28 10:56:55,807 - INFO - HTTP Request: POST https://openrouter.ai/api/v1/chat/completions "HTTP/1.1 200 OK"
2026-07-28 10:57:14,029 - INFO - Evaluated program it000084 in 0.14s: combined_score=0.9562, mean_excess=0.0458, bins_used=2101.0000, lower_bound=2009.0000, num_instances=5.0000, eval_time=0.1343, validity=1.0000
2026-07-28 10:57:14,052 - INFO - Saved checkpoint at iteration 84 to examples/bin_packing/runs/phase-c-p1-boltzmann/bandit-tree-s42/checkpoints/checkpoint_84
2026-07-28 10:57:14,366 - INFO - HTTP Request: POST https://openrouter.ai/api/v1/chat/completions "HTTP/1.1 200 OK"
2026-07-28 10:57:39,287 - INFO - Evaluated program it000085 in 0.17s: combined_score=0.9322, mean_excess=0.0727, bins_used=2155.0000, lower_bound=2009.0000, num_instances=5.0000, eval_time=0.1664, validity=1.0000
2026-07-28 10:57:40,880 - INFO - HTTP Request: POST https://openrouter.ai/api/v1/chat/completions "HTTP/1.1 200 OK"
2026-07-28 10:57:56,664 - INFO - Evaluated program it000086 in 0.14s: combined_score=0.9567, mean_excess=0.0453, bins_used=2100.0000, lower_bound=2009.0000, num_instances=5.0000, eval_time=0.1354, validity=1.0000
2026-07-28 10:57:57,067 - INFO - HTTP Request: POST https://openrouter.ai/api/v1/chat/completions "HTTP/1.1 200 OK"
2026-07-28 10:58:19,504 - INFO - Evaluated program it000087 in 0.16s: combined_score=0.9467, mean_excess=0.0563, bins_used=2122.0000, lower_bound=2009.0000, num_instances=5.0000, eval_time=0.1571, validity=1.0000
2026-07-28 10:58:20,376 - INFO - HTTP Request: POST https://openrouter.ai/api/v1/chat/completions "HTTP/1.1 200 OK"
2026-07-28 10:58:39,788 - INFO - Evaluated program it000088 in 0.13s: combined_score=0.9553, mean_excess=0.0468, bins_used=2103.0000, lower_bound=2009.0000, num_instances=5.0000, eval_time=0.1249, validity=1.0000
2026-07-28 10:58:41,456 - INFO - HTTP Request: POST https://openrouter.ai/api/v1/chat/completions "HTTP/1.1 200 OK"
2026-07-28 10:58:59,378 - INFO - Evaluated program it000089 in 0.13s: combined_score=0.9562, mean_excess=0.0458, bins_used=2101.0000, lower_bound=2009.0000, num_instances=5.0000, eval_time=0.1239, validity=1.0000
2026-07-28 10:58:59,403 - INFO - Saved checkpoint at iteration 89 to examples/bin_packing/runs/phase-c-p1-boltzmann/bandit-tree-s42/checkpoints/checkpoint_89
2026-07-28 10:59:10,651 - INFO - HTTP Request: POST https://openrouter.ai/api/v1/chat/completions "HTTP/1.1 200 OK"
2026-07-28 10:59:12,431 - INFO - Evaluated program it000090 in 0.14s: combined_score=0.9544, mean_excess=0.0478, bins_used=2105.0000, lower_bound=2009.0000, num_instances=5.0000, eval_time=0.1416, validity=1.0000
2026-07-28 10:59:17,191 - INFO - HTTP Request: POST https://openrouter.ai/api/v1/chat/completions "HTTP/1.1 200 OK"
2026-07-28 10:59:49,299 - INFO - Evaluated program it000091 in 0.12s: combined_score=0.9567, mean_excess=0.0453, bins_used=2100.0000, lower_bound=2009.0000, num_instances=5.0000, eval_time=0.1195, validity=1.0000
2026-07-28 10:59:50,967 - INFO - HTTP Request: POST https://openrouter.ai/api/v1/chat/completions "HTTP/1.1 200 OK"
2026-07-28 11:00:28,976 - INFO - Evaluated program it000092 in 0.15s: combined_score=0.9567, mean_excess=0.0453, bins_used=2100.0000, lower_bound=2009.0000, num_instances=5.0000, eval_time=0.1492, validity=1.0000
2026-07-28 11:00:29,958 - INFO - HTTP Request: POST https://openrouter.ai/api/v1/chat/completions "HTTP/1.1 200 OK"
2026-07-28 11:00:58,257 - INFO - Evaluated program it000093 in 0.12s: combined_score=0.9450, mean_excess=0.0582, bins_used=2126.0000, lower_bound=2009.0000, num_instances=5.0000, eval_time=0.1136, validity=1.0000
2026-07-28 11:01:00,511 - INFO - HTTP Request: POST https://openrouter.ai/api/v1/chat/completions "HTTP/1.1 200 OK"
2026-07-28 11:01:12,787 - INFO - Evaluated program it000094 in 0.13s: combined_score=0.9567, mean_excess=0.0453, bins_used=2100.0000, lower_bound=2009.0000, num_instances=5.0000, eval_time=0.1327, validity=1.0000
2026-07-28 11:01:12,815 - INFO - Saved checkpoint at iteration 94 to examples/bin_packing/runs/phase-c-p1-boltzmann/bandit-tree-s42/checkpoints/checkpoint_94
2026-07-28 11:01:15,134 - INFO - HTTP Request: POST https://openrouter.ai/api/v1/chat/completions "HTTP/1.1 200 OK"
2026-07-28 11:03:26,343 - INFO - Evaluated program it000095 in 0.15s: combined_score=0.9521, mean_excess=0.0503, bins_used=2110.0000, lower_bound=2009.0000, num_instances=5.0000, eval_time=0.1435, validity=1.0000
2026-07-28 11:03:28,062 - INFO - HTTP Request: POST https://openrouter.ai/api/v1/chat/completions "HTTP/1.1 200 OK"
2026-07-28 11:03:37,002 - INFO - Evaluated program it000096 in 0.12s: combined_score=0.9567, mean_excess=0.0453, bins_used=2100.0000, lower_bound=2009.0000, num_instances=5.0000, eval_time=0.1216, validity=1.0000
2026-07-28 11:03:38,580 - INFO - HTTP Request: POST https://openrouter.ai/api/v1/chat/completions "HTTP/1.1 200 OK"
2026-07-28 11:04:27,756 - INFO - Evaluated program it000097 in 0.13s: combined_score=0.9562, mean_excess=0.0458, bins_used=2101.0000, lower_bound=2009.0000, num_instances=5.0000, eval_time=0.1315, validity=1.0000
2026-07-28 11:04:29,659 - INFO - HTTP Request: POST https://openrouter.ai/api/v1/chat/completions "HTTP/1.1 200 OK"
2026-07-28 11:04:37,618 - INFO - Evaluated program it000098 in 0.13s: combined_score=0.9567, mean_excess=0.0453, bins_used=2100.0000, lower_bound=2009.0000, num_instances=5.0000, eval_time=0.1319, validity=1.0000
2026-07-28 11:04:39,121 - INFO - HTTP Request: POST https://openrouter.ai/api/v1/chat/completions "HTTP/1.1 200 OK"
2026-07-28 11:04:47,231 - INFO - Evaluated program it000099 in 0.14s: combined_score=0.9562, mean_excess=0.0458, bins_used=2101.0000, lower_bound=2009.0000, num_instances=5.0000, eval_time=0.1385, validity=1.0000
2026-07-28 11:04:47,257 - INFO - Saved checkpoint at iteration 99 to examples/bin_packing/runs/phase-c-p1-boltzmann/bandit-tree-s42/checkpoints/checkpoint_99
2026-07-28 11:04:49,100 - INFO - HTTP Request: POST https://openrouter.ai/api/v1/chat/completions "HTTP/1.1 200 OK"
2026-07-28 11:05:59,623 - INFO - Evaluated program it000100 in 0.14s: combined_score=0.9485, mean_excess=0.0543, bins_used=2118.0000, lower_bound=2009.0000, num_instances=5.0000, eval_time=0.1396, validity=1.0000
2026-07-28 11:06:01,242 - INFO - HTTP Request: POST https://openrouter.ai/api/v1/chat/completions "HTTP/1.1 200 OK"
2026-07-28 11:06:12,666 - INFO - Evaluated program it000101 in 0.14s: combined_score=0.9567, mean_excess=0.0453, bins_used=2100.0000, lower_bound=2009.0000, num_instances=5.0000, eval_time=0.1396, validity=1.0000
2026-07-28 11:06:19,511 - INFO - HTTP Request: POST https://openrouter.ai/api/v1/chat/completions "HTTP/1.1 200 OK"
2026-07-28 11:06:34,764 - INFO - Evaluated program it000102 in 0.13s: combined_score=0.9567, mean_excess=0.0453, bins_used=2100.0000, lower_bound=2009.0000, num_instances=5.0000, eval_time=0.1320, validity=1.0000
2026-07-28 11:06:35,097 - INFO - HTTP Request: POST https://openrouter.ai/api/v1/chat/completions "HTTP/1.1 200 OK"
2026-07-28 11:06:54,223 - INFO - Evaluated program it000103 in 0.16s: combined_score=0.8953, mean_excess=0.1170, bins_used=2244.0000, lower_bound=2009.0000, num_instances=5.0000, eval_time=0.1551, validity=1.0000
2026-07-28 11:06:54,528 - INFO - HTTP Request: POST https://openrouter.ai/api/v1/chat/completions "HTTP/1.1 200 OK"
2026-07-28 11:06:57,890 - INFO - Evaluated program it000104 in 0.14s: combined_score=0.9548, mean_excess=0.0473, bins_used=2104.0000, lower_bound=2009.0000, num_instances=5.0000, eval_time=0.1411, validity=1.0000
2026-07-28 11:06:57,914 - INFO - Saved checkpoint at iteration 104 to examples/bin_packing/runs/phase-c-p1-boltzmann/bandit-tree-s42/checkpoints/checkpoint_104
2026-07-28 11:06:59,055 - INFO - HTTP Request: POST https://openrouter.ai/api/v1/chat/completions "HTTP/1.1 200 OK"
2026-07-28 11:07:07,369 - INFO - Evaluated program it000105 in 0.16s: combined_score=0.9567, mean_excess=0.0453, bins_used=2100.0000, lower_bound=2009.0000, num_instances=5.0000, eval_time=0.1601, validity=1.0000
2026-07-28 11:07:08,592 - INFO - HTTP Request: POST https://openrouter.ai/api/v1/chat/completions "HTTP/1.1 200 OK"
2026-07-28 11:07:19,479 - INFO - Evaluated program it000106 in 0.12s: combined_score=0.9562, mean_excess=0.0458, bins_used=2101.0000, lower_bound=2009.0000, num_instances=5.0000, eval_time=0.1209, validity=1.0000
2026-07-28 11:07:19,817 - INFO - HTTP Request: POST https://openrouter.ai/api/v1/chat/completions "HTTP/1.1 200 OK"
2026-07-28 11:07:39,537 - INFO - Evaluated program it000107 in 0.15s: combined_score=0.9539, mean_excess=0.0483, bins_used=2106.0000, lower_bound=2009.0000, num_instances=5.0000, eval_time=0.1502, validity=1.0000
2026-07-28 11:07:41,382 - INFO - HTTP Request: POST https://openrouter.ai/api/v1/chat/completions "HTTP/1.1 200 OK"
2026-07-28 11:07:49,720 - INFO - Evaluated program it000108 in 0.12s: combined_score=0.9567, mean_excess=0.0453, bins_used=2100.0000, lower_bound=2009.0000, num_instances=5.0000, eval_time=0.1166, validity=1.0000
2026-07-28 11:07:51,877 - INFO - HTTP Request: POST https://openrouter.ai/api/v1/chat/completions "HTTP/1.1 200 OK"
2026-07-28 11:08:29,962 - INFO - Evaluated program it000109 in 0.13s: combined_score=0.9562, mean_excess=0.0458, bins_used=2101.0000, lower_bound=2009.0000, num_instances=5.0000, eval_time=0.1245, validity=1.0000
2026-07-28 11:08:29,997 - INFO - Saved checkpoint at iteration 109 to examples/bin_packing/runs/phase-c-p1-boltzmann/bandit-tree-s42/checkpoints/checkpoint_109
2026-07-28 11:08:32,568 - INFO - HTTP Request: POST https://openrouter.ai/api/v1/chat/completions "HTTP/1.1 200 OK"
2026-07-28 11:08:56,999 - INFO - Evaluated program it000110 in 0.15s: combined_score=0.9567, mean_excess=0.0453, bins_used=2100.0000, lower_bound=2009.0000, num_instances=5.0000, eval_time=0.1438, validity=1.0000
2026-07-28 11:08:58,681 - INFO - HTTP Request: POST https://openrouter.ai/api/v1/chat/completions "HTTP/1.1 200 OK"
2026-07-28 11:09:18,653 - INFO - Evaluated program it000111 in 0.14s: combined_score=0.9567, mean_excess=0.0453, bins_used=2100.0000, lower_bound=2009.0000, num_instances=5.0000, eval_time=0.1398, validity=1.0000
2026-07-28 11:09:19,066 - INFO - HTTP Request: POST https://openrouter.ai/api/v1/chat/completions "HTTP/1.1 200 OK"
2026-07-28 11:09:25,929 - INFO - Evaluated program it000112 in 0.14s: combined_score=0.9562, mean_excess=0.0458, bins_used=2101.0000, lower_bound=2009.0000, num_instances=5.0000, eval_time=0.1345, validity=1.0000
2026-07-28 11:09:27,669 - INFO - HTTP Request: POST https://openrouter.ai/api/v1/chat/completions "HTTP/1.1 200 OK"
2026-07-28 11:10:37,929 - INFO - Evaluated program it000113 in 0.10s: combined_score=0.9562, mean_excess=0.0458, bins_used=2101.0000, lower_bound=2009.0000, num_instances=5.0000, eval_time=0.1035, validity=1.0000
2026-07-28 11:10:41,070 - INFO - HTTP Request: POST https://openrouter.ai/api/v1/chat/completions "HTTP/1.1 200 OK"
2026-07-28 11:10:51,341 - WARNING - Iteration 114: no valid program in LLM response (attempt 1)
2026-07-28 11:10:51,395 - INFO - Saved checkpoint at iteration 114 to examples/bin_packing/runs/phase-c-p1-boltzmann/bandit-tree-s42/checkpoints/checkpoint_114
2026-07-28 11:10:54,143 - INFO - HTTP Request: POST https://openrouter.ai/api/v1/chat/completions "HTTP/1.1 200 OK"
2026-07-28 11:11:14,308 - INFO - Evaluated program it000115 in 0.13s: combined_score=0.9562, mean_excess=0.0458, bins_used=2101.0000, lower_bound=2009.0000, num_instances=5.0000, eval_time=0.1314, validity=1.0000
2026-07-28 11:11:16,531 - INFO - HTTP Request: POST https://openrouter.ai/api/v1/chat/completions "HTTP/1.1 200 OK"
2026-07-28 11:11:44,863 - INFO - Evaluated program it000116 in 0.11s: combined_score=0.9562, mean_excess=0.0458, bins_used=2101.0000, lower_bound=2009.0000, num_instances=5.0000, eval_time=0.1125, validity=1.0000
2026-07-28 11:11:46,231 - INFO - HTTP Request: POST https://openrouter.ai/api/v1/chat/completions "HTTP/1.1 200 OK"
2026-07-28 11:12:03,913 - INFO - Evaluated program it000117 in 0.15s: combined_score=0.9558, mean_excess=0.0463, bins_used=2102.0000, lower_bound=2009.0000, num_instances=5.0000, eval_time=0.1487, validity=1.0000
2026-07-28 11:12:05,930 - INFO - HTTP Request: POST https://openrouter.ai/api/v1/chat/completions "HTTP/1.1 200 OK"
2026-07-28 11:13:06,594 - INFO - Evaluated program it000118 in 0.14s: combined_score=0.9432, mean_excess=0.0602, bins_used=2130.0000, lower_bound=2009.0000, num_instances=5.0000, eval_time=0.1395, validity=1.0000
2026-07-28 11:13:07,014 - INFO - HTTP Request: POST https://openrouter.ai/api/v1/chat/completions "HTTP/1.1 200 OK"
2026-07-28 11:13:21,748 - INFO - Evaluated program it000119 in 0.14s: combined_score=0.9553, mean_excess=0.0468, bins_used=2103.0000, lower_bound=2009.0000, num_instances=5.0000, eval_time=0.1336, validity=1.0000
2026-07-28 11:13:21,781 - INFO - Saved checkpoint at iteration 119 to examples/bin_packing/runs/phase-c-p1-boltzmann/bandit-tree-s42/checkpoints/checkpoint_119
2026-07-28 11:13:26,932 - INFO - HTTP Request: POST https://openrouter.ai/api/v1/chat/completions "HTTP/1.1 200 OK"
2026-07-28 11:13:46,867 - INFO - Evaluated program it000120 in 0.12s: combined_score=0.9562, mean_excess=0.0458, bins_used=2101.0000, lower_bound=2009.0000, num_instances=5.0000, eval_time=0.1227, validity=1.0000
2026-07-28 11:13:48,282 - INFO - HTTP Request: POST https://openrouter.ai/api/v1/chat/completions "HTTP/1.1 200 OK"
2026-07-28 11:13:58,774 - INFO - Evaluated program it000121 in 0.15s: combined_score=0.9567, mean_excess=0.0453, bins_used=2100.0000, lower_bound=2009.0000, num_instances=5.0000, eval_time=0.1501, validity=1.0000
2026-07-28 11:14:00,894 - INFO - HTTP Request: POST https://openrouter.ai/api/v1/chat/completions "HTTP/1.1 200 OK"
2026-07-28 11:14:10,256 - INFO - Evaluated program it000122 in 0.14s: combined_score=0.9567, mean_excess=0.0453, bins_used=2100.0000, lower_bound=2009.0000, num_instances=5.0000, eval_time=0.1366, validity=1.0000
2026-07-28 11:14:13,144 - INFO - HTTP Request: POST https://openrouter.ai/api/v1/chat/completions "HTTP/1.1 200 OK"
2026-07-28 11:14:33,539 - INFO - Evaluated program it000123 in 0.13s: combined_score=0.8913, mean_excess=0.1220, bins_used=2254.0000, lower_bound=2009.0000, num_instances=5.0000, eval_time=0.1319, validity=1.0000
2026-07-28 11:14:34,443 - INFO - HTTP Request: POST https://openrouter.ai/api/v1/chat/completions "HTTP/1.1 200 OK"
2026-07-28 11:14:56,793 - INFO - Evaluated program it000124 in 0.14s: combined_score=0.9544, mean_excess=0.0478, bins_used=2105.0000, lower_bound=2009.0000, num_instances=5.0000, eval_time=0.1397, validity=1.0000
2026-07-28 11:14:56,829 - INFO - Saved checkpoint at iteration 124 to examples/bin_packing/runs/phase-c-p1-boltzmann/bandit-tree-s42/checkpoints/checkpoint_124
2026-07-28 11:14:58,201 - INFO - HTTP Request: POST https://openrouter.ai/api/v1/chat/completions "HTTP/1.1 200 OK"
2026-07-28 11:15:20,738 - INFO - Evaluated program it000125 in 0.15s: combined_score=0.9562, mean_excess=0.0458, bins_used=2101.0000, lower_bound=2009.0000, num_instances=5.0000, eval_time=0.1449, validity=1.0000
2026-07-28 11:15:25,781 - INFO - HTTP Request: POST https://openrouter.ai/api/v1/chat/completions "HTTP/1.1 200 OK"
2026-07-28 11:15:51,957 - INFO - Evaluated program it000126 in 0.15s: combined_score=0.9567, mean_excess=0.0453, bins_used=2100.0000, lower_bound=2009.0000, num_instances=5.0000, eval_time=0.1440, validity=1.0000
2026-07-28 11:15:52,646 - INFO - HTTP Request: POST https://openrouter.ai/api/v1/chat/completions "HTTP/1.1 200 OK"
2026-07-28 11:16:12,342 - INFO - Evaluated program it000127 in 0.16s: combined_score=0.9553, mean_excess=0.0468, bins_used=2103.0000, lower_bound=2009.0000, num_instances=5.0000, eval_time=0.1544, validity=1.0000
2026-07-28 11:16:14,641 - INFO - HTTP Request: POST https://openrouter.ai/api/v1/chat/completions "HTTP/1.1 200 OK"
2026-07-28 11:16:21,831 - INFO - Evaluated program it000128 in 0.14s: combined_score=0.9562, mean_excess=0.0458, bins_used=2101.0000, lower_bound=2009.0000, num_instances=5.0000, eval_time=0.1349, validity=1.0000
2026-07-28 11:16:23,940 - INFO - HTTP Request: POST https://openrouter.ai/api/v1/chat/completions "HTTP/1.1 200 OK"
2026-07-28 11:16:47,257 - INFO - Evaluated program it000129 in 0.17s: combined_score=0.9567, mean_excess=0.0453, bins_used=2100.0000, lower_bound=2009.0000, num_instances=5.0000, eval_time=0.1724, validity=1.0000
2026-07-28 11:16:47,286 - INFO - Saved checkpoint at iteration 129 to examples/bin_packing/runs/phase-c-p1-boltzmann/bandit-tree-s42/checkpoints/checkpoint_129
2026-07-28 11:16:49,151 - INFO - HTTP Request: POST https://openrouter.ai/api/v1/chat/completions "HTTP/1.1 200 OK"
2026-07-28 11:17:03,522 - INFO - Evaluated program it000130 in 0.13s: combined_score=0.9544, mean_excess=0.0478, bins_used=2105.0000, lower_bound=2009.0000, num_instances=5.0000, eval_time=0.1277, validity=1.0000
2026-07-28 11:17:03,929 - INFO - HTTP Request: POST https://openrouter.ai/api/v1/chat/completions "HTTP/1.1 200 OK"
2026-07-28 11:17:26,430 - INFO - Evaluated program it000131 in 0.11s: combined_score=0.9562, mean_excess=0.0458, bins_used=2101.0000, lower_bound=2009.0000, num_instances=5.0000, eval_time=0.1074, validity=1.0000
2026-07-28 11:17:28,093 - INFO - HTTP Request: POST https://openrouter.ai/api/v1/chat/completions "HTTP/1.1 200 OK"
2026-07-28 11:17:43,886 - INFO - Evaluated program it000132 in 0.18s: combined_score=0.9562, mean_excess=0.0458, bins_used=2101.0000, lower_bound=2009.0000, num_instances=5.0000, eval_time=0.1786, validity=1.0000
2026-07-28 11:17:45,654 - INFO - HTTP Request: POST https://openrouter.ai/api/v1/chat/completions "HTTP/1.1 200 OK"
2026-07-28 11:18:56,691 - INFO - Evaluated program it000133 in 0.16s: combined_score=0.9562, mean_excess=0.0458, bins_used=2101.0000, lower_bound=2009.0000, num_instances=5.0000, eval_time=0.1541, validity=1.0000
2026-07-28 11:19:06,950 - INFO - HTTP Request: POST https://openrouter.ai/api/v1/chat/completions "HTTP/1.1 200 OK"
2026-07-28 11:19:08,325 - INFO - Evaluated program it000134 in 0.13s: combined_score=0.9562, mean_excess=0.0458, bins_used=2101.0000, lower_bound=2009.0000, num_instances=5.0000, eval_time=0.1318, validity=1.0000
2026-07-28 11:19:08,362 - INFO - Saved checkpoint at iteration 134 to examples/bin_packing/runs/phase-c-p1-boltzmann/bandit-tree-s42/checkpoints/checkpoint_134
2026-07-28 11:19:15,539 - INFO - HTTP Request: POST https://openrouter.ai/api/v1/chat/completions "HTTP/1.1 200 OK"
2026-07-28 11:19:15,966 - INFO - Evaluated program it000135 in 0.14s: combined_score=0.9562, mean_excess=0.0458, bins_used=2101.0000, lower_bound=2009.0000, num_instances=5.0000, eval_time=0.1434, validity=1.0000
2026-07-28 11:19:18,260 - INFO - HTTP Request: POST https://openrouter.ai/api/v1/chat/completions "HTTP/1.1 200 OK"
2026-07-28 11:19:35,653 - INFO - Evaluated program it000136 in 0.14s: combined_score=0.9567, mean_excess=0.0453, bins_used=2100.0000, lower_bound=2009.0000, num_instances=5.0000, eval_time=0.1347, validity=1.0000
2026-07-28 11:19:37,286 - INFO - HTTP Request: POST https://openrouter.ai/api/v1/chat/completions "HTTP/1.1 200 OK"
2026-07-28 11:19:56,751 - INFO - Evaluated program it000137 in 0.17s: combined_score=0.9567, mean_excess=0.0453, bins_used=2100.0000, lower_bound=2009.0000, num_instances=5.0000, eval_time=0.1718, validity=1.0000
2026-07-28 11:19:58,038 - INFO - HTTP Request: POST https://openrouter.ai/api/v1/chat/completions "HTTP/1.1 200 OK"
2026-07-28 11:20:17,733 - INFO - Evaluated program it000138 in 0.15s: combined_score=0.9499, mean_excess=0.0528, bins_used=2115.0000, lower_bound=2009.0000, num_instances=5.0000, eval_time=0.1497, validity=1.0000
2026-07-28 11:20:18,354 - INFO - HTTP Request: POST https://openrouter.ai/api/v1/chat/completions "HTTP/1.1 200 OK"
2026-07-28 11:20:37,282 - WARNING - Iteration 139: mutation touched F_imm outside the evolve block (attempt 1)
2026-07-28 11:20:37,350 - INFO - Saved checkpoint at iteration 139 to examples/bin_packing/runs/phase-c-p1-boltzmann/bandit-tree-s42/checkpoints/checkpoint_139
2026-07-28 11:20:39,149 - INFO - HTTP Request: POST https://openrouter.ai/api/v1/chat/completions "HTTP/1.1 200 OK"
2026-07-28 11:20:50,508 - INFO - Evaluated program it000140 in 0.14s: combined_score=0.9562, mean_excess=0.0458, bins_used=2101.0000, lower_bound=2009.0000, num_instances=5.0000, eval_time=0.1355, validity=1.0000
2026-07-28 11:20:52,108 - INFO - HTTP Request: POST https://openrouter.ai/api/v1/chat/completions "HTTP/1.1 200 OK"
2026-07-28 11:22:36,843 - INFO - Evaluated program it000141 in 0.16s: combined_score=0.9539, mean_excess=0.0483, bins_used=2106.0000, lower_bound=2009.0000, num_instances=5.0000, eval_time=0.1531, validity=1.0000
2026-07-28 11:22:38,584 - INFO - HTTP Request: POST https://openrouter.ai/api/v1/chat/completions "HTTP/1.1 200 OK"
2026-07-28 11:22:51,002 - INFO - Evaluated program it000142 in 0.16s: combined_score=0.9567, mean_excess=0.0453, bins_used=2100.0000, lower_bound=2009.0000, num_instances=5.0000, eval_time=0.1550, validity=1.0000
2026-07-28 11:22:55,785 - INFO - HTTP Request: POST https://openrouter.ai/api/v1/chat/completions "HTTP/1.1 200 OK"
2026-07-28 11:23:56,220 - INFO - Evaluated program it000143 in 0.14s: combined_score=0.8819, mean_excess=0.1339, bins_used=2278.0000, lower_bound=2009.0000, num_instances=5.0000, eval_time=0.1370, validity=1.0000
2026-07-28 11:23:59,792 - INFO - HTTP Request: POST https://openrouter.ai/api/v1/chat/completions "HTTP/1.1 200 OK"
2026-07-28 11:26:07,033 - INFO - Evaluated program it000144 in 0.15s: combined_score=0.9558, mean_excess=0.0463, bins_used=2102.0000, lower_bound=2009.0000, num_instances=5.0000, eval_time=0.1389, validity=1.0000
2026-07-28 11:26:07,074 - INFO - Saved checkpoint at iteration 144 to examples/bin_packing/runs/phase-c-p1-boltzmann/bandit-tree-s42/checkpoints/checkpoint_144
2026-07-28 11:26:09,303 - INFO - HTTP Request: POST https://openrouter.ai/api/v1/chat/completions "HTTP/1.1 200 OK"
2026-07-28 11:26:24,628 - INFO - Evaluated program it000145 in 0.13s: combined_score=0.9562, mean_excess=0.0458, bins_used=2101.0000, lower_bound=2009.0000, num_instances=5.0000, eval_time=0.1239, validity=1.0000
2026-07-28 11:26:25,998 - INFO - HTTP Request: POST https://openrouter.ai/api/v1/chat/completions "HTTP/1.1 200 OK"
2026-07-28 11:27:11,957 - INFO - Evaluated program it000146 in 0.13s: combined_score=0.9567, mean_excess=0.0453, bins_used=2100.0000, lower_bound=2009.0000, num_instances=5.0000, eval_time=0.1298, validity=1.0000
2026-07-28 11:27:17,255 - INFO - HTTP Request: POST https://openrouter.ai/api/v1/chat/completions "HTTP/1.1 200 OK"
2026-07-28 11:27:29,107 - INFO - Evaluated program it000147 in 0.15s: combined_score=0.9567, mean_excess=0.0453, bins_used=2100.0000, lower_bound=2009.0000, num_instances=5.0000, eval_time=0.1384, validity=1.0000
2026-07-28 11:27:30,978 - INFO - HTTP Request: POST https://openrouter.ai/api/v1/chat/completions "HTTP/1.1 200 OK"
2026-07-28 11:27:39,431 - INFO - Evaluated program it000148 in 0.12s: combined_score=0.9567, mean_excess=0.0453, bins_used=2100.0000, lower_bound=2009.0000, num_instances=5.0000, eval_time=0.1148, validity=1.0000
2026-07-28 11:27:41,419 - INFO - HTTP Request: POST https://openrouter.ai/api/v1/chat/completions "HTTP/1.1 200 OK"
2026-07-28 11:27:56,029 - INFO - Evaluated program it000149 in 0.06s: combined_score=0.0000, mean_excess=inf, bins_used=inf, lower_bound=0.0000, num_instances=0.0000, validity=0.0000, error=Program execution failed: invalid syntax. Perhaps you forgot a comma? (tmpp1koaic9.py, line 79)
2026-07-28 11:27:56,030 - WARNING - Iteration 149: evaluation failed (attempt 1): evaluation failed: unknown error
2026-07-28 11:27:56,081 - INFO - Saved checkpoint at iteration 149 to examples/bin_packing/runs/phase-c-p1-boltzmann/bandit-tree-s42/checkpoints/checkpoint_149
2026-07-28 11:27:57,862 - INFO - HTTP Request: POST https://openrouter.ai/api/v1/chat/completions "HTTP/1.1 200 OK"
2026-07-28 11:28:47,903 - INFO - Evaluated program it000150 in 0.12s: combined_score=0.9249, mean_excess=0.0811, bins_used=2172.0000, lower_bound=2009.0000, num_instances=5.0000, eval_time=0.1225, validity=1.0000
2026-07-28 11:28:50,436 - INFO - HTTP Request: POST https://openrouter.ai/api/v1/chat/completions "HTTP/1.1 200 OK"
2026-07-28 11:29:19,958 - INFO - Evaluated program it000151 in 0.13s: combined_score=0.9562, mean_excess=0.0458, bins_used=2101.0000, lower_bound=2009.0000, num_instances=5.0000, eval_time=0.1296, validity=1.0000
2026-07-28 11:29:21,423 - INFO - HTTP Request: POST https://openrouter.ai/api/v1/chat/completions "HTTP/1.1 200 OK"
2026-07-28 11:30:06,867 - INFO - Evaluated program it000152 in 0.14s: combined_score=0.9562, mean_excess=0.0458, bins_used=2101.0000, lower_bound=2009.0000, num_instances=5.0000, eval_time=0.1358, validity=1.0000
2026-07-28 11:30:08,194 - INFO - HTTP Request: POST https://openrouter.ai/api/v1/chat/completions "HTTP/1.1 200 OK"
2026-07-28 11:30:18,733 - INFO - Evaluated program it000153 in 0.15s: combined_score=0.9567, mean_excess=0.0453, bins_used=2100.0000, lower_bound=2009.0000, num_instances=5.0000, eval_time=0.1503, validity=1.0000
2026-07-28 11:30:19,572 - INFO - HTTP Request: POST https://openrouter.ai/api/v1/chat/completions "HTTP/1.1 200 OK"
2026-07-28 11:31:52,782 - INFO - Evaluated program it000154 in 0.15s: combined_score=0.9562, mean_excess=0.0458, bins_used=2101.0000, lower_bound=2009.0000, num_instances=5.0000, eval_time=0.1453, validity=1.0000
2026-07-28 11:31:53,259 - INFO - Saved checkpoint at iteration 154 to examples/bin_packing/runs/phase-c-p1-boltzmann/bandit-tree-s42/checkpoints/checkpoint_154
2026-07-28 11:31:54,423 - INFO - HTTP Request: POST https://openrouter.ai/api/v1/chat/completions "HTTP/1.1 200 OK"
2026-07-28 11:31:58,504 - INFO - Evaluated program it000155 in 0.14s: combined_score=0.9485, mean_excess=0.0543, bins_used=2118.0000, lower_bound=2009.0000, num_instances=5.0000, eval_time=0.1393, validity=1.0000
2026-07-28 11:32:04,150 - INFO - HTTP Request: POST https://openrouter.ai/api/v1/chat/completions "HTTP/1.1 200 OK"
2026-07-28 11:32:24,948 - INFO - Evaluated program it000156 in 0.14s: combined_score=0.9567, mean_excess=0.0453, bins_used=2100.0000, lower_bound=2009.0000, num_instances=5.0000, eval_time=0.1381, validity=1.0000
2026-07-28 11:32:30,310 - INFO - HTTP Request: POST https://openrouter.ai/api/v1/chat/completions "HTTP/1.1 200 OK"
2026-07-28 11:32:45,077 - INFO - Evaluated program it000157 in 0.12s: combined_score=0.9562, mean_excess=0.0458, bins_used=2101.0000, lower_bound=2009.0000, num_instances=5.0000, eval_time=0.1187, validity=1.0000
2026-07-28 11:32:46,573 - INFO - HTTP Request: POST https://openrouter.ai/api/v1/chat/completions "HTTP/1.1 200 OK"
2026-07-28 11:33:29,924 - INFO - Evaluated program it000158 in 0.13s: combined_score=0.9553, mean_excess=0.0468, bins_used=2103.0000, lower_bound=2009.0000, num_instances=5.0000, eval_time=0.1318, validity=1.0000
2026-07-28 11:33:31,635 - INFO - HTTP Request: POST https://openrouter.ai/api/v1/chat/completions "HTTP/1.1 200 OK"
2026-07-28 11:34:40,030 - INFO - Evaluated program it000159 in 0.14s: combined_score=0.8811, mean_excess=0.1349, bins_used=2280.0000, lower_bound=2009.0000, num_instances=5.0000, eval_time=0.1360, validity=1.0000
2026-07-28 11:34:40,091 - INFO - Saved checkpoint at iteration 159 to examples/bin_packing/runs/phase-c-p1-boltzmann/bandit-tree-s42/checkpoints/checkpoint_159
2026-07-28 11:34:41,680 - INFO - HTTP Request: POST https://openrouter.ai/api/v1/chat/completions "HTTP/1.1 200 OK"
2026-07-28 11:34:50,415 - INFO - Evaluated program it000160 in 0.14s: combined_score=0.9562, mean_excess=0.0458, bins_used=2101.0000, lower_bound=2009.0000, num_instances=5.0000, eval_time=0.1424, validity=1.0000
2026-07-28 11:34:51,600 - INFO - HTTP Request: POST https://openrouter.ai/api/v1/chat/completions "HTTP/1.1 200 OK"
2026-07-28 11:35:11,443 - INFO - Evaluated program it000161 in 0.15s: combined_score=0.9567, mean_excess=0.0453, bins_used=2100.0000, lower_bound=2009.0000, num_instances=5.0000, eval_time=0.1458, validity=1.0000
2026-07-28 11:35:12,614 - INFO - HTTP Request: POST https://openrouter.ai/api/v1/chat/completions "HTTP/1.1 200 OK"
2026-07-28 11:36:14,769 - INFO - Evaluated program it000162 in 0.15s: combined_score=0.9562, mean_excess=0.0458, bins_used=2101.0000, lower_bound=2009.0000, num_instances=5.0000, eval_time=0.1453, validity=1.0000
2026-07-28 11:36:21,341 - INFO - HTTP Request: POST https://openrouter.ai/api/v1/chat/completions "HTTP/1.1 200 OK"
2026-07-28 11:36:42,612 - INFO - Evaluated program it000163 in 0.12s: combined_score=0.9567, mean_excess=0.0453, bins_used=2100.0000, lower_bound=2009.0000, num_instances=5.0000, eval_time=0.1190, validity=1.0000
2026-07-28 11:36:45,134 - INFO - HTTP Request: POST https://openrouter.ai/api/v1/chat/completions "HTTP/1.1 200 OK"
2026-07-28 11:37:02,088 - INFO - Evaluated program it000164 in 0.17s: combined_score=0.9567, mean_excess=0.0453, bins_used=2100.0000, lower_bound=2009.0000, num_instances=5.0000, eval_time=0.1628, validity=1.0000
2026-07-28 11:37:02,126 - INFO - Saved checkpoint at iteration 164 to examples/bin_packing/runs/phase-c-p1-boltzmann/bandit-tree-s42/checkpoints/checkpoint_164
2026-07-28 11:37:03,574 - INFO - HTTP Request: POST https://openrouter.ai/api/v1/chat/completions "HTTP/1.1 200 OK"
2026-07-28 11:37:35,978 - INFO - Evaluated program it000165 in 0.14s: combined_score=0.9567, mean_excess=0.0453, bins_used=2100.0000, lower_bound=2009.0000, num_instances=5.0000, eval_time=0.1369, validity=1.0000
2026-07-28 11:37:41,681 - INFO - HTTP Request: POST https://openrouter.ai/api/v1/chat/completions "HTTP/1.1 200 OK"

Evaluation: instances=5, bins=2100, lower_bound=2009, mean_excess=0.0453, score=0.9567, time=0.14s
Evaluation: instances=5, bins=2101, lower_bound=2009, mean_excess=0.0458, score=0.9562, time=0.14s
Evaluation: instances=5, bins=2101, lower_bound=2009, mean_excess=0.0458, score=0.9562, time=0.13s
Evaluation: instances=5, bins=2155, lower_bound=2009, mean_excess=0.0727, score=0.9322, time=0.17s
Evaluation: instances=5, bins=2100, lower_bound=2009, mean_excess=0.0453, score=0.9567, time=0.14s
Evaluation: instances=5, bins=2122, lower_bound=2009, mean_excess=0.0563, score=0.9467, time=0.16s
Evaluation: instances=5, bins=2103, lower_bound=2009, mean_excess=0.0468, score=0.9553, time=0.12s
Evaluation: instances=5, bins=2101, lower_bound=2009, mean_excess=0.0458, score=0.9562, time=0.12s
Evaluation: instances=5, bins=2105, lower_bound=2009, mean_excess=0.0478, score=0.9544, time=0.14s
Evaluation: instances=5, bins=2100, lower_bound=2009, mean_excess=0.0453, score=0.9567, time=0.12s
Evaluation: instances=5, bins=2100, lower_bound=2009, mean_excess=0.0453, score=0.9567, time=0.15s
Evaluation: instances=5, bins=2126, lower_bound=2009, mean_excess=0.0582, score=0.9450, time=0.11s
Evaluation: instances=5, bins=2100, lower_bound=2009, mean_excess=0.0453, score=0.9567, time=0.13s
Evaluation: instances=5, bins=2110, lower_bound=2009, mean_excess=0.0503, score=0.9521, time=0.14s
Evaluation: instances=5, bins=2100, lower_bound=2009, mean_excess=0.0453, score=0.9567, time=0.12s
Evaluation: instances=5, bins=2101, lower_bound=2009, mean_excess=0.0458, score=0.9562, time=0.13s
Evaluation: instances=5, bins=2100, lower_bound=2009, mean_excess=0.0453, score=0.9567, time=0.13s
Evaluation: instances=5, bins=2101, lower_bound=2009, mean_excess=0.0458, score=0.9562, time=0.14s
Evaluation: instances=5, bins=2118, lower_bound=2009, mean_excess=0.0543, score=0.9485, time=0.14s
Evaluation: instances=5, bins=2100, lower_bound=2009, mean_excess=0.0453, score=0.9567, time=0.14s
Evaluation: instances=5, bins=2100, lower_bound=2009, mean_excess=0.0453, score=0.9567, time=0.13s
Evaluation: instances=5, bins=2244, lower_bound=2009, mean_excess=0.1170, score=0.8953, time=0.16s
Evaluation: instances=5, bins=2104, lower_bound=2009, mean_excess=0.0473, score=0.9548, time=0.14s
Evaluation: instances=5, bins=2100, lower_bound=2009, mean_excess=0.0453, score=0.9567, time=0.16s
Evaluation: instances=5, bins=2101, lower_bound=2009, mean_excess=0.0458, score=0.9562, time=0.12s
Evaluation: instances=5, bins=2106, lower_bound=2009, mean_excess=0.0483, score=0.9539, time=0.15s
Evaluation: instances=5, bins=2100, lower_bound=2009, mean_excess=0.0453, score=0.9567, time=0.12s
Evaluation: instances=5, bins=2101, lower_bound=2009, mean_excess=0.0458, score=0.9562, time=0.12s
Evaluation: instances=5, bins=2100, lower_bound=2009, mean_excess=0.0453, score=0.9567, time=0.14s
Evaluation: instances=5, bins=2100, lower_bound=2009, mean_excess=0.0453, score=0.9567, time=0.14s
Evaluation: instances=5, bins=2101, lower_bound=2009, mean_excess=0.0458, score=0.9562, time=0.13s
Evaluation: instances=5, bins=2101, lower_bound=2009, mean_excess=0.0458, score=0.9562, time=0.10s
Evaluation: instances=5, bins=2101, lower_bound=2009, mean_excess=0.0458, score=0.9562, time=0.13s
Evaluation: instances=5, bins=2101, lower_bound=2009, mean_excess=0.0458, score=0.9562, time=0.11s
Evaluation: instances=5, bins=2102, lower_bound=2009, mean_excess=0.0463, score=0.9558, time=0.15s
Evaluation: instances=5, bins=2130, lower_bound=2009, mean_excess=0.0602, score=0.9432, time=0.14s
Evaluation: instances=5, bins=2103, lower_bound=2009, mean_excess=0.0468, score=0.9553, time=0.13s
Evaluation: instances=5, bins=2101, lower_bound=2009, mean_excess=0.0458, score=0.9562, time=0.12s
Evaluation: instances=5, bins=2100, lower_bound=2009, mean_excess=0.0453, score=0.9567, time=0.15s
Evaluation: instances=5, bins=2100, lower_bound=2009, mean_excess=0.0453, score=0.9567, time=0.14s
Evaluation: instances=5, bins=2254, lower_bound=2009, mean_excess=0.1220, score=0.8913, time=0.13s
Evaluation: instances=5, bins=2105, lower_bound=2009, mean_excess=0.0478, score=0.9544, time=0.14s
Evaluation: instances=5, bins=2101, lower_bound=2009, mean_excess=0.0458, score=0.9562, time=0.14s
Evaluation: instances=5, bins=2100, lower_bound=2009, mean_excess=0.0453, score=0.9567, time=0.14s
Evaluation: instances=5, bins=2103, lower_bound=2009, mean_excess=0.0468, score=0.9553, time=0.15s
Evaluation: instances=5, bins=2101, lower_bound=2009, mean_excess=0.0458, score=0.9562, time=0.13s
Evaluation: instances=5, bins=2100, lower_bound=2009, mean_excess=0.0453, score=0.9567, time=0.17s
Evaluation: instances=5, bins=2105, lower_bound=2009, mean_excess=0.0478, score=0.9544, time=0.13s
Evaluation: instances=5, bins=2101, lower_bound=2009, mean_excess=0.0458, score=0.9562, time=0.11s
Evaluation: instances=5, bins=2101, lower_bound=2009, mean_excess=0.0458, score=0.9562, time=0.18s
Evaluation: instances=5, bins=2101, lower_bound=2009, mean_excess=0.0458, score=0.9562, time=0.15s
Evaluation: instances=5, bins=2101, lower_bound=2009, mean_excess=0.0458, score=0.9562, time=0.13s
Evaluation: instances=5, bins=2101, lower_bound=2009, mean_excess=0.0458, score=0.9562, time=0.14s
Evaluation: instances=5, bins=2100, lower_bound=2009, mean_excess=0.0453, score=0.9567, time=0.13s
Evaluation: instances=5, bins=2100, lower_bound=2009, mean_excess=0.0453, score=0.9567, time=0.17s
Evaluation: instances=5, bins=2115, lower_bound=2009, mean_excess=0.0528, score=0.9499, time=0.15s
Evaluation: instances=5, bins=2101, lower_bound=2009, mean_excess=0.0458, score=0.9562, time=0.14s
Evaluation: instances=5, bins=2106, lower_bound=2009, mean_excess=0.0483, score=0.9539, time=0.15s
Evaluation: instances=5, bins=2100, lower_bound=2009, mean_excess=0.0453, score=0.9567, time=0.15s
Evaluation: instances=5, bins=2278, lower_bound=2009, mean_excess=0.1339, score=0.8819, time=0.14s
Evaluation: instances=5, bins=2102, lower_bound=2009, mean_excess=0.0463, score=0.9558, time=0.14s
Evaluation: instances=5, bins=2101, lower_bound=2009, mean_excess=0.0458, score=0.9562, time=0.12s
Evaluation: instances=5, bins=2100, lower_bound=2009, mean_excess=0.0453, score=0.9567, time=0.13s
Evaluation: instances=5, bins=2100, lower_bound=2009, mean_excess=0.0453, score=0.9567, time=0.14s
Evaluation: instances=5, bins=2100, lower_bound=2009, mean_excess=0.0453, score=0.9567, time=0.11s
Evaluation error: Program execution failed: invalid syntax. Perhaps you forgot a comma? (tmpp1koaic9.py, line 79)
Evaluation: instances=5, bins=2172, lower_bound=2009, mean_excess=0.0811, score=0.9249, time=0.12s
Evaluation: instances=5, bins=2101, lower_bound=2009, mean_excess=0.0458, score=0.9562, time=0.13s
Evaluation: instances=5, bins=2101, lower_bound=2009, mean_excess=0.0458, score=0.9562, time=0.14s
Evaluation: instances=5, bins=2100, lower_bound=2009, mean_excess=0.0453, score=0.9567, time=0.15s
Evaluation: instances=5, bins=2101, lower_bound=2009, mean_excess=0.0458, score=0.9562, time=0.15s
Evaluation: instances=5, bins=2118, lower_bound=2009, mean_excess=0.0543, score=0.9485, time=0.14s
Evaluation: instances=5, bins=2100, lower_bound=2009, mean_excess=0.0453, score=0.9567, time=0.14s
Evaluation: instances=5, bins=2101, lower_bound=2009, mean_excess=0.0458, score=0.9562, time=0.12s
Evaluation: instances=5, bins=2103, lower_bound=2009, mean_excess=0.0468, score=0.9553, time=0.13s
Evaluation: instances=5, bins=2280, lower_bound=2009, mean_excess=0.1349, score=0.8811, time=0.14s
Evaluation: instances=5, bins=2101, lower_bound=2009, mean_excess=0.0458, score=0.9562, time=0.14s
Evaluation: instances=5, bins=2100, lower_bound=2009, mean_excess=0.0453, score=0.9567, time=0.15s
Evaluation: instances=5, bins=2101, lower_bound=2009, mean_excess=0.0458, score=0.9562, time=0.15s
Evaluation: instances=5, bins=2100, lower_bound=2009, mean_excess=0.0453, score=0.9567, time=0.12s
Evaluation: instances=5, bins=2100, lower_bound=2009, mean_excess=0.0453, score=0.9567, time=0.16s
Evaluation: instances=5, bins=2100, lower_bound=2009, mean_excess=0.0453, score=0.9567, time=0.14s
Evaluation: instances=5, bins=2103, lower_bound=2009, mean_excess=0.0468, score=0.9553, time=0.14s2026-07-28 11:38:39,537 - INFO - Evaluated program it000166 in 0.14s: combined_score=0.9553, mean_excess=0.0468, bins_used=2103.0000, lower_bound=2009.0000, num_instances=5.0000, eval_time=0.1413, validity=1.0000
2026-07-28 11:38:40,034 - INFO - HTTP Request: POST https://openrouter.ai/api/v1/chat/completions "HTTP/1.1 200 OK"
2026-07-28 11:38:49,600 - INFO - Evaluated program it000167 in 0.14s: combined_score=0.9562, mean_excess=0.0458, bins_used=2101.0000, lower_bound=2009.0000, num_instances=5.0000, eval_time=0.1413, validity=1.0000
2026-07-28 11:38:50,885 - INFO - HTTP Request: POST https://openrouter.ai/api/v1/chat/completions "HTTP/1.1 200 OK"
2026-07-28 11:40:34,399 - INFO - Evaluated program it000168 in 0.13s: combined_score=0.9494, mean_excess=0.0533, bins_used=2116.0000, lower_bound=2009.0000, num_instances=5.0000, eval_time=0.1313, validity=1.0000
2026-07-28 11:40:34,794 - INFO - HTTP Request: POST https://openrouter.ai/api/v1/chat/completions "HTTP/1.1 200 OK"
2026-07-28 11:40:47,077 - INFO - Evaluated program it000169 in 0.13s: combined_score=0.9562, mean_excess=0.0458, bins_used=2101.0000, lower_bound=2009.0000, num_instances=5.0000, eval_time=0.1312, validity=1.0000
2026-07-28 11:40:47,129 - INFO - Saved checkpoint at iteration 169 to examples/bin_packing/runs/phase-c-p1-boltzmann/bandit-tree-s42/checkpoints/checkpoint_169
2026-07-28 11:40:47,973 - INFO - HTTP Request: POST https://openrouter.ai/api/v1/chat/completions "HTTP/1.1 200 OK"
2026-07-28 11:40:52,560 - INFO - Evaluated program it000170 in 0.14s: combined_score=0.9567, mean_excess=0.0453, bins_used=2100.0000, lower_bound=2009.0000, num_instances=5.0000, eval_time=0.1364, validity=1.0000
2026-07-28 11:40:53,863 - INFO - HTTP Request: POST https://openrouter.ai/api/v1/chat/completions "HTTP/1.1 200 OK"
2026-07-28 11:41:42,727 - INFO - Evaluated program it000171 in 0.14s: combined_score=0.9562, mean_excess=0.0458, bins_used=2101.0000, lower_bound=2009.0000, num_instances=5.0000, eval_time=0.1388, validity=1.0000
2026-07-28 11:41:43,169 - INFO - HTTP Request: POST https://openrouter.ai/api/v1/chat/completions "HTTP/1.1 200 OK"
2026-07-28 11:41:55,491 - INFO - Evaluated program it000172 in 0.14s: combined_score=0.9562, mean_excess=0.0458, bins_used=2101.0000, lower_bound=2009.0000, num_instances=5.0000, eval_time=0.1381, validity=1.0000
2026-07-28 11:41:57,616 - INFO - HTTP Request: POST https://openrouter.ai/api/v1/chat/completions "HTTP/1.1 200 OK"
2026-07-28 11:42:03,909 - INFO - Evaluated program it000173 in 0.14s: combined_score=0.9567, mean_excess=0.0453, bins_used=2100.0000, lower_bound=2009.0000, num_instances=5.0000, eval_time=0.1342, validity=1.0000
2026-07-28 11:42:05,189 - INFO - HTTP Request: POST https://openrouter.ai/api/v1/chat/completions "HTTP/1.1 200 OK"
2026-07-28 11:42:57,034 - INFO - Evaluated program it000174 in 0.15s: combined_score=0.9472, mean_excess=0.0557, bins_used=2121.0000, lower_bound=2009.0000, num_instances=5.0000, eval_time=0.1495, validity=1.0000
2026-07-28 11:42:57,078 - INFO - Saved checkpoint at iteration 174 to examples/bin_packing/runs/phase-c-p1-boltzmann/bandit-tree-s42/checkpoints/checkpoint_174
2026-07-28 11:42:59,636 - INFO - HTTP Request: POST https://openrouter.ai/api/v1/chat/completions "HTTP/1.1 200 OK"
2026-07-28 11:43:15,026 - INFO - Evaluated program it000175 in 0.15s: combined_score=0.9344, mean_excess=0.0702, bins_used=2150.0000, lower_bound=2009.0000, num_instances=5.0000, eval_time=0.1444, validity=1.0000
2026-07-28 11:43:15,343 - INFO - HTTP Request: POST https://openrouter.ai/api/v1/chat/completions "HTTP/1.1 200 OK"
2026-07-28 11:43:43,512 - INFO - Evaluated program it000176 in 0.16s: combined_score=0.8815, mean_excess=0.1344, bins_used=2279.0000, lower_bound=2009.0000, num_instances=5.0000, eval_time=0.1489, validity=1.0000
2026-07-28 11:43:43,828 - INFO - HTTP Request: POST https://openrouter.ai/api/v1/chat/completions "HTTP/1.1 200 OK"
2026-07-28 11:43:56,001 - INFO - Evaluated program it000177 in 0.32s: combined_score=0.9521, mean_excess=0.0503, bins_used=2110.0000, lower_bound=2009.0000, num_instances=5.0000, eval_time=0.3180, validity=1.0000
2026-07-28 11:43:56,836 - INFO - HTTP Request: POST https://openrouter.ai/api/v1/chat/completions "HTTP/1.1 200 OK"
2026-07-28 11:45:14,838 - INFO - Evaluated program it000178 in 0.13s: combined_score=0.9562, mean_excess=0.0458, bins_used=2101.0000, lower_bound=2009.0000, num_instances=5.0000, eval_time=0.1300, validity=1.0000
2026-07-28 11:45:15,260 - INFO - HTTP Request: POST https://openrouter.ai/api/v1/chat/completions "HTTP/1.1 200 OK"
2026-07-28 11:45:25,686 - INFO - Evaluated program it000179 in 0.14s: combined_score=0.9567, mean_excess=0.0453, bins_used=2100.0000, lower_bound=2009.0000, num_instances=5.0000, eval_time=0.1419, validity=1.0000
2026-07-28 11:45:25,731 - INFO - Saved checkpoint at iteration 179 to examples/bin_packing/runs/phase-c-p1-boltzmann/bandit-tree-s42/checkpoints/checkpoint_179
2026-07-28 11:45:26,124 - INFO - HTTP Request: POST https://openrouter.ai/api/v1/chat/completions "HTTP/1.1 200 OK"
2026-07-28 11:45:52,878 - INFO - Evaluated program it000180 in 0.13s: combined_score=0.9535, mean_excess=0.0488, bins_used=2107.0000, lower_bound=2009.0000, num_instances=5.0000, eval_time=0.1317, validity=1.0000
2026-07-28 11:45:54,827 - INFO - HTTP Request: POST https://openrouter.ai/api/v1/chat/completions "HTTP/1.1 200 OK"
2026-07-28 11:46:07,132 - INFO - Evaluated program it000181 in 0.17s: combined_score=0.9567, mean_excess=0.0453, bins_used=2100.0000, lower_bound=2009.0000, num_instances=5.0000, eval_time=0.1645, validity=1.0000
2026-07-28 11:46:16,390 - INFO - HTTP Request: POST https://openrouter.ai/api/v1/chat/completions "HTTP/1.1 200 OK"
2026-07-28 11:47:37,635 - INFO - Evaluated program it000182 in 0.14s: combined_score=0.9562, mean_excess=0.0458, bins_used=2101.0000, lower_bound=2009.0000, num_instances=5.0000, eval_time=0.1421, validity=1.0000
2026-07-28 11:47:40,771 - INFO - HTTP Request: POST https://openrouter.ai/api/v1/chat/completions "HTTP/1.1 200 OK"
2026-07-28 11:47:50,164 - INFO - Evaluated program it000183 in 0.14s: combined_score=0.9567, mean_excess=0.0453, bins_used=2100.0000, lower_bound=2009.0000, num_instances=5.0000, eval_time=0.1393, validity=1.0000
2026-07-28 11:47:51,141 - INFO - HTTP Request: POST https://openrouter.ai/api/v1/chat/completions "HTTP/1.1 200 OK"
2026-07-28 11:48:10,542 - INFO - Evaluated program it000184 in 0.14s: combined_score=0.9567, mean_excess=0.0453, bins_used=2100.0000, lower_bound=2009.0000, num_instances=5.0000, eval_time=0.1379, validity=1.0000
2026-07-28 11:48:10,586 - INFO - Saved checkpoint at iteration 184 to examples/bin_packing/runs/phase-c-p1-boltzmann/bandit-tree-s42/checkpoints/checkpoint_184
2026-07-28 11:48:10,931 - INFO - HTTP Request: POST https://openrouter.ai/api/v1/chat/completions "HTTP/1.1 200 OK"
2026-07-28 11:48:57,832 - INFO - Evaluated program it000185 in 0.15s: combined_score=0.9144, mean_excess=0.0936, bins_used=2197.0000, lower_bound=2009.0000, num_instances=5.0000, eval_time=0.1509, validity=1.0000
2026-07-28 11:48:59,242 - INFO - HTTP Request: POST https://openrouter.ai/api/v1/chat/completions "HTTP/1.1 200 OK"
2026-07-28 11:49:30,883 - INFO - Evaluated program it000186 in 0.14s: combined_score=0.9562, mean_excess=0.0458, bins_used=2101.0000, lower_bound=2009.0000, num_instances=5.0000, eval_time=0.1387, validity=1.0000
2026-07-28 11:49:32,032 - INFO - HTTP Request: POST https://openrouter.ai/api/v1/chat/completions "HTTP/1.1 200 OK"
2026-07-28 11:49:58,111 - INFO - Evaluated program it000187 in 0.14s: combined_score=0.9562, mean_excess=0.0458, bins_used=2101.0000, lower_bound=2009.0000, num_instances=5.0000, eval_time=0.1413, validity=1.0000
2026-07-28 11:49:59,651 - INFO - HTTP Request: POST https://openrouter.ai/api/v1/chat/completions "HTTP/1.1 200 OK"
2026-07-28 11:50:09,099 - INFO - Evaluated program it000188 in 0.14s: combined_score=0.9562, mean_excess=0.0458, bins_used=2101.0000, lower_bound=2009.0000, num_instances=5.0000, eval_time=0.1352, validity=1.0000
2026-07-28 11:50:11,689 - INFO - HTTP Request: POST https://openrouter.ai/api/v1/chat/completions "HTTP/1.1 200 OK"
2026-07-28 11:50:24,779 - INFO - Evaluated program it000189 in 0.14s: combined_score=0.9567, mean_excess=0.0453, bins_used=2100.0000, lower_bound=2009.0000, num_instances=5.0000, eval_time=0.1363, validity=1.0000
2026-07-28 11:50:24,826 - INFO - Saved checkpoint at iteration 189 to examples/bin_packing/runs/phase-c-p1-boltzmann/bandit-tree-s42/checkpoints/checkpoint_189
2026-07-28 11:50:26,208 - INFO - HTTP Request: POST https://openrouter.ai/api/v1/chat/completions "HTTP/1.1 200 OK"
2026-07-28 11:50:33,494 - INFO - Evaluated program it000190 in 0.14s: combined_score=0.9152, mean_excess=0.0926, bins_used=2195.0000, lower_bound=2009.0000, num_instances=5.0000, eval_time=0.1346, validity=1.0000
2026-07-28 11:50:34,120 - INFO - HTTP Request: POST https://openrouter.ai/api/v1/chat/completions "HTTP/1.1 200 OK"
2026-07-28 11:50:48,399 - INFO - Evaluated program it000191 in 0.15s: combined_score=0.9535, mean_excess=0.0488, bins_used=2107.0000, lower_bound=2009.0000, num_instances=5.0000, eval_time=0.1453, validity=1.0000
2026-07-28 11:50:58,698 - INFO - HTTP Request: POST https://openrouter.ai/api/v1/chat/completions "HTTP/1.1 200 OK"
2026-07-28 11:53:27,446 - INFO - Evaluated program it000192 in 0.13s: combined_score=0.9562, mean_excess=0.0458, bins_used=2101.0000, lower_bound=2009.0000, num_instances=5.0000, eval_time=0.1308, validity=1.0000
2026-07-28 11:53:28,219 - INFO - HTTP Request: POST https://openrouter.ai/api/v1/chat/completions "HTTP/1.1 200 OK"
2026-07-28 11:53:44,738 - INFO - Evaluated program it000193 in 0.14s: combined_score=0.9562, mean_excess=0.0458, bins_used=2101.0000, lower_bound=2009.0000, num_instances=5.0000, eval_time=0.1340, validity=1.0000
2026-07-28 11:53:45,972 - INFO - HTTP Request: POST https://openrouter.ai/api/v1/chat/completions "HTTP/1.1 200 OK"
2026-07-28 11:54:12,527 - INFO - Evaluated program it000194 in 0.16s: combined_score=0.9558, mean_excess=0.0463, bins_used=2102.0000, lower_bound=2009.0000, num_instances=5.0000, eval_time=0.1604, validity=1.0000
2026-07-28 11:54:12,575 - INFO - Saved checkpoint at iteration 194 to examples/bin_packing/runs/phase-c-p1-boltzmann/bandit-tree-s42/checkpoints/checkpoint_194
2026-07-28 11:54:12,967 - INFO - HTTP Request: POST https://openrouter.ai/api/v1/chat/completions "HTTP/1.1 200 OK"
2026-07-28 11:54:23,202 - INFO - Evaluated program it000195 in 0.14s: combined_score=0.9562, mean_excess=0.0458, bins_used=2101.0000, lower_bound=2009.0000, num_instances=5.0000, eval_time=0.1362, validity=1.0000
2026-07-28 11:54:24,626 - INFO - HTTP Request: POST https://openrouter.ai/api/v1/chat/completions "HTTP/1.1 200 OK"
2026-07-28 11:54:36,352 - WARNING - Iteration 196: no valid program in LLM response (attempt 1)
2026-07-28 11:54:38,123 - INFO - HTTP Request: POST https://openrouter.ai/api/v1/chat/completions "HTTP/1.1 200 OK"
2026-07-28 11:55:38,632 - INFO - Evaluated program it000197 in 0.15s: combined_score=0.9562, mean_excess=0.0458, bins_used=2101.0000, lower_bound=2009.0000, num_instances=5.0000, eval_time=0.1508, validity=1.0000
2026-07-28 11:55:39,566 - INFO - HTTP Request: POST https://openrouter.ai/api/v1/chat/completions "HTTP/1.1 200 OK"
2026-07-28 11:55:43,124 - INFO - Evaluated program it000198 in 0.14s: combined_score=0.9549, mean_excess=0.0473, bins_used=2104.0000, lower_bound=2009.0000, num_instances=5.0000, eval_time=0.1347, validity=1.0000
2026-07-28 11:55:44,725 - INFO - HTTP Request: POST https://openrouter.ai/api/v1/chat/completions "HTTP/1.1 200 OK"
2026-07-28 11:56:05,751 - INFO - Evaluated program it000199 in 0.06s: combined_score=0.0000, mean_excess=inf, bins_used=inf, lower_bound=0.0000, num_instances=0.0000, validity=0.0000, error=Program execution failed: invalid syntax. Perhaps you forgot a comma? (tmp1v_qvaso.py, line 79)
2026-07-28 11:56:05,752 - WARNING - Iteration 199: evaluation failed (attempt 1): evaluation failed: unknown error
2026-07-28 11:56:05,801 - INFO - Saved checkpoint at iteration 199 to examples/bin_packing/runs/phase-c-p1-boltzmann/bandit-tree-s42/checkpoints/checkpoint_199
2026-07-28 11:56:08,513 - INFO - HTTP Request: POST https://openrouter.ai/api/v1/chat/completions "HTTP/1.1 200 OK"
2026-07-28 11:59:17,012 - INFO - Evaluated program it000200 in 0.13s: combined_score=0.9562, mean_excess=0.0458, bins_used=2101.0000, lower_bound=2009.0000, num_instances=5.0000, eval_time=0.1306, validity=1.0000
2026-07-28 11:59:25,953 - INFO - HTTP Request: POST https://openrouter.ai/api/v1/chat/completions "HTTP/1.1 200 OK"
2026-07-28 12:01:03,633 - INFO - Evaluated program it000201 in 0.13s: combined_score=0.9562, mean_excess=0.0458, bins_used=2101.0000, lower_bound=2009.0000, num_instances=5.0000, eval_time=0.1283, validity=1.0000
2026-07-28 12:01:06,909 - INFO - HTTP Request: POST https://openrouter.ai/api/v1/chat/completions "HTTP/1.1 200 OK"
2026-07-28 12:01:15,277 - INFO - Evaluated program it000202 in 0.14s: combined_score=0.9567, mean_excess=0.0453, bins_used=2100.0000, lower_bound=2009.0000, num_instances=5.0000, eval_time=0.1324, validity=1.0000
2026-07-28 12:01:17,131 - INFO - HTTP Request: POST https://openrouter.ai/api/v1/chat/completions "HTTP/1.1 200 OK"
2026-07-28 12:01:25,543 - INFO - Evaluated program it000203 in 0.13s: combined_score=0.9562, mean_excess=0.0458, bins_used=2101.0000, lower_bound=2009.0000, num_instances=5.0000, eval_time=0.1312, validity=1.0000
2026-07-28 12:01:28,653 - INFO - HTTP Request: POST https://openrouter.ai/api/v1/chat/completions "HTTP/1.1 200 OK"
2026-07-28 12:01:36,290 - INFO - Evaluated program it000204 in 0.15s: combined_score=0.9562, mean_excess=0.0458, bins_used=2101.0000, lower_bound=2009.0000, num_instances=5.0000, eval_time=0.1486, validity=1.0000
2026-07-28 12:01:36,337 - INFO - Saved checkpoint at iteration 204 to examples/bin_packing/runs/phase-c-p1-boltzmann/bandit-tree-s42/checkpoints/checkpoint_204
2026-07-28 12:01:36,783 - INFO - HTTP Request: POST https://openrouter.ai/api/v1/chat/completions "HTTP/1.1 200 OK"
2026-07-28 12:02:04,789 - INFO - Evaluated program it000205 in 0.13s: combined_score=0.9562, mean_excess=0.0458, bins_used=2101.0000, lower_bound=2009.0000, num_instances=5.0000, eval_time=0.1287, validity=1.0000
2026-07-28 12:02:05,098 - INFO - HTTP Request: POST https://openrouter.ai/api/v1/chat/completions "HTTP/1.1 200 OK"
2026-07-28 12:02:30,612 - INFO - Evaluated program it000206 in 0.14s: combined_score=0.9476, mean_excess=0.0552, bins_used=2120.0000, lower_bound=2009.0000, num_instances=5.0000, eval_time=0.1321, validity=1.0000
2026-07-28 12:02:30,965 - INFO - HTTP Request: POST https://openrouter.ai/api/v1/chat/completions "HTTP/1.1 200 OK"
2026-07-28 12:02:45,445 - INFO - Evaluated program it000207 in 0.15s: combined_score=0.9544, mean_excess=0.0478, bins_used=2105.0000, lower_bound=2009.0000, num_instances=5.0000, eval_time=0.1436, validity=1.0000
2026-07-28 12:02:49,767 - INFO - HTTP Request: POST https://openrouter.ai/api/v1/chat/completions "HTTP/1.1 200 OK"
2026-07-28 12:03:06,626 - INFO - Evaluated program it000208 in 0.14s: combined_score=0.9567, mean_excess=0.0453, bins_used=2100.0000, lower_bound=2009.0000, num_instances=5.0000, eval_time=0.1376, validity=1.0000
2026-07-28 12:03:09,047 - INFO - HTTP Request: POST https://openrouter.ai/api/v1/chat/completions "HTTP/1.1 200 OK"
2026-07-28 12:03:28,849 - INFO - Evaluated program it000209 in 0.15s: combined_score=0.9567, mean_excess=0.0453, bins_used=2100.0000, lower_bound=2009.0000, num_instances=5.0000, eval_time=0.1475, validity=1.0000
2026-07-28 12:03:28,896 - INFO - Saved checkpoint at iteration 209 to examples/bin_packing/runs/phase-c-p1-boltzmann/bandit-tree-s42/checkpoints/checkpoint_209
2026-07-28 12:03:31,304 - INFO - HTTP Request: POST https://openrouter.ai/api/v1/chat/completions "HTTP/1.1 200 OK"
2026-07-28 12:03:47,223 - INFO - Evaluated program it000210 in 0.15s: combined_score=0.9567, mean_excess=0.0453, bins_used=2100.0000, lower_bound=2009.0000, num_instances=5.0000, eval_time=0.1528, validity=1.0000
2026-07-28 12:03:51,702 - INFO - HTTP Request: POST https://openrouter.ai/api/v1/chat/completions "HTTP/1.1 200 OK"
2026-07-28 12:04:48,858 - INFO - Evaluated program it000211 in 0.18s: combined_score=0.9562, mean_excess=0.0458, bins_used=2101.0000, lower_bound=2009.0000, num_instances=5.0000, eval_time=0.1753, validity=1.0000
2026-07-28 12:04:50,070 - INFO - HTTP Request: POST https://openrouter.ai/api/v1/chat/completions "HTTP/1.1 200 OK"
2026-07-28 12:05:02,882 - INFO - Evaluated program it000212 in 0.16s: combined_score=0.9567, mean_excess=0.0453, bins_used=2100.0000, lower_bound=2009.0000, num_instances=5.0000, eval_time=0.1527, validity=1.0000
2026-07-28 12:05:03,971 - INFO - HTTP Request: POST https://openrouter.ai/api/v1/chat/completions "HTTP/1.1 200 OK"
2026-07-28 12:05:08,105 - INFO - Evaluated program it000213 in 0.14s: combined_score=0.9567, mean_excess=0.0453, bins_used=2100.0000, lower_bound=2009.0000, num_instances=5.0000, eval_time=0.1374, validity=1.0000
2026-07-28 12:05:08,417 - INFO - HTTP Request: POST https://openrouter.ai/api/v1/chat/completions "HTTP/1.1 200 OK"
2026-07-28 12:05:36,725 - INFO - Evaluated program it000214 in 0.13s: combined_score=0.9562, mean_excess=0.0458, bins_used=2101.0000, lower_bound=2009.0000, num_instances=5.0000, eval_time=0.1288, validity=1.0000
2026-07-28 12:05:36,773 - INFO - Saved checkpoint at iteration 214 to examples/bin_packing/runs/phase-c-p1-boltzmann/bandit-tree-s42/checkpoints/checkpoint_214
2026-07-28 12:05:37,148 - INFO - HTTP Request: POST https://openrouter.ai/api/v1/chat/completions "HTTP/1.1 200 OK"
2026-07-28 12:06:11,583 - INFO - Evaluated program it000215 in 0.15s: combined_score=0.9481, mean_excess=0.0548, bins_used=2119.0000, lower_bound=2009.0000, num_instances=5.0000, eval_time=0.1452, validity=1.0000
2026-07-28 12:06:13,998 - INFO - HTTP Request: POST https://openrouter.ai/api/v1/chat/completions "HTTP/1.1 200 OK"
2026-07-28 12:06:33,273 - INFO - Evaluated program it000216 in 0.14s: combined_score=0.9567, mean_excess=0.0453, bins_used=2100.0000, lower_bound=2009.0000, num_instances=5.0000, eval_time=0.1377, validity=1.0000
2026-07-28 12:06:34,847 - INFO - HTTP Request: POST https://openrouter.ai/api/v1/chat/completions "HTTP/1.1 200 OK"
2026-07-28 12:06:49,246 - INFO - Evaluated program it000217 in 0.14s: combined_score=0.9562, mean_excess=0.0458, bins_used=2101.0000, lower_bound=2009.0000, num_instances=5.0000, eval_time=0.1390, validity=1.0000
2026-07-28 12:06:52,367 - INFO - HTTP Request: POST https://openrouter.ai/api/v1/chat/completions "HTTP/1.1 200 OK"
2026-07-28 12:07:56,358 - INFO - Evaluated program it000218 in 0.14s: combined_score=0.9432, mean_excess=0.0602, bins_used=2130.0000, lower_bound=2009.0000, num_instances=5.0000, eval_time=0.1342, validity=1.0000
2026-07-28 12:07:57,132 - INFO - HTTP Request: POST https://openrouter.ai/api/v1/chat/completions "HTTP/1.1 200 OK"
2026-07-28 12:08:04,835 - INFO - Evaluated program it000219 in 0.13s: combined_score=0.9562, mean_excess=0.0458, bins_used=2101.0000, lower_bound=2009.0000, num_instances=5.0000, eval_time=0.1245, validity=1.0000
2026-07-28 12:08:04,882 - INFO - Saved checkpoint at iteration 219 to examples/bin_packing/runs/phase-c-p1-boltzmann/bandit-tree-s42/checkpoints/checkpoint_219
2026-07-28 12:08:06,239 - INFO - HTTP Request: POST https://openrouter.ai/api/v1/chat/completions "HTTP/1.1 200 OK"
2026-07-28 12:08:17,847 - INFO - Evaluated program it000220 in 0.14s: combined_score=0.9567, mean_excess=0.0453, bins_used=2100.0000, lower_bound=2009.0000, num_instances=5.0000, eval_time=0.1382, validity=1.0000
2026-07-28 12:08:19,442 - INFO - HTTP Request: POST https://openrouter.ai/api/v1/chat/completions "HTTP/1.1 200 OK"
2026-07-28 12:08:35,066 - INFO - Evaluated program it000221 in 0.14s: combined_score=0.9530, mean_excess=0.0493, bins_used=2108.0000, lower_bound=2009.0000, num_instances=5.0000, eval_time=0.1425, validity=1.0000
2026-07-28 12:08:37,065 - INFO - HTTP Request: POST https://openrouter.ai/api/v1/chat/completions "HTTP/1.1 200 OK"
2026-07-28 12:08:51,768 - INFO - Evaluated program it000222 in 0.15s: combined_score=0.9530, mean_excess=0.0493, bins_used=2108.0000, lower_bound=2009.0000, num_instances=5.0000, eval_time=0.1487, validity=1.0000
2026-07-28 12:08:53,051 - INFO - HTTP Request: POST https://openrouter.ai/api/v1/chat/completions "HTTP/1.1 200 OK"
2026-07-28 12:09:01,511 - INFO - Evaluated program it000223 in 0.13s: combined_score=0.9567, mean_excess=0.0453, bins_used=2100.0000, lower_bound=2009.0000, num_instances=5.0000, eval_time=0.1311, validity=1.0000
2026-07-28 12:09:01,863 - INFO - HTTP Request: POST https://openrouter.ai/api/v1/chat/completions "HTTP/1.1 200 OK"
2026-07-28 12:09:10,638 - INFO - Evaluated program it000224 in 0.14s: combined_score=0.9558, mean_excess=0.0463, bins_used=2102.0000, lower_bound=2009.0000, num_instances=5.0000, eval_time=0.1421, validity=1.0000
2026-07-28 12:09:10,689 - INFO - Saved checkpoint at iteration 224 to examples/bin_packing/runs/phase-c-p1-boltzmann/bandit-tree-s42/checkpoints/checkpoint_224
2026-07-28 12:09:11,506 - INFO - HTTP Request: POST https://openrouter.ai/api/v1/chat/completions "HTTP/1.1 200 OK"
2026-07-28 12:09:17,778 - INFO - Evaluated program it000225 in 0.14s: combined_score=0.9485, mean_excess=0.0543, bins_used=2118.0000, lower_bound=2009.0000, num_instances=5.0000, eval_time=0.1424, validity=1.0000
2026-07-28 12:09:19,054 - INFO - HTTP Request: POST https://openrouter.ai/api/v1/chat/completions "HTTP/1.1 200 OK"
2026-07-28 12:10:09,221 - INFO - Evaluated program it000226 in 0.14s: combined_score=0.9562, mean_excess=0.0458, bins_used=2101.0000, lower_bound=2009.0000, num_instances=5.0000, eval_time=0.1417, validity=1.0000
2026-07-28 12:10:10,387 - INFO - HTTP Request: POST https://openrouter.ai/api/v1/chat/completions "HTTP/1.1 200 OK"
2026-07-28 12:10:39,301 - INFO - Evaluated program it000227 in 0.11s: combined_score=0.9567, mean_excess=0.0453, bins_used=2100.0000, lower_bound=2009.0000, num_instances=5.0000, eval_time=0.1095, validity=1.0000
2026-07-28 12:10:39,733 - INFO - HTTP Request: POST https://openrouter.ai/api/v1/chat/completions "HTTP/1.1 200 OK"
2026-07-28 12:11:09,026 - INFO - Evaluated program it000228 in 0.15s: combined_score=0.9548, mean_excess=0.0473, bins_used=2104.0000, lower_bound=2009.0000, num_instances=5.0000, eval_time=0.1504, validity=1.0000
2026-07-28 12:11:19,275 - INFO - HTTP Request: POST https://openrouter.ai/api/v1/chat/completions "HTTP/1.1 200 OK"
2026-07-28 12:12:49,693 - INFO - Evaluated program it000229 in 0.18s: combined_score=0.9567, mean_excess=0.0453, bins_used=2100.0000, lower_bound=2009.0000, num_instances=5.0000, eval_time=0.1727, validity=1.0000
2026-07-28 12:12:49,745 - INFO - Saved checkpoint at iteration 229 to examples/bin_packing/runs/phase-c-p1-boltzmann/bandit-tree-s42/checkpoints/checkpoint_229
2026-07-28 12:12:50,132 - INFO - HTTP Request: POST https://openrouter.ai/api/v1/chat/completions "HTTP/1.1 200 OK"
2026-07-28 12:13:21,572 - INFO - Evaluated program it000230 in 0.14s: combined_score=0.9562, mean_excess=0.0458, bins_used=2101.0000, lower_bound=2009.0000, num_instances=5.0000, eval_time=0.1342, validity=1.0000
2026-07-28 12:13:23,872 - INFO - HTTP Request: POST https://openrouter.ai/api/v1/chat/completions "HTTP/1.1 200 OK"
2026-07-28 12:13:46,761 - INFO - Evaluated program it000231 in 0.14s: combined_score=0.9567, mean_excess=0.0453, bins_used=2100.0000, lower_bound=2009.0000, num_instances=5.0000, eval_time=0.1335, validity=1.0000
2026-07-28 12:13:56,614 - INFO - HTTP Request: POST https://openrouter.ai/api/v1/chat/completions "HTTP/1.1 200 OK"
2026-07-28 12:16:44,799 - INFO - Evaluated program it000232 in 0.14s: combined_score=0.9562, mean_excess=0.0458, bins_used=2101.0000, lower_bound=2009.0000, num_instances=5.0000, eval_time=0.1403, validity=1.0000
2026-07-28 12:16:44,875 - INFO - Stopping at iteration 233: Total token budget exhausted (shared pool): spent 1001647 of cap 1000000. The next call was for account 'mutation' — that account is not itself capped; the shared pool is what ran out.
2026-07-28 12:16:44,926 - INFO - Saved checkpoint at iteration 232 to examples/bin_packing/runs/phase-c-p1-boltzmann/bandit-tree-s42/checkpoints/checkpoint_232
2026-07-28 12:16:44,926 - INFO - Evolution tracing complete. Total traces: 228
2026-07-28 12:16:44,926 - INFO - Improvement rate: 51.75%
2026-07-28 12:16:44,926 - INFO - Best improvements: {'combined_score': 0.0743381246743331, 'mean_excess': 0.09064556786780331, 'bins_used': 182.0, 'lower_bound': 0.0, 'num_instances': 0, 'eval_time': 0.17586827278137207, 'validity': 0.0}
2026-07-28 12:16:44,926 - INFO - Worst declines: {'combined_score': -0.0762705220548563, 'mean_excess': -0.08815536963864118, 'bins_used': -177.0, 'lower_bound': 0.0, 'num_instances': 0, 'eval_time': -0.08496212959289551, 'validity': 0.0}

Evaluation: instances=5, bins=2101, lower_bound=2009, mean_excess=0.0458, score=0.9562, time=0.14s
Evaluation: instances=5, bins=2116, lower_bound=2009, mean_excess=0.0533, score=0.9494, time=0.13s
Evaluation: instances=5, bins=2101, lower_bound=2009, mean_excess=0.0458, score=0.9562, time=0.13s
Evaluation: instances=5, bins=2100, lower_bound=2009, mean_excess=0.0453, score=0.9567, time=0.14s
Evaluation: instances=5, bins=2101, lower_bound=2009, mean_excess=0.0458, score=0.9562, time=0.14s
Evaluation: instances=5, bins=2101, lower_bound=2009, mean_excess=0.0458, score=0.9562, time=0.14s
Evaluation: instances=5, bins=2100, lower_bound=2009, mean_excess=0.0453, score=0.9567, time=0.13s
Evaluation: instances=5, bins=2121, lower_bound=2009, mean_excess=0.0557, score=0.9472, time=0.15s
Evaluation: instances=5, bins=2150, lower_bound=2009, mean_excess=0.0702, score=0.9344, time=0.14s
Evaluation: instances=5, bins=2279, lower_bound=2009, mean_excess=0.1344, score=0.8815, time=0.15s
Evaluation: instances=5, bins=2110, lower_bound=2009, mean_excess=0.0503, score=0.9521, time=0.32s
Evaluation: instances=5, bins=2101, lower_bound=2009, mean_excess=0.0458, score=0.9562, time=0.13s
Evaluation: instances=5, bins=2100, lower_bound=2009, mean_excess=0.0453, score=0.9567, time=0.14s
Evaluation: instances=5, bins=2107, lower_bound=2009, mean_excess=0.0488, score=0.9535, time=0.13s
Evaluation: instances=5, bins=2100, lower_bound=2009, mean_excess=0.0453, score=0.9567, time=0.16s
Evaluation: instances=5, bins=2101, lower_bound=2009, mean_excess=0.0458, score=0.9562, time=0.14s
Evaluation: instances=5, bins=2100, lower_bound=2009, mean_excess=0.0453, score=0.9567, time=0.14s
Evaluation: instances=5, bins=2100, lower_bound=2009, mean_excess=0.0453, score=0.9567, time=0.14s
Evaluation: instances=5, bins=2197, lower_bound=2009, mean_excess=0.0936, score=0.9144, time=0.15s
Evaluation: instances=5, bins=2101, lower_bound=2009, mean_excess=0.0458, score=0.9562, time=0.14s
Evaluation: instances=5, bins=2101, lower_bound=2009, mean_excess=0.0458, score=0.9562, time=0.14s
Evaluation: instances=5, bins=2101, lower_bound=2009, mean_excess=0.0458, score=0.9562, time=0.14s
Evaluation: instances=5, bins=2100, lower_bound=2009, mean_excess=0.0453, score=0.9567, time=0.14s
Evaluation: instances=5, bins=2195, lower_bound=2009, mean_excess=0.0926, score=0.9152, time=0.13s
Evaluation: instances=5, bins=2107, lower_bound=2009, mean_excess=0.0488, score=0.9535, time=0.15s
Evaluation: instances=5, bins=2101, lower_bound=2009, mean_excess=0.0458, score=0.9562, time=0.13s
Evaluation: instances=5, bins=2101, lower_bound=2009, mean_excess=0.0458, score=0.9562, time=0.13s
Evaluation: instances=5, bins=2102, lower_bound=2009, mean_excess=0.0463, score=0.9558, time=0.16s
Evaluation: instances=5, bins=2101, lower_bound=2009, mean_excess=0.0458, score=0.9562, time=0.14s
Evaluation: instances=5, bins=2101, lower_bound=2009, mean_excess=0.0458, score=0.9562, time=0.15s
Evaluation: instances=5, bins=2104, lower_bound=2009, mean_excess=0.0473, score=0.9549, time=0.13s
Evaluation error: Program execution failed: invalid syntax. Perhaps you forgot a comma? (tmp1v_qvaso.py, line 79)
Evaluation: instances=5, bins=2101, lower_bound=2009, mean_excess=0.0458, score=0.9562, time=0.13s
Evaluation: instances=5, bins=2101, lower_bound=2009, mean_excess=0.0458, score=0.9562, time=0.13s
Evaluation: instances=5, bins=2100, lower_bound=2009, mean_excess=0.0453, score=0.9567, time=0.13s
Evaluation: instances=5, bins=2101, lower_bound=2009, mean_excess=0.0458, score=0.9562, time=0.13s
Evaluation: instances=5, bins=2101, lower_bound=2009, mean_excess=0.0458, score=0.9562, time=0.15s
Evaluation: instances=5, bins=2101, lower_bound=2009, mean_excess=0.0458, score=0.9562, time=0.13s
Evaluation: instances=5, bins=2120, lower_bound=2009, mean_excess=0.0552, score=0.9476, time=0.13s
Evaluation: instances=5, bins=2105, lower_bound=2009, mean_excess=0.0478, score=0.9544, time=0.14s
Evaluation: instances=5, bins=2100, lower_bound=2009, mean_excess=0.0453, score=0.9567, time=0.14s
Evaluation: instances=5, bins=2100, lower_bound=2009, mean_excess=0.0453, score=0.9567, time=0.15s
Evaluation: instances=5, bins=2100, lower_bound=2009, mean_excess=0.0453, score=0.9567, time=0.15s
Evaluation: instances=5, bins=2101, lower_bound=2009, mean_excess=0.0458, score=0.9562, time=0.18s
Evaluation: instances=5, bins=2100, lower_bound=2009, mean_excess=0.0453, score=0.9567, time=0.15s
Evaluation: instances=5, bins=2100, lower_bound=2009, mean_excess=0.0453, score=0.9567, time=0.14s
Evaluation: instances=5, bins=2101, lower_bound=2009, mean_excess=0.0458, score=0.9562, time=0.13s
Evaluation: instances=5, bins=2119, lower_bound=2009, mean_excess=0.0548, score=0.9481, time=0.15s
Evaluation: instances=5, bins=2100, lower_bound=2009, mean_excess=0.0453, score=0.9567, time=0.14s
Evaluation: instances=5, bins=2101, lower_bound=2009, mean_excess=0.0458, score=0.9562, time=0.14s
Evaluation: instances=5, bins=2130, lower_bound=2009, mean_excess=0.0602, score=0.9432, time=0.13s
Evaluation: instances=5, bins=2101, lower_bound=2009, mean_excess=0.0458, score=0.9562, time=0.12s
Evaluation: instances=5, bins=2100, lower_bound=2009, mean_excess=0.0453, score=0.9567, time=0.14s
Evaluation: instances=5, bins=2108, lower_bound=2009, mean_excess=0.0493, score=0.9530, time=0.14s
Evaluation: instances=5, bins=2108, lower_bound=2009, mean_excess=0.0493, score=0.9530, time=0.15s
Evaluation: instances=5, bins=2100, lower_bound=2009, mean_excess=0.0453, score=0.9567, time=0.13s
Evaluation: instances=5, bins=2102, lower_bound=2009, mean_excess=0.0463, score=0.9558, time=0.14s
Evaluation: instances=5, bins=2118, lower_bound=2009, mean_excess=0.0543, score=0.9485, time=0.14s
Evaluation: instances=5, bins=2101, lower_bound=2009, mean_excess=0.0458, score=0.9562, time=0.14s
Evaluation: instances=5, bins=2100, lower_bound=2009, mean_excess=0.0453, score=0.9567, time=0.11s
Evaluation: instances=5, bins=2104, lower_bound=2009, mean_excess=0.0473, score=0.9548, time=0.15s
Evaluation: instances=5, bins=2100, lower_bound=2009, mean_excess=0.0453, score=0.9567, time=0.17s
Evaluation: instances=5, bins=2101, lower_bound=2009, mean_excess=0.0458, score=0.9562, time=0.13s
Evaluation: instances=5, bins=2100, lower_bound=2009, mean_excess=0.0453, score=0.9567, time=0.13s
Evaluation: instances=5, bins=2101, lower_bound=2009, mean_excess=0.0458, score=0.9562, time=0.14s
BEST: {'combined_score': 0.9566728237432474, 'mean_excess': 0.045289439797425314, 'bins_used': 2100.0, 'lower_bound': 2009.0, 'num_instances': 5, 'eval_time': 0.20764613151550293, 'validity': 1.0}
