nodeid,in_population,database.all_fitnesses.island_zero,database.best_program.island_zero,database.end_generation.always_false,database.end_generation.bare_increment,database.feature_dimensions.empty,database.fitness.no_feature_exclusion,database.get.best_fallback,database.init.no_novelty_guard,database.island_fitnesses.global,database.last_iteration.off_by_one,database.load.reset_generations,database.num_islands.off_by_one,database.num_programs.off_by_one,database.per_island_bests.neg_inf_default,database.sample_from_island.drop_inspirations,database.save.iteration_zero,database.store_artifacts.noop,islands.add.ignore_target_scope,islands.capabilities.overclaim,islands.elites.worst_first,islands.load_state_dict.ignore_state,islands.native_select.source_is_target,islands.per_scope_bests.global_best,islands.population.ignore_scope,islands.regions.generic_label,islands.scopes.drop_last,islands.snapshot.limit_before_sort,islands.snapshot.regions_always,islands.state_dict.empty,islands.steps_per_generation.one,islands.target_scope.off_by_one,islands.top_programs.island_wins,islands.top_programs.reversed,islands.topology.flat,prompts.build_mutation_prompt.drop_parent2,prompts.build_mutation_prompt.unfiltered_metrics,prompts.build_mutation_prompt.unfiltered_program_lists,prompts.inject_advice.no_header,prompts.make_prompt_sampler.allow_stochasticity,prompts.make_prompt_sampler.skip_template_registration
tests/test_adapter_instrumentation.py::TestAdapterNeverTouchesRawDatabase::test_adapter_source_has_no_db_attribute_access,no,.,.,.,.,.,.,.,.,.,.,.,.,.,.,.,.,.,.,.,.,.,.,.,.,.,.,.,.,.,.,.,.,.,.,.,.,.,.,.,.
tests/test_adapter_instrumentation.py::TestServableSurfaceRoutesThroughStore::test_every_servable_item_served_by_recorded_store_call,no,.,.,.,.,.,.,.,.,.,.,.,.,.,.,.,.,.,.,.,.,.,.,.,.,.,.,.,.,.,.,.,.,.,.,.,.,.,.,.,.
tests/test_adapter_instrumentation.py::TestTriageLedgerParity::test_failing_donor_set_is_exactly_the_declared_deviations,no,.,K,.,.,.,.,.,.,.,.,.,K,.,.,.,.,.,.,.,.,.,.,.,K,.,K,.,.,.,.,.,.,K,.,.,.,.,.,.,.
tests/test_adapter_instrumentation.py::TestUnservedSurfaceFailsLoudly::test_islands_and_programs_are_derived_readonly_views,no,.,.,.,.,.,.,.,.,.,.,.,.,.,.,.,.,.,.,.,.,.,.,.,.,.,.,.,.,.,.,.,.,.,.,.,.,.,.,.,.
tests/test_adapter_instrumentation.py::TestUnservedSurfaceFailsLoudly::test_metric_kwarg_raises_on_both_query_methods,no,.,.,.,.,.,.,.,.,.,.,.,.,.,.,.,.,.,.,.,.,.,.,.,.,.,.,.,.,.,.,.,.,.,.,.,.,.,.,.,.
tests/test_adapter_instrumentation.py::TestUnservedSurfaceFailsLoudly::test_unserved_deletes_raise_instead_of_bare_attributeerror,no,.,.,.,.,.,.,.,.,.,.,.,.,.,.,.,.,.,.,.,.,.,.,.,.,.,.,.,.,.,.,.,.,.,.,.,.,.,.,.,.
tests/test_adapter_instrumentation.py::TestUnservedSurfaceFailsLoudly::test_unserved_reads_raise_naming_the_capability,no,.,.,.,.,.,.,.,.,.,.,.,.,.,.,.,.,.,.,.,.,.,.,.,.,.,.,.,.,.,.,.,.,.,.,.,.,.,.,.,.
tests/test_adapter_instrumentation.py::TestUnservedSurfaceFailsLoudly::test_unserved_writes_raise_instead_of_silently_absorbing,no,.,.,.,.,.,.,.,.,.,.,.,.,.,.,.,.,.,.,.,.,.,.,.,.,.,.,.,.,.,.,.,.,.,.,.,.,.,.,.,.
tests/test_apply_diff.py::TestApplyDiffLenient::test_exact_match_preserved,no,.,.,.,.,.,.,.,.,.,.,.,.,.,.,.,.,.,.,.,.,.,.,.,.,.,.,.,.,.,.,.,.,.,.,.,.,.,.,.,.
tests/test_apply_diff.py::TestApplyDiffLenient::test_lstrip_match_preserves_blank_lines,no,.,.,.,.,.,.,.,.,.,.,.,.,.,.,.,.,.,.,.,.,.,.,.,.,.,.,.,.,.,.,.,.,.,.,.,.,.,.,.,.
tests/test_apply_diff.py::TestApplyDiffLenient::test_lstrip_match_reindents_replace,no,.,.,.,.,.,.,.,.,.,.,.,.,.,.,.,.,.,.,.,.,.,.,.,.,.,.,.,.,.,.,.,.,.,.,.,.,.,.,.,.
tests/test_apply_diff.py::TestApplyDiffLenient::test_no_diff_blocks_returns_original,no,.,.,.,.,.,.,.,.,.,.,.,.,.,.,.,.,.,.,.,.,.,.,.,.,.,.,.,.,.,.,.,.,.,.,.,.,.,.,.,.
tests/test_apply_diff.py::TestApplyDiffLenient::test_no_match_leaves_code_unchanged,no,.,.,.,.,.,.,.,.,.,.,.,.,.,.,.,.,.,.,.,.,.,.,.,.,.,.,.,.,.,.,.,.,.,.,.,.,.,.,.,.
tests/test_apply_diff.py::TestApplyDiffLenient::test_searches_without_blocks_may_need_multiple_matches,no,.,.,.,.,.,.,.,.,.,.,.,.,.,.,.,.,.,.,.,.,.,.,.,.,.,.,.,.,.,.,.,.,.,.,.,.,.,.,.,.
tests/test_apply_diff.py::TestApplyDiffOnRealCorpus::test_corpora_load_and_have_real_diff_blocks,no,.,.,.,.,.,.,.,.,.,.,.,.,.,.,.,.,.,.,.,.,.,.,.,.,.,.,.,.,.,.,.,.,.,.,.,.,.,.,.,.
tests/test_apply_diff.py::TestApplyDiffOnRealCorpus::test_lenient_never_regresses_a_case_strict_already_handles,no,.,.,.,.,.,.,.,.,.,.,.,.,.,.,.,.,.,.,.,.,.,.,.,.,.,.,.,.,.,.,.,.,.,.,.,.,.,.,.,.
tests/test_apply_diff.py::TestApplyDiffOnRealCorpus::test_lenient_recovers_none_of_this_corpus_no_ops_to_compilable_code,no,.,.,.,.,.,.,.,.,.,.,.,.,.,.,.,.,.,.,.,.,.,.,.,.,.,.,.,.,.,.,.,.,.,.,.,.,.,.,.,.
tests/test_apply_diff.py::TestApplyDiffOnRealCorpus::test_mutations_produce_code_that_compiles_or_fails_for_a_model_reason,no,.,.,.,.,.,.,.,.,.,.,.,.,.,.,.,.,.,.,.,.,.,.,.,.,.,.,.,.,.,.,.,.,.,.,.,.,.,.,.,.
tests/test_apply_diff.py::TestApplyDiffOnRealCorpus::test_strict_apply_diff_no_op_rate_measured,no,.,.,.,.,.,.,.,.,.,.,.,.,.,.,.,.,.,.,.,.,.,.,.,.,.,.,.,.,.,.,.,.,.,.,.,.,.,.,.,.
tests/test_bin_packing_example.py::TestBinPackingHarness::test_hostile_program_times_out_without_killing_the_harness,no,.,.,.,.,.,.,.,.,.,.,.,.,.,.,.,.,.,.,.,.,.,.,.,.,.,.,.,.,.,.,.,.,.,.,.,.,.,.,.,.
tests/test_bin_packing_example.py::TestBinPackingHarness::test_initial_program_evaluates_to_a_valid_solution,no,.,.,.,.,.,.,.,.,.,.,.,.,.,.,.,.,.,.,.,.,.,.,.,.,.,.,.,.,.,.,.,.,.,.,.,.,.,.,.,.
tests/test_bin_packing_example.py::TestBinPackingHarness::test_scoring_is_deterministic,no,.,.,.,.,.,.,.,.,.,.,.,.,.,.,.,.,.,.,.,.,.,.,.,.,.,.,.,.,.,.,.,.,.,.,.,.,.,.,.,.
tests/test_bin_packing_example.py::TestBinPackingHasHeadroom::test_best_fit_leaves_real_headroom,no,.,.,.,.,.,.,.,.,.,.,.,.,.,.,.,.,.,.,.,.,.,.,.,.,.,.,.,.,.,.,.,.,.,.,.,.,.,.,.,.
tests/test_bin_packing_example.py::TestBinPackingHasHeadroom::test_score_discriminates_heuristic_quality,no,.,.,.,.,.,.,.,.,.,.,.,.,.,.,.,.,.,.,.,.,.,.,.,.,.,.,.,.,.,.,.,.,.,.,.,.,.,.,.,.
tests/test_bin_packing_example.py::TestBinPackingRunsInTheController::test_null_arm_stub_run_completes_and_writes_a_run_dir,no,.,.,.,.,.,.,.,.,.,.,.,.,.,.,.,.,.,.,.,.,.,.,.,.,.,.,.,.,.,.,.,.,.,.,.,.,.,.,.,.
tests/test_cvt.py::test_best_program_is_global_max,no,.,.,.,.,.,.,.,.,.,.,.,.,.,.,.,.,.,.,.,.,.,.,.,.,.,.,.,.,.,.,.,.,.,.,.,.,.,.,.,.
tests/test_cvt.py::test_cell_assignment_is_deterministic,no,.,.,.,.,.,.,.,.,.,.,.,.,.,.,.,.,.,.,.,.,.,.,.,.,.,.,.,.,.,.,.,.,.,.,.,.,.,.,.,.
tests/test_cvt.py::test_centroids_are_deterministic_pure_function,no,.,.,.,.,.,.,.,.,.,.,.,.,.,.,.,.,.,.,.,.,.,.,.,.,.,.,.,.,.,.,.,.,.,.,.,.,.,.,.,.
tests/test_cvt.py::test_checkpoint_file_round_trip,no,.,.,.,.,.,.,.,.,.,.,.,.,.,.,.,.,.,.,.,.,.,.,.,.,.,.,.,.,.,.,.,.,.,.,.,.,.,.,.,.
tests/test_cvt.py::test_duplicate_program_id_rejected,no,.,.,.,.,.,.,.,.,.,.,.,.,.,.,.,.,.,.,.,.,.,.,.,.,.,.,.,.,.,.,.,.,.,.,.,.,.,.,.,.
tests/test_cvt.py::test_elite_replacement_keeps_highest_fitness_per_cell,no,.,.,.,.,.,.,.,.,.,.,.,.,.,.,.,.,.,.,.,.,.,.,.,.,.,.,.,.,.,.,.,.,.,.,.,.,.,.,.,.
tests/test_cvt.py::test_keeps_whole_corpus_never_deletes,no,.,.,.,.,.,.,.,.,.,.,.,.,.,.,.,.,.,.,.,.,.,.,.,.,.,.,.,.,.,.,.,.,.,.,.,.,.,.,.,.
tests/test_cvt.py::test_public_interface_contains_no_island_named_members,no,.,.,.,.,.,.,.,.,.,.,.,.,.,.,.,.,.,.,.,.,.,.,.,.,.,.,.,.,.,.,.,.,.,.,.,.,.,.,.,.
tests/test_cvt.py::test_satisfies_population_store_protocol,no,.,.,.,.,.,.,.,.,.,.,.,.,.,.,.,.,.,.,.,.,.,.,.,.,.,.,.,.,.,.,.,.,.,.,.,.,.,.,.,.
tests/test_cvt.py::test_snapshot_distinguishes_local_and_global_scope,no,.,.,.,.,.,.,.,.,.,.,.,.,.,.,.,.,.,.,.,.,.,.,.,.,.,.,.,.,.,.,.,.,.,.,.,.,.,.,.,.
tests/test_cvt.py::test_state_is_json_serializable_and_round_trips_with_snapshot_equality,no,.,.,.,.,.,.,.,.,.,.,.,.,.,.,.,.,.,.,.,.,.,.,.,.,.,.,.,.,.,.,.,.,.,.,.,.,.,.,.,.
tests/test_cvt.py::test_substrate_makes_no_llm_calls,no,.,.,.,.,.,.,.,.,.,.,.,.,.,.,.,.,.,.,.,.,.,.,.,.,.,.,.,.,.,.,.,.,.,.,.,.,.,.,.,.
tests/test_cvt.py::test_topology_is_cvt_regions,no,.,.,.,.,.,.,.,.,.,.,.,.,.,.,.,.,.,.,.,.,.,.,.,.,.,.,.,.,.,.,.,.,.,.,.,.,.,.,.,.
tests/test_cvt_behavior.py::test_fixed_bounds_clips_to_unit_interval,no,.,.,.,.,.,.,.,.,.,.,.,.,.,.,.,.,.,.,.,.,.,.,.,.,.,.,.,.,.,.,.,.,.,.,.,.,.,.,.,.
tests/test_cvt_behavior.py::test_fixed_bounds_is_deterministic,no,.,.,.,.,.,.,.,.,.,.,.,.,.,.,.,.,.,.,.,.,.,.,.,.,.,.,.,.,.,.,.,.,.,.,.,.,.,.,.,.
tests/test_cvt_behavior.py::test_numeric_literals_counted_not_zeroed,no,.,.,.,.,.,.,.,.,.,.,.,.,.,.,.,.,.,.,.,.,.,.,.,.,.,.,.,.,.,.,.,.,.,.,.,.,.,.,.,.
tests/test_cvt_behavior.py::test_range_max_arg_and_math_operators,no,.,.,.,.,.,.,.,.,.,.,.,.,.,.,.,.,.,.,.,.,.,.,.,.,.,.,.,.,.,.,.,.,.,.,.,.,.,.,.,.
tests/test_cvt_behavior.py::test_unknown_feature_rejected,no,.,.,.,.,.,.,.,.,.,.,.,.,.,.,.,.,.,.,.,.,.,.,.,.,.,.,.,.,.,.,.,.,.,.,.,.,.,.,.,.
tests/test_cvt_behavior.py::test_unparseable_code_maps_to_neutral_centre,no,.,.,.,.,.,.,.,.,.,.,.,.,.,.,.,.,.,.,.,.,.,.,.,.,.,.,.,.,.,.,.,.,.,.,.,.,.,.,.,.
tests/test_cvt_controller.py::TestCVTControllerEndToEnd::test_checkpoint_resume_on_cvt,no,.,.,.,.,.,.,.,.,.,.,.,.,.,.,.,.,.,.,.,.,.,.,.,.,.,.,.,.,.,.,.,.,.,.,.,.,.,.,.,.
tests/test_cvt_controller.py::TestCVTControllerEndToEnd::test_null_arm_runs_end_to_end_on_cvt,no,.,.,.,.,.,.,.,.,.,.,.,.,.,.,.,.,.,.,.,.,.,.,.,.,.,.,.,.,.,.,.,.,.,.,.,.,.,.,.,.
tests/test_cvt_policy.py::test_composes_in_substrate_runtime,no,.,.,.,.,.,.,.,.,.,.,.,.,.,.,.,.,.,.,.,.,.,.,.,.,.,.,.,.,.,.,.,.,.,.,.,.,.,.,.,.
tests/test_cvt_policy.py::test_empty_archive_raises,no,.,.,.,.,.,.,.,.,.,.,.,.,.,.,.,.,.,.,.,.,.,.,.,.,.,.,.,.,.,.,.,.,.,.,.,.,.,.,.,.
tests/test_cvt_policy.py::test_policy_satisfies_protocol_and_capabilities,no,.,.,.,.,.,.,.,.,.,.,.,.,.,.,.,.,.,.,.,.,.,.,.,.,.,.,.,.,.,.,.,.,.,.,.,.,.,.,.,.
tests/test_cvt_policy.py::test_selection_is_deterministic_under_seed,no,.,.,.,.,.,.,.,.,.,.,.,.,.,.,.,.,.,.,.,.,.,.,.,.,.,.,.,.,.,.,.,.,.,.,.,.,.,.,.,.
tests/test_cvt_policy.py::test_state_dict_round_trips,no,.,.,.,.,.,.,.,.,.,.,.,.,.,.,.,.,.,.,.,.,.,.,.,.,.,.,.,.,.,.,.,.,.,.,.,.,.,.,.,.
tests/test_cvt_policy.py::test_ucb_stats_update_and_success_rate_influences_choice,no,.,.,.,.,.,.,.,.,.,.,.,.,.,.,.,.,.,.,.,.,.,.,.,.,.,.,.,.,.,.,.,.,.,.,.,.,.,.,.,.
tests/test_cvt_regions.py::TestCoordinationArmsOnGroupedCVT::test_hifo_runs_end_to_end_with_non_degenerate_local_cohort,no,.,.,.,.,.,.,.,.,.,.,.,.,.,.,.,.,.,.,.,.,.,.,.,.,.,.,.,.,.,.,.,.,.,.,.,.,.,.,.,.
tests/test_cvt_regions.py::TestCoordinationArmsOnGroupedCVT::test_pe_runs_end_to_end_on_a_grouped_store_too,no,.,.,.,.,.,.,.,.,.,.,.,.,.,.,.,.,.,.,.,.,.,.,.,.,.,.,.,.,.,.,.,.,.,.,.,.,.,.,.,.
tests/test_cvt_regions.py::TestCoordinationArmsOnGroupedCVT::test_pes_faithful_runs_end_to_end_with_non_degenerate_local_cohort,no,.,.,.,.,.,.,.,.,.,.,.,.,.,.,.,.,.,.,.,.,.,.,.,.,.,.,.,.,.,.,.,.,.,.,.,.,.,.,.,.
tests/test_cvt_regions.py::TestRegionGrouping::test_checkpoint_round_trip_preserves_grouping,no,.,.,.,.,.,.,.,.,.,.,.,.,.,.,.,.,.,.,.,.,.,.,.,.,.,.,.,.,.,.,.,.,.,.,.,.,.,.,.,.
tests/test_cvt_regions.py::TestRegionGrouping::test_default_ungrouped_is_unchanged,no,.,.,.,.,.,.,.,.,.,.,.,.,.,.,.,.,.,.,.,.,.,.,.,.,.,.,.,.,.,.,.,.,.,.,.,.,.,.,.,.
tests/test_cvt_regions.py::TestRegionGrouping::test_elites_and_top_programs_are_region_aware,no,.,.,.,.,.,.,.,.,.,.,.,.,.,.,.,.,.,.,.,.,.,.,.,.,.,.,.,.,.,.,.,.,.,.,.,.,.,.,.,.
tests/test_cvt_regions.py::TestRegionGrouping::test_grouped_store_covers_every_region_including_empty,no,.,.,.,.,.,.,.,.,.,.,.,.,.,.,.,.,.,.,.,.,.,.,.,.,.,.,.,.,.,.,.,.,.,.,.,.,.,.,.,.
tests/test_cvt_regions.py::TestRegionGrouping::test_num_regions_exceeding_n_centroids_rejected,no,.,.,.,.,.,.,.,.,.,.,.,.,.,.,.,.,.,.,.,.,.,.,.,.,.,.,.,.,.,.,.,.,.,.,.,.,.,.,.,.
tests/test_cvt_regions.py::TestRegionGrouping::test_pe_is_unaffected_by_region_grouping,no,.,.,.,.,.,.,.,.,.,.,.,.,.,.,.,.,.,.,.,.,.,.,.,.,.,.,.,.,.,.,.,.,.,.,.,.,.,.,.,.
tests/test_cvt_regions.py::TestRegionGrouping::test_region_cohort_is_non_degenerate,no,.,.,.,.,.,.,.,.,.,.,.,.,.,.,.,.,.,.,.,.,.,.,.,.,.,.,.,.,.,.,.,.,.,.,.,.,.,.,.,.
tests/test_cvt_regions.py::TestRegionGrouping::test_region_grouping_is_a_deterministic_pure_function,no,.,.,.,.,.,.,.,.,.,.,.,.,.,.,.,.,.,.,.,.,.,.,.,.,.,.,.,.,.,.,.,.,.,.,.,.,.,.,.,.
tests/test_cvt_regions.py::TestRegionGrouping::test_target_scope_rotates_through_regions,no,.,.,.,.,.,.,.,.,.,.,.,.,.,.,.,.,.,.,.,.,.,.,.,.,.,.,.,.,.,.,.,.,.,.,.,.,.,.,.,.
tests/test_escalation_controller.py::TestControllerEscalation::test_budget_fraction_escalates_after_the_fraction_is_spent,no,.,.,.,.,.,.,.,.,.,.,.,.,.,.,.,.,.,.,.,.,.,.,.,.,.,.,.,.,.,.,.,.,.,.,.,.,.,.,.,.
tests/test_escalation_controller.py::TestControllerEscalation::test_escalation_is_deterministic_under_seed,no,.,.,.,.,.,.,.,.,.,.,.,.,.,.,.,.,.,.,.,.,.,.,.,.,.,.,.,.,.,.,.,.,.,.,.,.,.,.,.,.
tests/test_escalation_controller.py::TestControllerEscalation::test_escalation_state_survives_checkpoint_resume,no,.,.,.,.,.,.,.,.,.,.,.,.,.,.,.,.,.,.,.,.,.,.,.,.,.,.,.,.,.,.,.,.,.,.,.,.,.,.,.,.
tests/test_escalation_controller.py::TestControllerEscalation::test_invalidity_trigger_is_wired,no,.,.,.,.,.,.,.,.,.,.,.,.,.,.,.,.,.,.,.,.,.,.,.,.,.,.,.,.,.,.,.,.,.,.,.,.,.,.,.,.
tests/test_escalation_controller.py::TestControllerEscalation::test_no_escalation_config_is_byte_identical,no,.,.,.,.,.,.,.,.,.,.,.,.,.,.,.,.,.,.,.,.,.,.,.,.,.,.,.,.,.,.,.,.,.,.,.,.,.,.,.,.
tests/test_escalation_controller.py::TestControllerEscalation::test_null_module_still_escalates,no,.,.,.,.,.,.,.,.,.,.,.,.,.,.,.,.,.,.,.,.,.,.,.,.,.,.,.,.,.,.,.,.,.,.,.,.,.,.,.,.
tests/test_escalation_policy.py::TestBurst::test_burst_lasts_exactly_burst_length_calls,no,.,.,.,.,.,.,.,.,.,.,.,.,.,.,.,.,.,.,.,.,.,.,.,.,.,.,.,.,.,.,.,.,.,.,.,.,.,.,.,.
tests/test_escalation_policy.py::TestBurst::test_trigger_returns_the_escalation_model,no,.,.,.,.,.,.,.,.,.,.,.,.,.,.,.,.,.,.,.,.,.,.,.,.,.,.,.,.,.,.,.,.,.,.,.,.,.,.,.,.
tests/test_escalation_policy.py::TestCheckpointRoundTrip::test_state_survives_serialization_mid_burst,no,.,.,.,.,.,.,.,.,.,.,.,.,.,.,.,.,.,.,.,.,.,.,.,.,.,.,.,.,.,.,.,.,.,.,.,.,.,.,.,.
tests/test_escalation_policy.py::TestCooldown::test_can_retrigger_after_cooldown_expires,no,.,.,.,.,.,.,.,.,.,.,.,.,.,.,.,.,.,.,.,.,.,.,.,.,.,.,.,.,.,.,.,.,.,.,.,.,.,.,.,.
tests/test_escalation_policy.py::TestCooldown::test_cooldown_blocks_retrigger,no,.,.,.,.,.,.,.,.,.,.,.,.,.,.,.,.,.,.,.,.,.,.,.,.,.,.,.,.,.,.,.,.,.,.,.,.,.,.,.,.
tests/test_escalation_policy.py::TestDeterminism::test_random_trigger_actually_fires_sometimes,no,.,.,.,.,.,.,.,.,.,.,.,.,.,.,.,.,.,.,.,.,.,.,.,.,.,.,.,.,.,.,.,.,.,.,.,.,.,.,.,.
tests/test_escalation_policy.py::TestDeterminism::test_random_trigger_is_deterministic_under_seed,no,.,.,.,.,.,.,.,.,.,.,.,.,.,.,.,.,.,.,.,.,.,.,.,.,.,.,.,.,.,.,.,.,.,.,.,.,.,.,.,.
tests/test_escalation_policy.py::TestNoTrigger::test_condition_not_met_never_escalates,no,.,.,.,.,.,.,.,.,.,.,.,.,.,.,.,.,.,.,.,.,.,.,.,.,.,.,.,.,.,.,.,.,.,.,.,.,.,.,.,.
tests/test_escalation_policy.py::TestNoTrigger::test_no_escalation_model_disables_escalation,no,.,.,.,.,.,.,.,.,.,.,.,.,.,.,.,.,.,.,.,.,.,.,.,.,.,.,.,.,.,.,.,.,.,.,.,.,.,.,.,.
tests/test_escalation_policy.py::TestTriggers::test_budget_fraction_triggers_at_or_above_fraction,no,.,.,.,.,.,.,.,.,.,.,.,.,.,.,.,.,.,.,.,.,.,.,.,.,.,.,.,.,.,.,.,.,.,.,.,.,.,.,.,.
tests/test_escalation_policy.py::TestTriggers::test_diversity_does_not_trigger_when_variance_high,no,.,.,.,.,.,.,.,.,.,.,.,.,.,.,.,.,.,.,.,.,.,.,.,.,.,.,.,.,.,.,.,.,.,.,.,.,.,.,.,.
tests/test_escalation_policy.py::TestTriggers::test_diversity_triggers_when_variance_low,no,.,.,.,.,.,.,.,.,.,.,.,.,.,.,.,.,.,.,.,.,.,.,.,.,.,.,.,.,.,.,.,.,.,.,.,.,.,.,.,.
tests/test_escalation_policy.py::TestTriggers::test_invalidity_does_not_trigger_below_threshold,no,.,.,.,.,.,.,.,.,.,.,.,.,.,.,.,.,.,.,.,.,.,.,.,.,.,.,.,.,.,.,.,.,.,.,.,.,.,.,.,.
tests/test_escalation_policy.py::TestTriggers::test_invalidity_triggers_above_threshold,no,.,.,.,.,.,.,.,.,.,.,.,.,.,.,.,.,.,.,.,.,.,.,.,.,.,.,.,.,.,.,.,.,.,.,.,.,.,.,.,.
tests/test_escalation_policy.py::TestTriggers::test_plateau_does_not_trigger_while_improving,no,.,.,.,.,.,.,.,.,.,.,.,.,.,.,.,.,.,.,.,.,.,.,.,.,.,.,.,.,.,.,.,.,.,.,.,.,.,.,.,.
tests/test_escalation_policy.py::TestTriggers::test_plateau_needs_a_full_window_of_history,no,.,.,.,.,.,.,.,.,.,.,.,.,.,.,.,.,.,.,.,.,.,.,.,.,.,.,.,.,.,.,.,.,.,.,.,.,.,.,.,.
tests/test_escalation_policy.py::TestTriggers::test_plateau_triggers_when_best_is_flat_over_window,no,.,.,.,.,.,.,.,.,.,.,.,.,.,.,.,.,.,.,.,.,.,.,.,.,.,.,.,.,.,.,.,.,.,.,.,.,.,.,.,.
tests/test_escalation_policy.py::TestTriggers::test_random_trigger_respects_probability_one,no,.,.,.,.,.,.,.,.,.,.,.,.,.,.,.,.,.,.,.,.,.,.,.,.,.,.,.,.,.,.,.,.,.,.,.,.,.,.,.,.
tests/test_escalation_policy.py::TestTriggers::test_random_trigger_respects_probability_zero,no,.,.,.,.,.,.,.,.,.,.,.,.,.,.,.,.,.,.,.,.,.,.,.,.,.,.,.,.,.,.,.,.,.,.,.,.,.,.,.,.
tests/test_noema_agent_arm_sweep.py::TestBanditSurfacesItsOperatorChoice::test_the_attempt_runs_the_operator_the_bandit_drew,no,.,.,.,.,.,.,.,.,.,.,.,.,.,.,.,.,.,.,.,.,.,.,.,.,.,.,.,.,.,.,.,.,.,.,.,.,.,.,.,K
tests/test_noema_agent_arm_sweep.py::TestBriefCarriesArmGuidance::test_hifo_and_pes_custom_put_guidance_under_the_delimiter,no,.,.,.,.,.,.,.,.,.,.,.,.,.,.,.,.,.,.,.,.,.,.,.,.,.,.,.,.,.,.,.,.,.,.,.,.,.,K,.,K
tests/test_noema_agent_arm_sweep.py::TestBriefCarriesArmGuidance::test_null_leaves_no_coordination_section,no,.,.,.,.,.,.,.,.,.,.,.,.,.,.,.,.,.,.,.,.,.,.,.,.,.,.,.,.,.,.,.,.,.,.,.,.,.,.,.,K
tests/test_noema_agent_arm_sweep.py::TestBriefCarriesArmGuidance::test_pes_faithful_uses_full_executor_prompt_without_suffix_header,no,.,.,.,.,.,.,.,.,.,.,.,.,.,.,.,.,.,.,.,.,.,.,.,.,.,.,.,.,.,.,.,.,.,.,.,.,.,.,.,.
tests/test_noema_agent_arm_sweep.py::TestEveryArmFiresPerChildHooks::test_every_registry_arm_participates_in_one_accepted_child,no,.,.,.,.,.,.,.,.,.,.,.,K,.,.,.,.,.,.,.,.,.,.,.,.,.,.,.,.,.,K,.,.,.,.,.,.,.,.,.,K
tests/test_noema_agent_arm_sweep.py::TestEveryArmGetsAGenerationTick::test_every_registry_arm_receives_the_host_fired_tick,no,.,.,.,.,.,.,.,.,.,.,.,.,.,.,.,.,.,.,.,.,.,.,.,.,.,.,.,.,.,.,.,.,.,.,.,.,.,.,.,K
tests/test_noema_agent_arm_sweep.py::TestPEProposalsAreHostEvaluated::test_pe_proposals_land_in_the_store_after_the_tick,no,.,.,.,.,.,.,.,.,.,.,.,.,.,.,.,.,.,.,.,.,.,.,.,.,.,.,.,.,.,.,.,.,.,.,.,.,.,.,.,K
tests/test_noema_agent_burst_driver.py::TestRunAgentMode::test_no_accepted_child_is_bounded_by_max_iterations,no,.,.,.,.,.,.,.,.,.,.,.,.,.,.,.,.,.,.,.,.,.,.,.,.,.,.,.,.,.,.,.,.,.,.,.,.,.,.,.,.
tests/test_noema_agent_burst_driver.py::TestRunAgentMode::test_no_generation_tick_before_cadence,no,.,.,.,.,.,.,.,.,.,.,.,.,.,.,.,.,.,.,.,.,.,.,.,.,.,.,.,.,.,.,.,.,.,.,.,.,.,.,.,K
tests/test_noema_agent_burst_driver.py::TestRunAgentMode::test_run_agent_mode_generation_boundary_fires_tick,no,.,.,.,.,.,.,.,.,.,.,.,K,.,.,.,.,.,.,.,.,.,.,.,.,.,.,.,.,.,K,.,.,.,.,.,.,.,.,.,K
tests/test_noema_agent_burst_driver.py::TestRunAgentMode::test_run_agent_mode_pe_inserts_after_generation,no,.,.,.,.,.,.,.,.,.,.,.,.,.,.,.,.,.,.,.,.,.,.,.,.,.,.,.,.,.,.,.,.,.,.,.,.,.,.,.,K
tests/test_noema_agent_burst_driver.py::TestRunAgentMode::test_run_agent_mode_reaches_stop_children,no,.,.,.,.,.,.,.,.,.,.,.,.,.,.,.,.,.,.,.,.,.,.,.,.,.,.,.,.,.,.,.,.,.,.,.,.,.,.,.,K
tests/test_noema_agent_burst_driver.py::TestRunAgentModeSubstrateSmoke::test_factory_built_session_run_agent_mode,no,.,.,.,.,.,.,.,.,.,.,.,.,.,.,.,.,.,.,.,.,.,.,.,.,.,.,.,.,.,.,.,.,.,.,.,.,.,.,.,K
tests/test_noema_agent_burst_driver.py::TestRunAgentModeSubstrateSmoke::test_islands_target_scope_cycles_under_burst_driver,no,.,.,.,.,.,.,.,.,.,.,.,.,.,.,.,.,.,.,.,.,.,.,.,.,.,.,.,.,.,.,.,.,.,.,.,.,.,.,.,K
tests/test_noema_agent_cli_backends.py::TestCliCommandBuilders::test_agent_argv_uses_print_and_workspace,no,.,.,.,.,.,.,.,.,.,.,.,.,.,.,.,.,.,.,.,.,.,.,.,.,.,.,.,.,.,.,.,.,.,.,.,.,.,.,.,.
tests/test_noema_agent_cli_backends.py::TestCliCommandBuilders::test_claude_argv_uses_print_and_system_file,no,.,.,.,.,.,.,.,.,.,.,.,.,.,.,.,.,.,.,.,.,.,.,.,.,.,.,.,.,.,.,.,.,.,.,.,.,.,.,.,.
tests/test_noema_agent_cli_backends.py::TestCliCommandBuilders::test_codex_argv_uses_exec_and_workspace,no,.,.,.,.,.,.,.,.,.,.,.,.,.,.,.,.,.,.,.,.,.,.,.,.,.,.,.,.,.,.,.,.,.,.,.,.,.,.,.,.
tests/test_noema_agent_cli_backends.py::TestCliCommandBuilders::test_envelope_names_absolute_deliverable,no,.,.,.,.,.,.,.,.,.,.,.,.,.,.,.,.,.,.,.,.,.,.,.,.,.,.,.,.,.,.,.,.,.,.,.,.,.,.,.,.
tests/test_noema_agent_cli_backends.py::TestCliCommandBuilders::test_every_supported_cli_accepts_model_override,no,.,.,.,.,.,.,.,.,.,.,.,.,.,.,.,.,.,.,.,.,.,.,.,.,.,.,.,.,.,.,.,.,.,.,.,.,.,.,.,.
tests/test_noema_agent_cli_backends.py::TestCliCommandBuilders::test_every_supported_cli_attaches_mcp_config,no,.,.,.,.,.,.,.,.,.,.,.,.,.,.,.,.,.,.,.,.,.,.,.,.,.,.,.,.,.,.,.,.,.,.,.,.,.,.,.,.
tests/test_noema_agent_cli_backends.py::TestCliCommandBuilders::test_opencode_argv_uses_run_auto_and_dir,no,.,.,.,.,.,.,.,.,.,.,.,.,.,.,.,.,.,.,.,.,.,.,.,.,.,.,.,.,.,.,.,.,.,.,.,.,.,.,.,.
tests/test_noema_agent_cli_backends.py::TestCliCommandBuilders::test_supported_kinds,no,.,.,.,.,.,.,.,.,.,.,.,.,.,.,.,.,.,.,.,.,.,.,.,.,.,.,.,.,.,.,.,.,.,.,.,.,.,.,.,.
tests/test_noema_agent_cli_backends.py::TestMaterializeChildCode::test_diff_mode_applies_search_replace,no,.,.,.,.,.,.,.,.,.,.,.,.,.,.,.,.,.,.,.,.,.,.,.,.,.,.,.,.,.,.,.,.,.,.,.,.,.,.,.,.
tests/test_noema_agent_cli_backends.py::TestMaterializeChildCode::test_diff_mode_falls_back_to_full_file,no,.,.,.,.,.,.,.,.,.,.,.,.,.,.,.,.,.,.,.,.,.,.,.,.,.,.,.,.,.,.,.,.,.,.,.,.,.,.,.,.
tests/test_noema_agent_cli_backends.py::TestMaterializeChildCode::test_full_rewrite_accepts_fenced_or_raw,no,.,.,.,.,.,.,.,.,.,.,.,.,.,.,.,.,.,.,.,.,.,.,.,.,.,.,.,.,.,.,.,.,.,.,.,.,.,.,.,.
tests/test_noema_agent_config.py::TestAgentConfig::test_bad_active_coordination_cli_kind_rejected,no,.,.,.,.,.,.,.,.,.,.,.,.,.,.,.,.,.,.,.,.,.,.,.,.,.,.,.,.,.,.,.,.,.,.,.,.,.,.,.,.
tests/test_noema_agent_config.py::TestAgentConfig::test_bad_active_mutation_cli_kind_rejected,no,.,.,.,.,.,.,.,.,.,.,.,.,.,.,.,.,.,.,.,.,.,.,.,.,.,.,.,.,.,.,.,.,.,.,.,.,.,.,.,.
tests/test_noema_agent_config.py::TestAgentConfig::test_bad_coordination_depth_rejected,no,.,.,.,.,.,.,.,.,.,.,.,.,.,.,.,.,.,.,.,.,.,.,.,.,.,.,.,.,.,.,.,.,.,.,.,.,.,.,.,.
tests/test_noema_agent_config.py::TestAgentConfig::test_bad_mutation_depth_rejected,no,.,.,.,.,.,.,.,.,.,.,.,.,.,.,.,.,.,.,.,.,.,.,.,.,.,.,.,.,.,.,.,.,.,.,.,.,.,.,.,.
tests/test_noema_agent_config.py::TestAgentConfig::test_cli_bootstrap_constructs_complete_overlay_once,no,.,.,.,.,.,.,.,.,.,.,.,.,.,.,.,.,.,.,.,.,.,.,.,.,.,.,.,.,.,.,.,.,.,.,.,.,.,.,.,.
tests/test_noema_agent_config.py::TestAgentConfig::test_cli_bootstrap_preserves_canonical_yaml,no,.,.,.,.,.,.,.,.,.,.,.,.,.,.,.,.,.,.,.,.,.,.,.,.,.,.,.,.,.,.,.,.,.,.,.,.,.,.,.,.
tests/test_noema_agent_config.py::TestAgentConfig::test_factory_emits_transport_difference_warnings,no,.,.,.,.,.,.,.,.,.,.,.,.,.,.,.,.,.,.,.,.,.,.,.,.,.,.,.,.,.,.,.,.,.,.,.,.,.,.,.,.
tests/test_noema_agent_config.py::TestAgentConfig::test_factory_passes_canonical_config_without_projection,no,.,.,.,.,.,.,.,.,.,.,.,.,.,.,.,.,.,.,.,.,.,.,.,.,.,.,.,.,.,.,.,.,.,.,.,.,.,.,.,.
tests/test_noema_agent_config.py::TestAgentConfig::test_inactive_coordination_cli_is_warning_not_error,no,.,.,.,.,.,.,.,.,.,.,.,.,.,.,.,.,.,.,.,.,.,.,.,.,.,.,.,.,.,.,.,.,.,.,.,.,.,.,.,.
tests/test_noema_agent_config.py::TestAgentConfig::test_stop_children_overlay_does_not_mutate_canonical_limit,no,.,.,.,.,.,.,.,.,.,.,.,.,.,.,.,.,.,.,.,.,.,.,.,.,.,.,.,.,.,.,.,.,.,.,.,.,.,.,.,.
tests/test_noema_agent_config.py::TestAgentConfig::test_valid_config_passes,no,.,.,.,.,.,.,.,.,.,.,.,.,.,.,.,.,.,.,.,.,.,.,.,.,.,.,.,.,.,.,.,.,.,.,.,.,.,.,.,.
tests/test_noema_agent_config.py::TestCreateAgentSession::test_deep_mutation_builds_bound_cli_backend,no,.,.,.,.,.,.,.,.,.,.,.,.,.,.,.,.,.,.,.,.,.,.,.,.,.,.,.,.,.,.,.,.,.,.,.,.,.,.,.,.
tests/test_noema_agent_config.py::TestCreateAgentSession::test_factory_accepts_one_child_with_fake_backend,no,.,.,.,.,.,.,.,.,.,.,.,.,.,.,.,.,.,.,.,.,.,.,.,.,.,.,.,.,.,.,.,.,.,.,.,.,.,.,.,.
tests/test_noema_agent_config.py::TestCreateAgentSession::test_factory_deep_coordination_wraps_llm,no,.,.,.,.,.,.,.,.,.,.,.,.,.,.,.,.,.,.,.,.,.,.,.,.,.,.,.,.,.,.,.,.,.,.,.,.,.,.,.,.
tests/test_noema_agent_config.py::TestCreateAgentSession::test_factory_shallow_coordination_uses_budgeted_llm,no,.,.,.,.,.,.,.,.,.,.,.,.,.,.,.,.,.,.,.,.,.,.,.,.,.,.,.,.,.,.,.,.,.,.,.,.,.,.,.,.
tests/test_noema_agent_config.py::TestCreateAgentSession::test_mutation_cli_timeout_reaches_each_request,no,.,.,.,.,.,.,.,.,.,.,.,.,.,.,.,.,.,.,.,.,.,.,.,.,.,.,.,.,.,.,.,.,.,.,.,.,.,.,.,.
tests/test_noema_agent_config.py::TestCreateAgentSession::test_shallow_mutation_builds_unbound_cli_backend,no,.,.,.,.,.,.,.,.,.,.,.,.,.,.,.,.,.,.,.,.,.,.,.,.,.,.,.,.,.,.,.,.,.,.,.,.,.,.,.,.
tests/test_noema_agent_run_mutation.py::TestAgentEscalation::test_budget_fraction_warns_and_disables_escalation,no,.,.,.,.,.,.,.,.,.,.,.,.,.,.,.,.,.,.,.,.,.,.,.,.,.,.,.,.,.,.,.,.,.,.,.,.,.,.,.,.
tests/test_noema_agent_run_mutation.py::TestAgentEscalation::test_random_escalation_reaches_mutation_request_model,no,.,.,.,.,.,.,.,.,.,.,.,.,.,.,.,.,.,.,.,.,.,.,.,.,.,.,.,.,.,.,.,.,.,.,.,.,.,.,.,.
tests/test_noema_agent_run_mutation.py::TestAgentEscalation::test_random_escalation_sequence_is_seed_deterministic,no,.,.,.,.,.,.,.,.,.,.,.,.,.,.,.,.,.,.,.,.,.,.,.,.,.,.,.,.,.,.,.,.,.,.,.,.,.,.,.,.
tests/test_noema_agent_run_mutation.py::TestAttemptTraceAndArtifacts::test_backend_failure_writes_trace_without_population_write,no,.,.,.,.,.,.,.,.,.,.,.,.,.,.,.,.,.,.,.,.,.,.,.,.,.,.,.,.,.,.,.,.,.,.,.,.,.,.,.,.
tests/test_noema_agent_run_mutation.py::TestAttemptTraceAndArtifacts::test_unparseable_deliverable_writes_trace_without_population_write,no,.,.,.,.,.,.,.,.,.,.,.,.,.,.,.,.,.,.,.,.,.,.,.,.,.,.,.,.,.,.,.,.,.,.,.,.,.,.,.,.
tests/test_noema_agent_run_mutation.py::TestCliMutationBackendContract::test_configured_cli_model_is_the_fallback,no,.,.,.,.,.,.,.,.,.,.,.,.,.,.,.,.,.,.,.,.,.,.,.,.,.,.,.,.,.,.,.,.,.,.,.,.,.,.,.,.
tests/test_noema_agent_run_mutation.py::TestCliMutationBackendContract::test_missing_deliverable_is_mutation_failure,no,.,.,.,.,.,.,.,.,.,.,.,.,.,.,.,.,.,.,.,.,.,.,.,.,.,.,.,.,.,.,.,.,.,.,.,.,.,.,.,.
tests/test_noema_agent_run_mutation.py::TestCliMutationBackendContract::test_per_call_model_overrides_configured_cli_model,no,.,.,.,.,.,.,.,.,.,.,.,.,.,.,.,.,.,.,.,.,.,.,.,.,.,.,.,.,.,.,.,.,.,.,.,.,.,.,.,.
tests/test_noema_agent_run_mutation.py::TestCliMutationBackendContract::test_stub_executable_writing_child_is_read_as_success,no,.,.,.,.,.,.,.,.,.,.,.,.,.,.,.,.,.,.,.,.,.,.,.,.,.,.,.,.,.,.,.,.,.,.,.,.,.,.,.,.
tests/test_noema_agent_run_mutation.py::TestMaterializeThroughRunMutation::test_diff_deliverable_is_applied_before_admission,no,.,.,.,.,.,.,.,.,.,.,.,.,.,.,.,.,.,.,.,.,.,.,.,.,.,.,.,.,.,.,.,.,.,.,.,.,.,.,.,.
tests/test_noema_agent_run_mutation.py::TestMutationLayoutIsHostOwned::test_brief_is_host_assembled_prompt_not_a_path_instruction,no,.,.,.,.,.,.,.,.,.,.,.,.,.,.,.,.,.,.,.,.,.,.,.,.,.,.,.,.,.,.,.,.,.,.,.,.,.,.,.,.
tests/test_noema_agent_run_mutation.py::TestMutationLayoutIsHostOwned::test_mutation_writes_deliverable_under_output_dir_layout,no,.,.,.,.,.,.,.,.,.,.,.,.,.,.,.,.,.,.,.,.,.,.,.,.,.,.,.,.,.,.,.,.,.,.,.,.,.,.,.,.
tests/test_noema_agent_run_mutation.py::TestMutationLayoutIsHostOwned::test_paths_are_deterministic_under_output_dir,no,.,.,.,.,.,.,.,.,.,.,.,.,.,.,.,.,.,.,.,.,.,.,.,.,.,.,.,.,.,.,.,.,.,.,.,.,.,.,.,.
tests/test_noema_agent_run_mutation.py::TestRunMutationAccept::test_fake_backend_child_is_evaluated_stored_and_reported,no,.,.,.,.,.,.,.,.,.,.,.,.,.,.,.,.,.,.,.,.,.,.,.,.,.,.,.,.,.,.,.,.,.,.,.,.,.,.,.,.
tests/test_noema_agent_run_mutation.py::TestRunMutationBackendFailure::test_backend_failure_does_not_touch_the_store,no,.,.,.,.,.,.,.,.,.,.,.,.,.,.,.,.,.,.,.,.,.,.,.,.,.,.,.,.,.,.,.,.,.,.,.,.,.,.,.,.
tests/test_noema_agent_run_mutation.py::TestRunMutationRejectAndRetry::test_bad_code_is_rejected_then_the_next_attempt_retries_the_same_target,no,.,.,.,.,.,.,.,.,.,.,.,.,.,.,.,.,.,.,.,.,.,.,.,.,.,.,.,.,.,.,.,.,.,.,.,.,.,.,.,.
tests/test_noema_attempt_trace.py::TestAttemptTraceWriter::test_binary_artifacts_are_reversibly_encoded,no,.,.,.,.,.,.,.,.,.,.,.,.,.,.,.,.,.,.,.,.,.,.,.,.,.,.,.,.,.,.,.,.,.,.,.,.,.,.,.,.
tests/test_noema_attempt_trace.py::TestAttemptTraceWriter::test_dirty_digest_changes_when_dirty_contents_change,no,.,.,.,.,.,.,.,.,.,.,.,.,.,.,.,.,.,.,.,.,.,.,.,.,.,.,.,.,.,.,.,.,.,.,.,.,.,.,.,.
tests/test_noema_attempt_trace.py::TestAttemptTraceWriter::test_rejects_unknown_outcome,no,.,.,.,.,.,.,.,.,.,.,.,.,.,.,.,.,.,.,.,.,.,.,.,.,.,.,.,.,.,.,.,.,.,.,.,.,.,.,.,.
tests/test_noema_attempt_trace.py::TestAttemptTraceWriter::test_writes_one_complete_json_record_and_flushes_it,no,.,.,.,.,.,.,.,.,.,.,.,.,.,.,.,.,.,.,.,.,.,.,.,.,.,.,.,.,.,.,.,.,.,.,.,.,.,.,.,.
tests/test_noema_bandit.py::TestBanditDeterminism::test_checkpoint_state_roundtrips,no,.,.,.,.,.,.,.,.,.,.,.,.,.,.,.,.,.,.,.,.,.,.,.,.,.,.,.,.,.,.,.,.,.,.,.,.,.,.,.,.
tests/test_noema_bandit.py::TestBanditDeterminism::test_same_seed_same_operator_sequence_and_state,no,.,.,.,.,.,.,.,.,.,.,.,.,.,.,.,.,.,.,.,.,.,.,.,.,.,.,.,.,.,.,.,.,.,.,.,.,.,.,.,K
tests/test_noema_bandit.py::TestBanditIsZeroToken::test_bandit_runs_end_to_end_and_steers_operators,no,.,.,.,.,.,.,.,.,.,.,.,.,.,.,.,.,.,.,.,.,.,.,.,.,.,.,.,.,.,.,.,.,.,.,.,.,.,.,.,K
tests/test_noema_bandit.py::TestBanditIsZeroToken::test_no_coordination_account_spend_over_a_full_run,no,.,.,.,.,.,.,.,.,.,.,.,.,.,.,.,.,.,.,.,.,.,.,.,.,.,.,.,.,.,.,.,.,.,.,.,.,.,.,.,K
tests/test_noema_bandit.py::TestOtherArmsUnchanged::test_empty_request_leaves_operator_rng_draw_identical,no,.,.,.,.,.,.,.,.,.,.,.,.,.,.,.,.,.,.,.,.,.,.,.,.,.,.,.,.,.,.,.,.,.,.,.,.,.,.,.,K
tests/test_noema_bandit.py::TestUCBPrefersBestOperator::test_converges_to_the_best_rewarding_arm_on_a_stationary_bandit,no,.,.,.,.,.,.,.,.,.,.,.,.,.,.,.,.,.,.,.,.,.,.,.,.,.,.,.,.,.,.,.,.,.,.,.,.,.,.,.,.
tests/test_noema_bandit.py::TestUCBPrefersBestOperator::test_pulls_every_arm_before_exploiting,no,.,.,.,.,.,.,.,.,.,.,.,.,.,.,.,.,.,.,.,.,.,.,.,.,.,.,.,.,.,.,.,.,.,.,.,.,.,.,.,.
tests/test_noema_boltzmann_fidelity_spec.py::TestNoemaBoltzmannPolicyHostSpec::test_accepted_child_applies_verified_heredity_formula_once,no,.,.,.,.,.,.,.,.,.,.,.,.,.,.,.,.,.,.,.,.,.,.,.,.,.,.,.,.,.,.,.,.,.,.,.,.,.,.,.,.
tests/test_noema_boltzmann_fidelity_spec.py::TestNoemaBoltzmannPolicyHostSpec::test_empty_target_uses_noema_global_bootstrap_fallback,no,.,.,.,.,.,.,.,.,.,.,.,.,.,.,.,.,.,.,.,.,.,.,.,.,.,.,.,.,.,.,.,.,.,.,.,.,.,.,.,.
tests/test_noema_boltzmann_fidelity_spec.py::TestNoemaBoltzmannPolicyHostSpec::test_failed_or_rejected_attempt_does_not_update_heredity,no,.,.,.,.,.,.,.,.,.,.,.,.,.,.,.,.,.,.,.,.,.,.,.,.,.,.,.,.,.,.,.,.,.,.,.,.,.,.,.,.
tests/test_noema_boltzmann_fidelity_spec.py::TestNoemaBoltzmannPolicyHostSpec::test_inspirations_are_uniform_without_replacement,no,.,.,.,.,.,.,.,.,.,.,.,.,.,.,.,.,.,.,.,.,.,.,.,.,.,.,.,.,.,.,.,.,.,.,.,.,.,.,.,.
tests/test_noema_boltzmann_fidelity_spec.py::TestNoemaBoltzmannPolicyHostSpec::test_state_is_json_safe_and_resume_trace_is_identical,no,.,.,.,.,.,.,.,.,.,.,.,.,.,.,.,.,.,.,.,.,.,.,.,.,.,.,.,.,.,.,.,.,.,.,.,.,.,.,.,.
tests/test_noema_boltzmann_fidelity_spec.py::TestReleasedBoltzmannKernelSpec::test_diversity_formula_matches_released_wheel,no,.,.,.,.,.,.,.,.,.,.,.,.,.,.,.,.,.,.,.,.,.,.,.,.,.,.,.,.,.,.,.,.,.,.,.,.,.,.,.,.
tests/test_noema_boltzmann_fidelity_spec.py::TestReleasedBoltzmannKernelSpec::test_released_elite_membership_quirk_is_pinned,no,.,.,.,.,.,.,.,.,.,.,.,.,.,.,.,.,.,.,.,.,.,.,.,.,.,.,.,.,.,.,.,.,.,.,.,.,.,.,.,.
tests/test_noema_boltzmann_fidelity_spec.py::TestReleasedBoltzmannKernelSpec::test_sampling_weight_multiplies_stable_boltzmann_probability,no,.,.,.,.,.,.,.,.,.,.,.,.,.,.,.,.,.,.,.,.,.,.,.,.,.,.,.,.,.,.,.,.,.,.,.,.,.,.,.,.
tests/test_noema_boltzmann_fidelity_spec.py::TestReleasedBoltzmannKernelSpec::test_seeded_trace_matches_released_wheel,no,.,.,.,.,.,.,.,.,.,.,.,.,.,.,.,.,.,.,.,.,.,.,.,.,.,.,.,.,.,.,.,.,.,.,.,.,.,.,.,.
tests/test_noema_boltzmann_fidelity_spec.py::TestReleasedBoltzmannKernelSpec::test_temperature_formula_matches_released_wheel,no,.,.,.,.,.,.,.,.,.,.,.,.,.,.,.,.,.,.,.,.,.,.,.,.,.,.,.,.,.,.,.,.,.,.,.,.,.,.,.,.
tests/test_noema_boltzmann_fidelity_spec.py::TestReleasedStagnationSpec::test_recent_history_means_five_solutions_and_four_deltas,no,.,.,.,.,.,.,.,.,.,.,.,.,.,.,.,.,.,.,.,.,.,.,.,.,.,.,.,.,.,.,.,.,.,.,.,.,.,.,.,.
tests/test_noema_boltzmann_fidelity_spec.py::TestReleasedStagnationSpec::test_released_empty_history_and_cap_behavior_are_pinned,no,.,.,.,.,.,.,.,.,.,.,.,.,.,.,.,.,.,.,.,.,.,.,.,.,.,.,.,.,.,.,.,.,.,.,.,.,.,.,.,.
tests/test_noema_boltzmann_fidelity_spec.py::TestReleasedStagnationSpec::test_released_hard_branch_is_unreachable,no,.,.,.,.,.,.,.,.,.,.,.,.,.,.,.,.,.,.,.,.,.,.,.,.,.,.,.,.,.,.,.,.,.,.,.,.,.,.,.,.
tests/test_noema_budget_ledger.py::TestRetrySpendMetering::test_budget_exhausted_mid_retry_stops_cleanly,no,.,.,.,.,.,.,.,.,.,.,.,.,.,.,.,.,.,.,.,.,.,.,.,.,.,.,.,.,.,.,.,.,.,.,.,.,.,.,.,.
tests/test_noema_budget_ledger.py::TestRetrySpendMetering::test_each_retry_attempt_metered_per_attempt,no,.,.,.,.,.,.,.,.,.,.,.,.,.,.,.,.,.,.,.,.,.,.,.,.,.,.,.,.,.,.,.,.,.,.,.,.,.,.,.,.
tests/test_noema_budget_ledger.py::TestTokenLedger::test_account_cap_limits_below_pool,no,.,.,.,.,.,.,.,.,.,.,.,.,.,.,.,.,.,.,.,.,.,.,.,.,.,.,.,.,.,.,.,.,.,.,.,.,.,.,.,.
tests/test_noema_budget_ledger.py::TestTokenLedger::test_charge_and_spent_per_account,no,.,.,.,.,.,.,.,.,.,.,.,.,.,.,.,.,.,.,.,.,.,.,.,.,.,.,.,.,.,.,.,.,.,.,.,.,.,.,.,.
tests/test_noema_budget_ledger.py::TestTokenLedger::test_charge_assigns_stable_sequential_call_ids,no,.,.,.,.,.,.,.,.,.,.,.,.,.,.,.,.,.,.,.,.,.,.,.,.,.,.,.,.,.,.,.,.,.,.,.,.,.,.,.,.
tests/test_noema_budget_ledger.py::TestTokenLedger::test_charge_never_raises_and_can_go_negative,no,.,.,.,.,.,.,.,.,.,.,.,.,.,.,.,.,.,.,.,.,.,.,.,.,.,.,.,.,.,.,.,.,.,.,.,.,.,.,.,.
tests/test_noema_budget_ledger.py::TestTokenLedger::test_ensure_raises_on_account_cap,no,.,.,.,.,.,.,.,.,.,.,.,.,.,.,.,.,.,.,.,.,.,.,.,.,.,.,.,.,.,.,.,.,.,.,.,.,.,.,.,.
tests/test_noema_budget_ledger.py::TestTokenLedger::test_ensure_raises_when_pool_exhausted,no,.,.,.,.,.,.,.,.,.,.,.,.,.,.,.,.,.,.,.,.,.,.,.,.,.,.,.,.,.,.,.,.,.,.,.,.,.,.,.,.
tests/test_noema_budget_ledger.py::TestTokenLedger::test_invalid_budget_rejected,no,.,.,.,.,.,.,.,.,.,.,.,.,.,.,.,.,.,.,.,.,.,.,.,.,.,.,.,.,.,.,.,.,.,.,.,.,.,.,.,.
tests/test_noema_budget_ledger.py::TestTokenLedger::test_jsonl_log_written,no,.,.,.,.,.,.,.,.,.,.,.,.,.,.,.,.,.,.,.,.,.,.,.,.,.,.,.,.,.,.,.,.,.,.,.,.,.,.,.,.
tests/test_noema_budget_ledger.py::TestTokenLedger::test_per_account_cap_message_still_names_the_account,no,.,.,.,.,.,.,.,.,.,.,.,.,.,.,.,.,.,.,.,.,.,.,.,.,.,.,.,.,.,.,.,.,.,.,.,.,.,.,.,.
tests/test_noema_budget_ledger.py::TestTokenLedger::test_shared_pool_across_accounts,no,.,.,.,.,.,.,.,.,.,.,.,.,.,.,.,.,.,.,.,.,.,.,.,.,.,.,.,.,.,.,.,.,.,.,.,.,.,.,.,.
tests/test_noema_budget_ledger.py::TestTokenLedger::test_shared_pool_exhaustion_does_not_blame_the_asking_account,no,.,.,.,.,.,.,.,.,.,.,.,.,.,.,.,.,.,.,.,.,.,.,.,.,.,.,.,.,.,.,.,.,.,.,.,.,.,.,.,.
tests/test_noema_budget_ledger.py::TestTokenLedger::test_snapshot_restore_round_trip,no,.,.,.,.,.,.,.,.,.,.,.,.,.,.,.,.,.,.,.,.,.,.,.,.,.,.,.,.,.,.,.,.,.,.,.,.,.,.,.,.
tests/test_noema_budgeted_llm.py::TestBudgetedLLM::test_all_retries_fail_raises_last_error,no,.,.,.,.,.,.,.,.,.,.,.,.,.,.,.,.,.,.,.,.,.,.,.,.,.,.,.,.,.,.,.,.,.,.,.,.,.,.,.,.
tests/test_noema_budgeted_llm.py::TestBudgetedLLM::test_generate_wraps_prompt_as_user_message,no,.,.,.,.,.,.,.,.,.,.,.,.,.,.,.,.,.,.,.,.,.,.,.,.,.,.,.,.,.,.,.,.,.,.,.,.,.,.,.,.
tests/test_noema_budgeted_llm.py::TestBudgetedLLM::test_generation_params_forwarded,no,.,.,.,.,.,.,.,.,.,.,.,.,.,.,.,.,.,.,.,.,.,.,.,.,.,.,.,.,.,.,.,.,.,.,.,.,.,.,.,.
tests/test_noema_budgeted_llm.py::TestBudgetedLLM::test_is_openevolve_llm_interface,no,.,.,.,.,.,.,.,.,.,.,.,.,.,.,.,.,.,.,.,.,.,.,.,.,.,.,.,.,.,.,.,.,.,.,.,.,.,.,.,.
tests/test_noema_budgeted_llm.py::TestBudgetedLLM::test_local_server_null_usage_fields_flagged,no,.,.,.,.,.,.,.,.,.,.,.,.,.,.,.,.,.,.,.,.,.,.,.,.,.,.,.,.,.,.,.,.,.,.,.,.,.,.,.,.
tests/test_noema_budgeted_llm.py::TestBudgetedLLM::test_missing_usage_charged_as_zero,no,.,.,.,.,.,.,.,.,.,.,.,.,.,.,.,.,.,.,.,.,.,.,.,.,.,.,.,.,.,.,.,.,.,.,.,.,.,.,.,.
tests/test_noema_budgeted_llm.py::TestBudgetedLLM::test_model_kwarg_none_is_unchanged_behaviour,no,.,.,.,.,.,.,.,.,.,.,.,.,.,.,.,.,.,.,.,.,.,.,.,.,.,.,.,.,.,.,.,.,.,.,.,.,.,.,.,.
tests/test_noema_budgeted_llm.py::TestBudgetedLLM::test_model_kwarg_overrides_call_and_charged_record,no,.,.,.,.,.,.,.,.,.,.,.,.,.,.,.,.,.,.,.,.,.,.,.,.,.,.,.,.,.,.,.,.,.,.,.,.,.,.,.,.
tests/test_noema_budgeted_llm.py::TestBudgetedLLM::test_negative_retries_rejected_at_construction,no,.,.,.,.,.,.,.,.,.,.,.,.,.,.,.,.,.,.,.,.,.,.,.,.,.,.,.,.,.,.,.,.,.,.,.,.,.,.,.,.
tests/test_noema_budgeted_llm.py::TestBudgetedLLM::test_partial_usage_keeps_real_field_and_flags_missing_one,no,.,.,.,.,.,.,.,.,.,.,.,.,.,.,.,.,.,.,.,.,.,.,.,.,.,.,.,.,.,.,.,.,.,.,.,.,.,.,.,.
tests/test_noema_budgeted_llm.py::TestBudgetedLLM::test_preflight_raises_without_calling_api,no,.,.,.,.,.,.,.,.,.,.,.,.,.,.,.,.,.,.,.,.,.,.,.,.,.,.,.,.,.,.,.,.,.,.,.,.,.,.,.,.
tests/test_noema_budgeted_llm.py::TestBudgetedLLM::test_retry_exhaustion_charges_the_escalated_model,no,.,.,.,.,.,.,.,.,.,.,.,.,.,.,.,.,.,.,.,.,.,.,.,.,.,.,.,.,.,.,.,.,.,.,.,.,.,.,.,.
tests/test_noema_budgeted_llm.py::TestBudgetedLLM::test_retry_exhaustion_without_override_charges_configured_model,no,.,.,.,.,.,.,.,.,.,.,.,.,.,.,.,.,.,.,.,.,.,.,.,.,.,.,.,.,.,.,.,.,.,.,.,.,.,.,.,.
tests/test_noema_budgeted_llm.py::TestBudgetedLLM::test_retry_then_success_records_attempts,no,.,.,.,.,.,.,.,.,.,.,.,.,.,.,.,.,.,.,.,.,.,.,.,.,.,.,.,.,.,.,.,.,.,.,.,.,.,.,.,.
tests/test_noema_budgeted_llm.py::TestBudgetedLLM::test_successful_call_charges_exact_usage,no,.,.,.,.,.,.,.,.,.,.,.,.,.,.,.,.,.,.,.,.,.,.,.,.,.,.,.,.,.,.,.,.,.,.,.,.,.,.,.,.
tests/test_noema_budgeted_llm.py::TestBudgetedLLM::test_system_message_prepended,no,.,.,.,.,.,.,.,.,.,.,.,.,.,.,.,.,.,.,.,.,.,.,.,.,.,.,.,.,.,.,.,.,.,.,.,.,.,.,.,.
tests/test_noema_budgeted_llm.py::TestFatalProviderError::test_fatal_status_charges_the_escalated_model,no,.,.,.,.,.,.,.,.,.,.,.,.,.,.,.,.,.,.,.,.,.,.,.,.,.,.,.,.,.,.,.,.,.,.,.,.,.,.,.,.
tests/test_noema_budgeted_llm.py::TestFatalProviderError::test_fatal_status_raises_immediately_without_exhausting_retries,no,.,.,.,.,.,.,.,.,.,.,.,.,.,.,.,.,.,.,.,.,.,.,.,.,.,.,.,.,.,.,.,.,.,.,.,.,.,.,.,.
tests/test_noema_budgeted_llm.py::TestFatalProviderError::test_non_fatal_status_still_retries,no,.,.,.,.,.,.,.,.,.,.,.,.,.,.,.,.,.,.,.,.,.,.,.,.,.,.,.,.,.,.,.,.,.,.,.,.,.,.,.,.
tests/test_noema_budgeted_llm.py::TestTotalDeadline::test_deadline_does_not_wait_for_or_charge_late_cancelled_response,no,.,.,.,.,.,.,.,.,.,.,.,.,.,.,.,.,.,.,.,.,.,.,.,.,.,.,.,.,.,.,.,.,.,.,.,.,.,.,.,.
tests/test_noema_budgeted_llm.py::TestTotalDeadline::test_deadline_expiry_charges_the_escalated_model,no,.,.,.,.,.,.,.,.,.,.,.,.,.,.,.,.,.,.,.,.,.,.,.,.,.,.,.,.,.,.,.,.,.,.,.,.,.,.,.,.
tests/test_noema_budgeted_llm.py::TestTotalDeadline::test_provider_timeout_is_not_misclassified_as_total_deadline,no,.,.,.,.,.,.,.,.,.,.,.,.,.,.,.,.,.,.,.,.,.,.,.,.,.,.,.,.,.,.,.,.,.,.,.,.,.,.,.,.
tests/test_noema_budgeted_llm.py::TestTotalDeadline::test_total_deadline_default_does_not_cut_off_fast_calls,no,.,.,.,.,.,.,.,.,.,.,.,.,.,.,.,.,.,.,.,.,.,.,.,.,.,.,.,.,.,.,.,.,.,.,.,.,.,.,.,.
tests/test_noema_budgeted_llm.py::TestTotalDeadline::test_total_deadline_is_recorded_and_rejected_by_verifier,no,.,.,.,.,.,.,.,.,.,.,.,.,.,.,.,.,.,.,.,.,.,.,.,.,.,.,.,.,.,.,.,.,.,.,.,.,.,.,.,.
tests/test_noema_cli_runner.py::TestCliRunner::test_run_nonzero_exit,no,.,.,.,.,.,.,.,.,.,.,.,.,.,.,.,.,.,.,.,.,.,.,.,.,.,.,.,.,.,.,.,.,.,.,.,.,.,.,.,.
tests/test_noema_cli_runner.py::TestCliRunner::test_run_timeout,no,.,.,.,.,.,.,.,.,.,.,.,.,.,.,.,.,.,.,.,.,.,.,.,.,.,.,.,.,.,.,.,.,.,.,.,.,.,.,.,.
tests/test_noema_cli_runner.py::TestCliRunner::test_run_writes_stdout_stderr_logs,no,.,.,.,.,.,.,.,.,.,.,.,.,.,.,.,.,.,.,.,.,.,.,.,.,.,.,.,.,.,.,.,.,.,.,.,.,.,.,.,.
tests/test_noema_config.py::TestConfigTypoDetection::test_borrowed_openevolve_sections_stay_lenient,no,.,.,.,.,.,.,.,.,.,.,.,.,.,.,.,.,.,.,.,.,.,.,.,.,.,.,.,.,.,.,.,.,.,.,.,.,.,.,.,.
tests/test_noema_config.py::TestConfigTypoDetection::test_frozen_config_round_trips,no,.,.,.,.,.,.,.,.,.,.,.,.,.,.,.,.,.,.,.,.,.,.,.,.,.,.,.,.,.,.,.,.,.,.,.,.,.,.,.,.
tests/test_noema_config.py::TestConfigTypoDetection::test_unknown_key_in_a_noema_section_raises,no,.,.,.,.,.,.,.,.,.,.,.,.,.,.,.,.,.,.,.,.,.,.,.,.,.,.,.,.,.,.,.,.,.,.,.,.,.,.,.,.
tests/test_noema_config.py::TestConfigTypoDetection::test_unknown_key_in_selection_section_raises,no,.,.,.,.,.,.,.,.,.,.,.,.,.,.,.,.,.,.,.,.,.,.,.,.,.,.,.,.,.,.,.,.,.,.,.,.,.,.,.,.
tests/test_noema_config.py::TestConfigTypoDetection::test_unknown_top_level_key_raises,no,.,.,.,.,.,.,.,.,.,.,.,.,.,.,.,.,.,.,.,.,.,.,.,.,.,.,.,.,.,.,.,.,.,.,.,.,.,.,.,.
tests/test_noema_config.py::TestConfigTypoDetection::test_valid_config_still_parses,no,.,.,.,.,.,.,.,.,.,.,.,.,.,.,.,.,.,.,.,.,.,.,.,.,.,.,.,.,.,.,.,.,.,.,.,.,.,.,.,.
tests/test_noema_config.py::TestProbationConstant::test_eviction_and_summary_use_the_same_threshold,no,.,.,.,.,.,.,.,.,.,.,.,.,.,.,.,.,.,.,.,.,.,.,.,.,.,.,.,.,.,.,.,.,.,.,.,.,.,.,.,.
tests/test_noema_controller.py::TestArmRegistryCapabilityTable::test_arm_defining_knobs_cannot_be_overridden_by_config,no,.,.,.,.,.,.,.,.,.,.,.,.,.,.,.,.,.,.,.,.,.,.,.,.,.,.,.,.,.,.,.,.,.,.,.,.,.,.,.,.
tests/test_noema_controller.py::TestArmRegistryCapabilityTable::test_capability_table,no,.,.,.,.,.,.,.,.,.,.,.,.,.,.,.,.,.,.,.,.,.,.,.,.,.,.,.,.,.,.,.,.,.,.,.,.,.,.,.,.
tests/test_noema_controller.py::TestArmRegistryCapabilityTable::test_pes_alias_resolves_to_custom_and_warns,no,.,.,.,.,.,.,.,.,.,.,.,.,.,.,.,.,.,.,.,.,.,.,.,.,.,.,.,.,.,.,.,.,.,.,.,.,.,.,.,.
tests/test_noema_controller.py::TestArmRegistryCapabilityTable::test_registry_keys_and_no_pes_full,no,.,.,.,.,.,.,.,.,.,.,.,.,.,.,.,.,.,.,.,.,.,.,.,.,.,.,.,.,.,.,.,.,.,.,.,.,.,.,.,.
tests/test_noema_controller.py::TestControllerEndToEnd::test_acceptance_hook_failure_is_not_traced_as_accepted,no,.,.,.,.,.,.,.,.,.,.,.,.,.,.,.,.,.,.,.,.,.,.,.,.,.,.,.,.,.,.,.,.,.,.,.,.,.,.,.,.
tests/test_noema_controller.py::TestControllerEndToEnd::test_advice_reaches_prompt_and_attribution_reaches_metadata,no,.,.,.,.,.,.,.,.,.,.,.,.,.,.,.,.,.,.,.,.,.,.,.,.,.,.,.,.,.,.,.,.,.,.,.,.,.,K,.,.
tests/test_noema_controller.py::TestControllerEndToEnd::test_attempt_trace_contains_rendered_prompt_response_and_ledger_link,no,.,.,.,.,.,.,.,.,.,.,.,.,.,.,.,.,.,.,.,.,.,.,.,.,.,.,.,.,.,.,.,.,.,.,.,.,.,.,.,.
tests/test_noema_controller.py::TestControllerEndToEnd::test_budget_exhaustion_stops_cleanly,no,.,.,.,.,.,.,.,.,.,.,.,.,.,.,.,.,.,.,.,.,.,.,.,.,.,.,.,.,.,.,.,.,.,.,.,.,.,.,.,.
tests/test_noema_controller.py::TestControllerEndToEnd::test_checkpoint_resume_continues,no,.,.,.,.,.,.,.,.,.,.,.,K,.,.,.,.,.,.,.,.,.,.,.,.,.,.,.,.,.,K,.,.,.,.,.,.,.,.,.,.
tests/test_noema_controller.py::TestControllerEndToEnd::test_children_are_distributed_across_islands_not_all_island_zero,no,.,.,.,.,.,.,.,.,.,.,.,K,.,.,.,.,.,K,.,.,.,.,.,.,.,.,.,.,.,.,.,.,.,.,.,.,.,.,.,.
tests/test_noema_controller.py::TestControllerEndToEnd::test_evolution_trace_includes_iteration_ledger_metadata,no,.,.,.,.,.,.,.,.,.,.,.,.,.,.,.,.,.,.,.,.,.,.,.,.,.,.,.,.,.,.,.,.,.,.,.,.,.,.,.,.
tests/test_noema_controller.py::TestControllerEndToEnd::test_fatal_coordination_error_is_linked_before_mutation,no,.,.,.,.,.,.,.,.,.,.,.,.,.,.,.,.,.,.,.,.,.,.,.,.,.,.,.,.,.,.,.,.,.,.,.,.,.,.,.,.
tests/test_noema_controller.py::TestControllerEndToEnd::test_fatal_provider_error_stops_cleanly_with_checkpoint,no,.,.,.,.,.,.,.,.,.,.,.,.,.,.,.,.,.,.,.,.,.,.,.,.,.,.,.,.,.,.,.,.,.,.,.,.,.,.,.,.
tests/test_noema_controller.py::TestControllerEndToEnd::test_immutable_boundary_violation_is_traced,no,.,.,.,.,.,.,.,.,.,.,.,.,.,.,.,.,.,.,.,.,.,.,.,.,.,.,.,.,.,.,.,.,.,.,.,.,.,.,.,.
tests/test_noema_controller.py::TestControllerEndToEnd::test_off_arm_prompts_have_no_coordination_block,no,.,.,.,.,.,.,.,.,.,.,.,.,.,.,.,.,.,.,.,.,.,.,.,.,.,.,.,.,.,.,.,.,.,.,.,.,.,.,.,.
tests/test_noema_controller.py::TestControllerEndToEnd::test_off_arm_runs_end_to_end,no,.,.,.,.,.,.,.,.,.,.,.,K,.,.,.,.,.,.,.,.,.,.,.,.,.,.,.,.,.,K,.,.,.,.,.,.,.,.,.,.
tests/test_noema_controller.py::TestControllerEndToEnd::test_provider_failure_trace_links_failed_call_accounting,no,.,.,.,.,.,.,.,.,.,.,.,.,.,.,.,.,.,.,.,.,.,.,.,.,.,.,.,.,.,.,.,.,.,.,.,.,.,.,.,.
tests/test_noema_controller.py::TestControllerEndToEnd::test_run_with_missing_usage_fails_equal_token_verification,no,.,.,.,.,.,.,.,.,.,.,.,.,.,.,.,.,.,.,.,.,.,.,.,.,.,.,.,.,.,.,.,.,.,.,.,.,.,.,.,.
tests/test_noema_controller.py::TestControllerEndToEnd::test_unparseable_response_reports_failure,no,.,.,.,.,.,.,.,.,.,.,.,.,K,.,.,.,.,.,.,.,.,.,.,.,.,.,.,.,.,.,.,.,.,.,.,.,.,.,.,.
tests/test_noema_controller.py::TestExistingArmsIgnoreOutcome::test_each_arm_unchanged_across_every_outcome_value,no,.,.,.,.,.,.,.,.,.,.,.,.,.,.,.,.,.,.,.,.,.,.,.,.,.,.,.,.,.,.,.,.,.,.,.,.,.,.,.,.
tests/test_noema_controller.py::TestFrozenConfig::test_paired_arm_configs_differ_only_in_coordination_module,no,.,.,.,.,.,.,.,.,.,.,.,.,.,.,.,.,.,.,.,.,.,.,.,.,.,.,.,.,.,.,.,.,.,.,.,.,.,.,.,.
tests/test_noema_controller.py::TestFrozenConfig::test_resume_does_not_clobber_config,no,.,.,.,.,.,.,.,.,.,.,.,.,.,.,.,.,.,.,.,.,.,.,.,.,.,.,.,.,.,.,.,.,.,.,.,.,.,.,.,.
tests/test_noema_controller.py::TestFrozenConfig::test_run_dir_contains_frozen_config,no,.,.,.,.,.,.,.,.,.,.,.,.,.,.,.,.,.,.,.,.,.,.,.,.,.,.,.,.,.,.,.,.,.,.,.,.,.,.,.,.
tests/test_noema_controller.py::TestMutationOperatorMenu::test_arity_two_empty_inspirations_falls_back_without_crashing,no,.,.,.,.,.,.,.,.,.,.,.,.,.,.,.,.,.,.,.,.,.,.,.,.,.,.,.,.,.,.,.,.,.,.,.,.,.,.,.,K
tests/test_noema_controller.py::TestMutationOperatorMenu::test_arity_two_with_inspirations_present,no,.,.,.,.,.,.,.,.,.,.,.,.,.,.,.,.,.,.,.,.,.,.,.,.,.,.,.,.,.,.,.,.,.,.,.,.,.,.,.,K
tests/test_noema_controller.py::TestMutationOperatorMenu::test_checkpoint_round_trip_preserves_operator_sequence,no,.,.,.,.,.,.,.,.,.,.,.,.,.,.,.,.,.,.,.,.,.,.,.,.,.,.,.,.,.,.,.,.,.,.,.,.,.,.,.,.
tests/test_noema_controller.py::TestMutationOperatorMenu::test_legacy_operator_matches_diff_based_evolution_toggle,no,.,.,.,.,.,.,.,.,.,.,.,.,.,.,.,.,.,.,.,.,.,.,.,.,.,.,.,.,.,.,.,.,.,.,.,.,.,.,.,.
tests/test_noema_controller.py::TestMutationOperatorMenu::test_legacy_path_rng_never_advances_when_operators_none,no,.,.,.,.,.,.,.,.,.,.,.,.,.,.,.,.,.,.,.,.,.,.,.,.,.,.,.,.,.,.,.,.,.,.,.,.,.,.,.,.
tests/test_noema_controller.py::TestMutationOperatorMenu::test_provenance_matches_actual_template_used,no,.,.,.,.,.,.,.,.,.,.,.,.,.,.,.,.,.,.,.,.,.,.,.,.,.,.,.,.,.,.,.,.,.,.,.,.,.,.,.,K
tests/test_noema_controller.py::TestMutationOperatorMenu::test_seeded_operator_sequence_matches_choice_in_a_loop,no,.,.,.,.,.,.,.,.,.,.,.,.,.,.,.,.,.,.,.,.,.,.,.,.,.,.,.,.,.,.,.,.,.,.,.,.,.,.,.,.
tests/test_noema_controller.py::TestNoemaConfig::test_from_yaml_round_trip,no,.,.,.,.,.,.,.,.,.,.,.,.,.,.,.,.,.,.,.,.,.,.,.,.,.,.,.,.,.,.,.,.,.,.,.,.,.,.,.,.
tests/test_noema_controller.py::TestNoemaConfig::test_retry_on_defaults_to_failure_and_rejects_unknown,no,.,.,.,.,.,.,.,.,.,.,.,.,.,.,.,.,.,.,.,.,.,.,.,.,.,.,.,.,.,.,.,.,.,.,.,.,.,.,.,.
tests/test_noema_controller.py::TestNoemaConfig::test_retry_on_survives_yaml_round_trip,no,.,.,.,.,.,.,.,.,.,.,.,.,.,.,.,.,.,.,.,.,.,.,.,.,.,.,.,.,.,.,.,.,.,.,.,.,.,.,.,.
tests/test_noema_controller.py::TestNoemaConfig::test_selection_policy_defaults_and_validation,no,.,.,.,.,.,.,.,.,.,.,.,.,.,.,.,.,.,.,.,.,.,.,.,.,.,.,.,.,.,.,.,.,.,.,.,.,.,.,.,.
tests/test_noema_controller.py::TestNoemaConfig::test_stochasticity_rejected_at_config_level,no,.,.,.,.,.,.,.,.,.,.,.,.,.,.,.,.,.,.,.,.,.,.,.,.,.,.,.,.,.,.,.,.,.,.,.,.,.,.,.,.
tests/test_noema_controller.py::TestNoemaConfig::test_unknown_coordination_module_rejected_at_build,no,.,.,.,.,.,.,.,.,.,.,.,.,.,.,.,.,.,.,.,.,.,.,.,.,.,.,.,.,.,.,.,.,.,.,.,.,.,.,.,.
tests/test_noema_controller.py::TestNonImprovementRetry::test_all_worse_respects_cap_and_keeps_best_attempt,no,.,.,.,.,.,.,.,.,.,.,.,.,.,.,.,.,.,.,.,.,.,.,.,.,.,.,.,.,.,.,.,.,.,.,.,.,.,.,.,.
tests/test_noema_controller.py::TestNonImprovementRetry::test_failed_acceptance_of_earlier_best_is_recorded_as_failed_selection,no,.,.,.,.,.,.,.,.,.,.,.,.,.,.,.,.,.,.,.,.,.,.,.,.,.,.,.,.,.,.,.,.,.,.,.,.,.,.,.,.
tests/test_noema_controller.py::TestNonImprovementRetry::test_retry_on_failure_default_ignores_non_improvement,no,.,.,.,.,.,.,.,.,.,.,.,.,.,.,.,.,.,.,.,.,.,.,.,.,.,.,.,.,.,.,.,.,.,.,.,.,.,.,.,.
tests/test_noema_controller.py::TestNonImprovementRetry::test_trailing_failure_still_stores_best_valid_attempt,no,.,.,.,.,.,.,.,.,.,.,.,.,.,.,.,.,.,.,.,.,.,.,.,.,.,.,.,.,.,.,.,.,.,.,.,.,.,.,.,.
tests/test_noema_controller.py::TestNonImprovementRetry::test_worse_then_better_stops_at_two_calls_and_stores_better,no,.,.,.,.,.,.,.,.,.,.,.,.,.,.,.,.,.,.,.,.,.,.,.,.,.,.,.,.,.,.,.,.,.,.,.,.,.,.,.,.
tests/test_noema_controller.py::TestPESDirectiveExecutor::test_advisory_mode_through_controller_is_byte_identical,no,.,.,.,.,.,.,.,.,.,.,.,.,.,.,.,.,.,.,.,.,.,.,.,.,.,.,.,.,.,.,.,.,.,.,.,.,.,K,.,.
tests/test_noema_controller.py::TestPESDirectiveExecutor::test_directive_end_to_end_produces_children,no,.,.,.,.,.,.,.,.,.,.,.,.,.,.,.,.,.,.,.,.,.,.,.,.,.,.,.,.,.,.,.,.,.,.,.,.,.,.,.,.
tests/test_noema_controller.py::TestPESDirectiveExecutor::test_directive_retry_reformats_full_template_with_previous_attempts,no,.,.,.,.,.,.,.,.,.,.,.,.,.,.,.,.,.,.,.,.,.,.,.,.,.,.,.,.,.,.,.,.,.,.,.,.,.,.,.,.
tests/test_noema_controller.py::TestReportResultOutcome::test_applyable_code_that_fails_evaluation_reports_eval_error,no,.,.,.,.,.,.,.,.,.,.,.,.,K,.,.,.,.,.,.,.,.,.,.,.,.,.,.,.,.,.,.,.,.,.,.,.,.,.,.,.
tests/test_noema_controller.py::TestReportResultOutcome::test_evaluator_exception_is_traced_before_propagating,no,.,.,.,.,.,.,.,.,.,.,.,.,.,.,.,.,.,.,.,.,.,.,.,.,.,.,.,.,.,.,.,.,.,.,.,.,.,.,.,.
tests/test_noema_controller.py::TestReportResultOutcome::test_outcome_is_json_safe_and_matches_its_value,no,.,.,.,.,.,.,.,.,.,.,.,.,.,.,.,.,.,.,.,.,.,.,.,.,.,.,.,.,.,.,.,.,.,.,.,.,.,.,.,.
tests/test_noema_controller.py::TestReportResultOutcome::test_successful_iteration_reports_accepted,no,.,.,.,.,.,.,.,.,.,.,.,.,.,.,.,.,.,.,.,.,.,.,.,.,.,.,.,.,.,.,.,.,.,.,.,.,.,.,.,.
tests/test_noema_controller.py::TestRetryLoop::test_d9_one_verdict_one_iteration_unit,no,.,.,.,.,.,.,.,.,.,.,.,.,.,.,.,.,.,.,.,.,.,.,.,.,.,.,.,.,.,.,.,.,.,.,.,.,.,.,.,.
tests/test_noema_controller.py::TestRetryLoop::test_overlength_response_is_rejected_without_crashing_run,no,.,.,.,.,.,.,.,.,.,.,.,.,K,.,.,.,.,.,.,.,.,.,.,.,.,.,.,.,.,.,.,.,.,.,.,.,.,.,.,.
tests/test_noema_controller.py::TestRetryLoop::test_parse_failure_exhausts_retries_reports_failure,no,.,.,.,.,.,.,.,.,.,.,.,.,K,.,.,.,.,.,.,.,.,.,.,.,.,.,.,.,.,.,.,.,.,.,.,.,.,.,.,.
tests/test_noema_controller.py::TestRetryLoop::test_parse_failure_retries_and_succeeds,no,.,.,.,.,.,.,.,.,.,.,.,.,K,.,.,.,.,.,.,.,.,.,.,.,.,.,.,.,.,.,.,.,.,.,.,.,.,.,.,.
tests/test_noema_controller.py::TestRetryLoop::test_pes_retry_carries_reflection_null_does_not,no,.,.,.,.,.,.,.,.,.,.,.,.,.,.,.,.,.,.,.,.,.,.,.,.,.,.,.,.,.,.,.,.,.,.,.,.,.,.,.,.
tests/test_noema_controller.py::TestRetryLoop::test_retries_metered_on_mutation_account,no,.,.,.,.,.,.,.,.,.,.,.,.,.,.,.,.,.,.,.,.,.,.,.,.,.,.,.,.,.,.,.,.,.,.,.,.,.,.,.,.
tests/test_noema_controller.py::TestRetryLoop::test_retry_enabled_false_is_byte_identical,no,.,.,.,.,.,.,.,.,.,.,.,.,.,.,.,.,.,.,.,.,.,.,.,.,.,.,.,.,.,.,.,.,.,.,.,.,.,.,.,.
tests/test_noema_controller.py::TestRetryLoop::test_retry_suffix_reaches_retry_prompt,no,.,.,.,.,.,.,.,.,.,.,.,.,.,.,.,.,.,.,.,.,.,.,.,.,.,.,.,.,.,.,.,.,.,.,.,.,.,.,.,.
tests/test_noema_controller.py::TestSubstrateRuntimeControllerContract::test_boltzmann_policy_state_survives_controller_checkpoint,no,.,.,.,.,.,.,.,.,.,.,.,.,.,.,.,.,.,.,.,.,.,.,.,.,.,.,.,.,.,.,.,.,.,.,.,.,.,.,.,.
tests/test_noema_controller.py::TestSubstrateRuntimeControllerContract::test_boltzmann_runs_end_to_end_and_targets_each_island,no,.,.,.,.,.,.,.,.,.,.,.,K,.,.,.,.,.,K,.,.,.,.,.,.,.,.,.,.,.,.,.,.,.,.,.,.,.,.,.,.
tests/test_noema_controller.py::TestSubstrateRuntimeControllerContract::test_diff_only_operator_allowed_with_changes_description,no,.,.,.,.,.,.,.,.,.,.,.,.,.,.,.,.,.,.,.,.,.,.,.,.,.,.,.,.,.,.,.,.,.,.,.,.,.,.,.,.
tests/test_noema_controller.py::TestSubstrateRuntimeControllerContract::test_full_rewrite_operator_rejected_with_changes_description,no,.,.,.,.,.,.,.,.,.,.,.,.,.,.,.,.,.,.,.,.,.,.,.,.,.,.,.,.,.,.,.,.,.,.,.,.,.,.,.,.
tests/test_noema_controller.py::TestSubstrateRuntimeControllerContract::test_mutation_operator_seed_defaults_to_random_seed_plus_two,no,.,.,.,.,.,.,.,.,.,.,.,.,.,.,.,.,.,.,.,.,.,.,.,.,.,.,.,.,.,.,.,.,.,.,.,.,.,.,.,.
tests/test_noema_controller.py::TestSubstrateRuntimeControllerContract::test_mutation_operators_none_by_default,no,.,.,.,.,.,.,.,.,.,.,.,.,.,.,.,.,.,.,.,.,.,.,.,.,.,.,.,.,.,.,.,.,.,.,.,.,.,.,.,.
tests/test_noema_controller.py::TestSubstrateRuntimeControllerContract::test_sampling_request_precedes_selection_advice,no,.,.,.,.,.,.,.,.,.,.,.,.,.,.,.,.,.,.,.,.,.,.,.,.,.,.,.,.,.,.,.,.,.,.,.,.,.,.,.,.
tests/test_noema_controller.py::TestSubstrateRuntimeControllerContract::test_tree_uct_runs_offline_with_deep_lineage_and_checkpoint_resume,no,.,.,.,.,.,.,.,.,.,.,.,.,.,.,.,.,.,.,.,.,.,.,.,.,.,.,.,.,.,.,.,.,.,.,.,.,.,.,.,.
tests/test_noema_controller.py::TestSubstrateRuntimeControllerContract::test_unknown_mutation_operator_rejected,no,.,.,.,.,.,.,.,.,.,.,.,.,.,.,.,.,.,.,.,.,.,.,.,.,.,.,.,.,.,.,.,.,.,.,.,.,.,.,.,.
tests/test_noema_controller_upstream_fidelity_spec.py::TestControllerBackedOpenEvolveIslandSelection::test_controller_iteration_sampling_uses_the_iteration_target_scope_sequence,no,.,.,.,.,.,.,.,.,.,.,.,K,.,.,.,.,.,.,.,.,.,.,.,.,.,.,.,.,.,.,K,.,.,.,.,.,.,.,.,.
tests/test_noema_controller_upstream_fidelity_spec.py::TestControllerBackedOpenEvolveIslandSelection::test_controller_stock_selection_samples_parent_and_inspirations_from_requested_island,no,.,.,.,.,.,.,.,.,.,.,.,.,.,.,.,.,.,K,.,.,.,.,.,.,.,.,.,.,.,.,.,.,.,.,.,.,.,.,.,.
tests/test_noema_controller_upstream_fidelity_spec.py::TestControllerBackedOpenEvolvePromptSampler::test_controller_prompt_sampler_builds_openevolve_prompt_with_noema_stochasticity_disabled,no,.,.,.,.,.,.,.,.,.,.,.,.,.,.,.,.,.,.,.,.,.,.,.,.,.,.,.,.,.,.,.,.,.,.,.,.,.,.,.,.
tests/test_noema_coordination_base.py::TestAdvice::test_default_advice_is_noop,no,.,.,.,.,.,.,.,.,.,.,.,.,.,.,.,.,.,.,.,.,.,.,.,.,.,.,.,.,.,.,.,.,.,.,.,.,.,.,.,.
tests/test_noema_coordination_base.py::TestGenerationContext::test_context_is_frozen,no,.,.,.,.,.,.,.,.,.,.,.,.,.,.,.,.,.,.,.,.,.,.,.,.,.,.,.,.,.,.,.,.,.,.,.,.,.,.,.,.
tests/test_noema_coordination_base.py::TestNullCoordination::test_advise_returns_noop_advice,no,.,.,.,.,.,.,.,.,.,.,.,.,.,.,.,.,.,.,.,.,.,.,.,.,.,.,.,.,.,.,.,.,.,.,.,.,.,.,.,.
tests/test_noema_coordination_base.py::TestNullCoordination::test_log_snapshot_json_serializable,no,.,.,.,.,.,.,.,.,.,.,.,.,.,.,.,.,.,.,.,.,.,.,.,.,.,.,.,.,.,.,.,.,.,.,.,.,.,.,.,.
tests/test_noema_coordination_base.py::TestNullCoordination::test_null_coordination_inherits_noop_without_override,no,.,.,.,.,.,.,.,.,.,.,.,.,.,.,.,.,.,.,.,.,.,.,.,.,.,.,.,.,.,.,.,.,.,.,.,.,.,.,.,.
tests/test_noema_coordination_base.py::TestNullCoordination::test_report_and_generation_end_are_noops,no,.,.,.,.,.,.,.,.,.,.,.,.,.,.,.,.,.,.,.,.,.,.,.,.,.,.,.,.,.,.,.,.,.,.,.,.,.,.,.,.
tests/test_noema_coordination_base.py::TestNullCoordination::test_retry_advice_default_returns_empty_string,no,.,.,.,.,.,.,.,.,.,.,.,.,.,.,.,.,.,.,.,.,.,.,.,.,.,.,.,.,.,.,.,.,.,.,.,.,.,.,.,.
tests/test_noema_coordination_base.py::TestNullCoordination::test_retry_advice_is_coroutine,no,.,.,.,.,.,.,.,.,.,.,.,.,.,.,.,.,.,.,.,.,.,.,.,.,.,.,.,.,.,.,.,.,.,.,.,.,.,.,.,.
tests/test_noema_coordination_base.py::TestNullCoordination::test_state_dict_round_trip_and_json_serializable,no,.,.,.,.,.,.,.,.,.,.,.,.,.,.,.,.,.,.,.,.,.,.,.,.,.,.,.,.,.,.,.,.,.,.,.,.,.,.,.,.
tests/test_noema_coordination_substrate_contract_spec.py::TestFactorIndependenceSpec::test_coordination_choice_does_not_choose_the_substrate,no,.,.,.,.,.,.,.,.,.,.,.,.,.,.,.,.,.,.,.,.,.,.,.,.,.,.,.,.,.,.,.,.,.,.,.,.,.,.,.,.
tests/test_noema_coordination_substrate_contract_spec.py::TestFactorIndependenceSpec::test_old_config_defaults_to_native_openevolve_islands,no,.,.,.,.,.,.,.,.,.,.,.,.,.,.,.,.,.,.,.,.,.,.,.,.,.,.,.,.,.,.,.,.,.,.,.,.,.,.,.,.
tests/test_noema_coordination_substrate_contract_spec.py::TestFactorIndependenceSpec::test_substrate_and_selection_have_separate_typed_config,no,.,.,.,.,.,.,.,.,.,.,.,.,.,.,.,.,.,.,.,.,.,.,.,.,.,.,.,.,.,.,.,.,.,.,.,.,.,.,.,.
tests/test_noema_coordination_substrate_contract_spec.py::TestNeutralCoordinationContextSpec::test_context_exposes_snapshots_not_a_mutable_store,no,.,.,.,.,.,.,.,.,.,.,.,.,.,.,.,.,.,.,.,.,.,.,.,.,.,.,.,.,.,.,.,.,.,.,.,.,.,.,.,.
tests/test_noema_coordination_substrate_contract_spec.py::TestNeutralCoordinationContextSpec::test_generation_context_uses_neutral_population_snapshots,no,.,.,.,.,.,.,.,.,.,.,.,.,.,.,.,.,.,.,.,.,.,.,.,.,.,.,.,.,.,.,.,.,.,.,.,.,.,.,.,.
tests/test_noema_coordination_substrate_contract_spec.py::TestPreSelectionHookSpec::test_null_sampling_request_is_empty,no,.,.,.,.,.,.,.,.,.,.,.,.,.,.,.,.,.,.,.,.,.,.,.,.,.,.,.,.,.,.,.,.,.,.,.,.,.,.,.,.
tests/test_noema_coordination_substrate_contract_spec.py::TestPreSelectionHookSpec::test_post_selection_advice_no_longer_carries_sampling_hint,no,.,.,.,.,.,.,.,.,.,.,.,.,.,.,.,.,.,.,.,.,.,.,.,.,.,.,.,.,.,.,.,.,.,.,.,.,.,.,.,.
tests/test_noema_coordination_substrate_contract_spec.py::TestPreSelectionHookSpec::test_sampling_request_is_a_sync_nonabstract_default_hook,no,.,.,.,.,.,.,.,.,.,.,.,.,.,.,.,.,.,.,.,.,.,.,.,.,.,.,.,.,.,.,.,.,.,.,.,.,.,.,.,.
tests/test_noema_cross_substrate_portability.py::TestCoordinationBaseStaysAbstract::test_null_is_a_coordination_module_with_no_substrate_knowledge,no,.,.,.,.,.,.,.,.,.,.,.,.,.,.,.,.,.,.,.,.,.,.,.,.,.,.,.,.,.,.,.,.,.,.,.,.,.,.,.,.
tests/test_noema_cross_substrate_portability.py::TestModulesRunOnBothSubstrates::test_every_module_advises_on_islands_and_on_a_non_island_store,no,.,.,.,.,.,.,.,.,.,.,.,.,.,.,.,.,.,.,.,.,.,.,.,.,.,.,.,.,.,.,.,.,.,.,.,.,.,.,.,.
tests/test_noema_cross_substrate_portability.py::TestModulesRunOnBothSubstrates::test_pre_selection_hook_is_neutral_on_both_substrates,no,.,.,.,.,.,.,.,.,.,.,.,.,.,.,.,.,.,.,.,.,.,.,.,.,.,.,.,.,.,.,.,.,.,.,.,.,.,.,.,.
tests/test_noema_cross_substrate_portability.py::TestNoConcreteSubstrateReachesCoordination::test_context_hands_over_no_store_and_no_callable,no,.,.,.,.,.,.,.,.,.,.,.,.,.,.,.,.,.,.,.,.,.,.,.,.,.,.,.,.,.,.,.,.,.,.,.,.,.,.,.,.
tests/test_noema_cross_substrate_portability.py::TestNoConcreteSubstrateReachesCoordination::test_modules_never_import_a_concrete_store,no,.,.,.,.,.,.,.,.,.,.,.,.,.,.,.,.,.,.,.,.,.,.,.,.,.,.,.,.,.,.,.,.,.,.,.,.,.,.,.,.
tests/test_noema_cross_substrate_portability.py::TestPESDeclaresItsTopologyAdaptation::test_adaptation_is_declared_only_off_islands,no,.,.,.,.,.,.,.,.,.,.,.,.,.,.,.,.,.,.,.,.,.,.,.,.,.,.,.,.,.,.,.,.,.,K,.,.,.,.,.,.
tests/test_noema_cross_substrate_portability.py::TestPESDeclaresItsTopologyAdaptation::test_faithful_arm_runs_end_to_end_on_a_non_island_store,no,.,.,.,.,.,.,.,.,.,.,.,K,.,.,.,.,.,.,.,.,.,.,.,.,.,.,.,.,.,.,.,.,.,K,.,.,.,.,.,.
tests/test_noema_cross_substrate_portability.py::TestPESDeclaresItsTopologyAdaptation::test_faithful_planner_renders_native_labels_per_substrate,no,.,.,.,.,.,.,.,.,.,.,.,K,.,.,.,.,.,.,.,.,.,.,.,.,K,.,.,.,.,.,.,.,.,K,.,.,.,.,.,.
tests/test_noema_cross_substrate_portability.py::TestReEvoSubstrateNeutrality::test_identical_semantic_roles_yield_identical_advice,no,.,.,.,.,.,.,.,.,.,.,.,.,.,.,.,.,.,.,.,.,.,.,.,.,.,.,.,.,.,.,.,.,.,.,.,.,.,.,.,.
tests/test_noema_cross_substrate_portability.py::TestReEvoSubstrateNeutrality::test_topology_traced_without_changing_advice,no,.,.,.,.,.,.,.,.,.,.,.,.,.,.,.,.,.,.,.,.,.,.,.,.,.,.,.,.,.,.,.,.,.,.,.,.,.,.,.,.
tests/test_noema_cross_substrate_portability.py::TestSubstrateIdentityAloneChangesNothing::test_hifo_consumes_the_local_cohort_as_a_distribution,no,.,.,.,.,.,.,.,.,.,.,.,.,.,.,.,.,.,.,.,.,.,.,.,.,.,.,.,.,.,.,.,.,.,.,.,.,.,.,.,.
tests/test_noema_cross_substrate_portability.py::TestSubstrateIdentityAloneChangesNothing::test_null_and_hifo_are_identical_across_topologies,no,.,.,.,.,.,.,.,.,.,.,.,.,.,.,.,.,.,.,.,.,.,.,.,.,.,.,.,.,.,.,.,.,.,.,.,.,.,.,.,.
tests/test_noema_cross_substrate_portability.py::TestTheFixtureIsActuallyDifferent::test_the_fixture_never_leaks_into_production_code,no,.,.,.,.,.,.,.,.,.,.,.,.,.,.,.,.,.,.,.,.,.,.,.,.,.,.,.,.,.,.,.,.,.,.,.,.,.,.,.,.
tests/test_noema_cross_substrate_portability.py::TestTheFixtureIsActuallyDifferent::test_topologies_disagree_on_labels_and_cadence,no,.,.,.,.,.,.,.,.,.,.,.,.,.,.,.,.,.,.,.,.,.,.,.,.,K,.,.,.,.,.,.,.,.,.,.,.,.,.,.,.
tests/test_noema_deep_coordination.py::TestDeepCoordinationLLM::test_deep_llm_spawn_records_tags,no,.,.,.,.,.,.,.,.,.,.,.,.,.,.,.,.,.,.,.,.,.,.,.,.,.,.,.,.,.,.,.,.,.,.,.,.,.,.,.,.
tests/test_noema_deep_coordination.py::TestDeepCoordinationLLM::test_factory_deep_wraps_coordination_llm,no,.,.,.,.,.,.,.,.,.,.,.,.,.,.,.,.,.,.,.,.,.,.,.,.,.,.,.,.,.,.,.,.,.,.,.,.,.,.,.,.
tests/test_noema_deep_coordination.py::TestDeepCoordinationLLM::test_hifo_deep_extract_populates_tips,no,.,.,.,.,.,.,.,.,.,.,.,.,.,.,.,.,.,.,.,.,.,.,.,.,.,.,.,.,.,.,.,.,.,.,.,.,.,.,.,.
tests/test_noema_deep_coordination.py::TestDeepCoordinationLLM::test_hifo_deep_reads_advice_file,no,.,.,.,.,.,.,.,.,.,.,.,.,.,.,.,.,.,.,.,.,.,.,.,.,.,.,.,.,.,.,.,.,.,.,.,.,.,.,.,.
tests/test_noema_deep_coordination.py::TestDeepCoordinationLLM::test_nonzero_exit_raises_with_diagnostic,no,.,.,.,.,.,.,.,.,.,.,.,.,.,.,.,.,.,.,.,.,.,.,.,.,.,.,.,.,.,.,.,.,.,.,.,.,.,.,.,.
tests/test_noema_deep_coordination.py::TestDeepCoordinationLLM::test_timeout_raises_with_diagnostic,no,.,.,.,.,.,.,.,.,.,.,.,.,.,.,.,.,.,.,.,.,.,.,.,.,.,.,.,.,.,.,.,.,.,.,.,.,.,.,.,.
tests/test_noema_export_evoreplay.py::TestEvoReplayExport::test_exports_cvt_and_tree_store_programs,no,.,.,.,.,.,.,.,.,.,.,.,.,.,.,.,.,.,.,.,.,.,.,.,.,.,.,.,.,.,.,.,.,.,.,.,.,.,.,.,.
tests/test_noema_export_evoreplay.py::TestEvoReplayExport::test_exports_stock_refined_layout_losslessly,no,.,.,.,.,.,.,.,.,.,.,.,.,.,.,.,.,.,.,.,.,.,.,.,.,.,.,.,.,.,.,.,.,.,.,.,.,.,.,.,.
tests/test_noema_export_evoreplay.py::TestEvoReplayExport::test_exports_trace_only_run_without_checkpoints,no,.,.,.,.,.,.,.,.,.,.,.,.,.,.,.,.,.,.,.,.,.,.,.,.,.,.,.,.,.,.,.,.,.,.,.,.,.,.,.,.
tests/test_noema_export_evoreplay.py::TestEvoReplayExport::test_refuses_to_overwrite_an_existing_destination,no,.,.,.,.,.,.,.,.,.,.,.,.,.,.,.,.,.,.,.,.,.,.,.,.,.,.,.,.,.,.,.,.,.,.,.,.,.,.,.,.
tests/test_noema_export_evoreplay.py::TestEvoReplayExport::test_same_run_exports_byte_identically,no,.,.,.,.,.,.,.,.,.,.,.,.,.,.,.,.,.,.,.,.,.,.,.,.,.,.,.,.,.,.,.,.,.,.,.,.,.,.,.,.
tests/test_noema_fitness_characterization.py::TestCallSiteShapes::test_call_site_composition_per_file,no,.,.,.,.,.,.,.,.,.,.,.,.,.,.,.,.,.,.,.,.,.,.,.,.,.,.,.,.,.,.,.,.,.,.,.,.,.,.,.,.
tests/test_noema_fitness_characterization.py::TestCallSiteShapes::test_stores_and_views_pass_their_feature_dimensions_through,no,.,.,.,.,K,K,.,.,.,.,.,.,.,.,.,.,.,.,.,.,.,.,.,.,.,.,.,.,.,.,.,.,.,.,.,.,.,.,.,.
tests/test_noema_fitness_characterization.py::TestCallSiteShapes::test_tree_working_set_ranking_consumes_the_same_scalar,no,.,.,.,.,.,.,.,.,.,.,.,.,.,.,.,.,.,.,.,.,.,.,.,.,.,.,.,.,.,.,.,.,.,.,.,.,.,.,.,.
tests/test_noema_fitness_characterization.py::TestCallSiteShapes::test_uct_is_the_only_call_site_that_rejects_a_non_finite_score,no,.,.,.,.,.,.,.,.,.,.,.,.,.,.,.,.,.,.,.,.,.,.,.,.,.,.,.,.,.,.,.,.,.,.,.,.,.,.,.,.
tests/test_noema_fitness_characterization.py::TestFourBranches::test_b1_empty_metrics_returns_zero,no,.,.,.,.,.,.,.,.,.,.,.,.,.,.,.,.,.,.,.,.,.,.,.,.,.,.,.,.,.,.,.,.,.,.,.,.,.,.,.,.
tests/test_noema_fitness_characterization.py::TestFourBranches::test_b2_combined_score_wins_and_is_coerced_through_float,no,.,.,.,.,.,.,.,.,.,.,.,.,.,.,.,.,.,.,.,.,.,.,.,.,.,.,.,.,.,.,.,.,.,.,.,.,.,.,.,.
tests/test_noema_fitness_characterization.py::TestFourBranches::test_b2_prime_unconvertible_combined_score_falls_through_silently,no,.,.,.,.,.,.,.,.,.,.,.,.,.,.,.,.,.,.,.,.,.,.,.,.,.,.,.,.,.,.,.,.,.,.,.,.,.,.,.,.
tests/test_noema_fitness_characterization.py::TestFourBranches::test_b3_averages_non_feature_numeric_metrics_with_the_survivor_divisor,no,.,.,.,.,.,.,.,.,.,.,.,.,.,.,.,.,.,.,.,.,.,.,.,.,.,.,.,.,.,.,.,.,.,.,.,.,.,.,.,.
tests/test_noema_fitness_characterization.py::TestFourBranches::test_b4_trap_falls_back_to_all_metrics_including_feature_dimensions,no,.,.,.,.,.,.,.,.,.,.,.,.,.,.,.,.,.,.,.,.,.,.,.,.,.,.,.,.,.,.,.,.,.,.,.,.,.,.,.,.
tests/test_noema_fitness_characterization.py::TestSharpEdges::test_bool_is_admitted_as_numeric,no,.,.,.,.,.,.,.,.,.,.,.,.,.,.,.,.,.,.,.,.,.,.,.,.,.,.,.,.,.,.,.,.,.,.,.,.,.,.,.,.
tests/test_noema_fitness_characterization.py::TestSharpEdges::test_nan_escapes_through_the_combined_score_branch,no,.,.,.,.,.,.,.,.,.,.,.,.,.,.,.,.,.,.,.,.,.,.,.,.,.,.,.,.,.,.,.,.,.,.,.,.,.,.,.,.
tests/test_noema_fitness_characterization.py::TestSharpEdges::test_overflow_error_escapes_uncaught_only_from_combined_score,no,.,.,.,.,.,.,.,.,.,.,.,.,.,.,.,.,.,.,.,.,.,.,.,.,.,.,.,.,.,.,.,.,.,.,.,.,.,.,.,.
tests/test_noema_flat_controller.py::TestFlatPopulationController::test_valid_non_survivor_with_artifacts_does_not_abort_the_iteration,no,.,.,.,.,.,.,.,.,.,.,.,.,.,.,.,.,.,.,.,.,.,.,.,.,.,.,.,.,.,.,.,.,.,.,.,.,.,.,.,.
tests/test_noema_flat_store.py::TestFlatPopulationStore::test_discards_non_survivors_and_their_artifacts,no,.,.,.,.,.,.,.,.,.,.,.,.,.,.,.,.,.,.,.,.,.,.,.,.,.,.,.,.,.,.,.,.,.,.,.,.,.,.,.,.
tests/test_noema_flat_store.py::TestFlatPopulationStore::test_exposes_the_neutral_population_store_contract,no,.,.,.,.,.,.,.,.,.,.,.,.,.,.,.,.,.,.,.,.,.,.,.,.,.,.,.,.,.,.,.,.,.,.,.,.,.,.,.,.
tests/test_noema_flat_store.py::TestFlatPopulationStore::test_retains_the_two_best_distinct_objectives_in_one_global_scope,no,.,.,.,.,.,.,.,.,.,.,.,.,.,.,.,.,.,.,.,.,.,.,.,.,.,.,.,.,.,.,.,.,.,.,.,.,.,.,.,.
tests/test_noema_flat_store.py::TestFlatPopulationStore::test_round_trips_the_retained_population_and_artifacts_as_json,no,.,.,.,.,.,.,.,.,.,.,.,.,.,.,.,.,.,.,.,.,.,.,.,.,.,.,.,.,.,.,.,.,.,.,.,.,.,.,.,.
tests/test_noema_flat_store.py::TestFlatPopulationStore::test_save_records_its_checkpoint_iteration_and_loads_it,no,.,.,.,.,.,.,.,.,.,.,.,.,.,.,.,.,.,.,.,.,.,.,.,.,.,.,.,.,.,.,.,.,.,.,.,.,.,.,.,.
tests/test_noema_harness_tick_parity.py::TestHarnessStoreParity::test_store_state_is_identical,no,.,.,.,.,.,.,.,.,.,.,.,.,K,.,.,.,.,.,.,.,.,.,.,.,.,.,.,.,.,.,.,.,.,.,.,.,.,.,.,.
tests/test_noema_harness_tick_parity.py::TestHarnessTickParity::test_same_on_generation_end_count,no,.,.,.,.,.,.,.,.,.,.,.,.,.,.,.,.,.,.,.,.,.,.,.,.,.,.,.,.,.,.,.,.,.,.,.,.,.,.,.,.
tests/test_noema_hifo.py::TestEffectiveness::test_above_average_scores_moderate,no,.,.,.,.,.,.,.,.,.,.,.,.,.,.,.,.,.,.,.,.,.,.,.,.,.,.,.,.,.,.,.,.,.,.,.,.,.,.,.,.
tests/test_noema_hifo.py::TestEffectiveness::test_below_average_scores_low,no,.,.,.,.,.,.,.,.,.,.,.,.,.,.,.,.,.,.,.,.,.,.,.,.,.,.,.,.,.,.,.,.,.,.,.,.,.,.,.,.
tests/test_noema_hifo.py::TestEffectiveness::test_degenerate_population_scores_tenth,no,.,.,.,.,.,.,.,.,.,.,.,.,.,.,.,.,.,.,.,.,.,.,.,.,.,.,.,.,.,.,.,.,.,.,.,.,.,.,.,.
tests/test_noema_hifo.py::TestEffectiveness::test_empty_population_scores_zero,no,.,.,.,.,.,.,.,.,.,.,.,.,.,.,.,.,.,.,.,.,.,.,.,.,.,.,.,.,.,.,.,.,.,.,.,.,.,.,.,.
tests/test_noema_hifo.py::TestEffectiveness::test_failure_scores_minus_half,no,.,.,.,.,.,.,.,.,.,.,.,.,.,.,.,.,.,.,.,.,.,.,.,.,.,.,.,.,.,.,.,.,.,.,.,.,.,.,.,.
tests/test_noema_hifo.py::TestEffectiveness::test_new_best_scores_high,no,.,.,.,.,.,.,.,.,.,.,.,.,.,.,.,.,.,.,.,.,.,.,.,.,.,.,.,.,.,.,.,.,.,.,.,.,.,.,.,.
tests/test_noema_hifo.py::TestEvolutionaryNavigator::test_improvement_streak_triggers_exploitation_with_maximize,no,.,.,.,.,.,.,.,.,.,.,.,.,.,.,.,.,.,.,.,.,.,.,.,.,.,.,.,.,.,.,.,.,.,.,.,.,.,.,.,.
tests/test_noema_hifo.py::TestEvolutionaryNavigator::test_low_diversity_triggers_exploration,no,.,.,.,.,.,.,.,.,.,.,.,.,.,.,.,.,.,.,.,.,.,.,.,.,.,.,.,.,.,.,.,.,.,.,.,.,.,.,.,.
tests/test_noema_hifo.py::TestEvolutionaryNavigator::test_short_history_returns_balanced,no,.,.,.,.,.,.,.,.,.,.,.,.,.,.,.,.,.,.,.,.,.,.,.,.,.,.,.,.,.,.,.,.,.,.,.,.,.,.,.,.
tests/test_noema_hifo.py::TestEvolutionaryNavigator::test_stagnation_triggers_exploration,no,.,.,.,.,.,.,.,.,.,.,.,.,.,.,.,.,.,.,.,.,.,.,.,.,.,.,.,.,.,.,.,.,.,.,.,.,.,.,.,.
tests/test_noema_hifo.py::TestEvolutionaryNavigator::test_state_dict_round_trip,no,.,.,.,.,.,.,.,.,.,.,.,.,.,.,.,.,.,.,.,.,.,.,.,.,.,.,.,.,.,.,.,.,.,.,.,.,.,.,.,.
tests/test_noema_hifo.py::TestExtractionCadenceAndBasis::test_min_population_gate,no,.,.,.,.,.,.,.,.,.,.,.,.,.,.,.,.,.,.,.,.,.,.,.,.,.,.,.,.,.,.,.,.,.,.,.,.,.,.,.,.
tests/test_noema_hifo.py::TestExtractionCadenceAndBasis::test_offspring_counter_survives_checkpoint,no,.,.,.,.,.,.,.,.,.,.,.,.,.,.,.,.,.,.,.,.,.,.,.,.,.,.,.,.,.,.,.,.,.,.,.,.,.,.,.,.
tests/test_noema_hifo.py::TestExtractionCadenceAndBasis::test_thoughts_plus_code_sends_both,no,.,.,.,.,.,.,.,.,.,.,.,.,.,.,.,.,.,.,.,.,.,.,.,.,.,.,.,.,.,.,.,.,.,.,.,.,.,.,.,.
tests/test_noema_hifo.py::TestExtractionCadenceAndBasis::test_top_30_percent_slice,no,.,.,.,.,.,.,.,.,.,.,.,.,.,.,.,.,.,.,.,.,.,.,.,.,.,.,.,.,.,.,.,.,.,.,.,.,.,.,.,.
tests/test_noema_hifo.py::TestExtractionCadenceAndBasis::test_window_cadence_rolls_per_completed_interval,no,.,.,.,.,.,.,.,.,.,.,.,.,.,.,.,.,.,.,.,.,.,.,.,.,.,.,.,.,.,.,.,.,.,.,.,.,.,.,.,.
tests/test_noema_hifo.py::TestHiFoDoesNotSteerOperatorSelection::test_hifo_never_requests_an_operator,no,.,.,.,.,.,.,.,.,.,.,.,.,.,.,.,.,.,.,.,.,.,.,.,.,.,.,.,.,.,.,.,.,.,.,.,.,.,.,.,K
tests/test_noema_hifo.py::TestHiFoPromptModule::test_advise_injects_tips_directive_and_regime,no,.,.,.,.,.,.,.,.,.,.,.,.,.,.,.,.,.,.,.,.,.,.,.,.,.,.,.,.,.,.,.,.,.,.,.,.,.,.,.,.
tests/test_noema_hifo.py::TestHiFoPromptModule::test_extraction_adds_tips_and_charges_coordination_account,no,.,.,.,.,.,.,.,.,.,.,.,.,.,.,.,.,.,.,.,.,.,.,.,.,.,.,.,.,.,.,.,.,.,.,.,.,.,.,.,.
tests/test_noema_hifo.py::TestHiFoPromptModule::test_extraction_probability_zero_never_calls_llm,no,.,.,.,.,.,.,.,.,.,.,.,.,.,.,.,.,.,.,.,.,.,.,.,.,.,.,.,.,.,.,.,.,.,.,.,.,.,.,.,.
tests/test_noema_hifo.py::TestHiFoPromptModule::test_failed_child_penalizes_tips,no,.,.,.,.,.,.,.,.,.,.,.,.,.,.,.,.,.,.,.,.,.,.,.,.,.,.,.,.,.,.,.,.,.,.,.,.,.,.,.,.
tests/test_noema_hifo.py::TestHiFoPromptModule::test_log_snapshot_json_serializable,no,.,.,.,.,.,.,.,.,.,.,.,.,.,.,.,.,.,.,.,.,.,.,.,.,.,.,.,.,.,.,.,.,.,.,.,.,.,.,.,.
tests/test_noema_hifo.py::TestHiFoPromptModule::test_registered_in_module_registry,no,.,.,.,.,.,.,.,.,.,.,.,.,.,.,.,.,.,.,.,.,.,.,.,.,.,.,.,.,.,.,.,.,.,.,.,.,.,.,.,.
tests/test_noema_hifo.py::TestHiFoPromptModule::test_report_result_updates_used_tips_only,no,.,.,.,.,.,.,.,.,.,.,.,.,.,.,.,.,.,.,.,.,.,.,.,.,.,.,.,.,.,.,.,.,.,.,.,.,.,.,.,.
tests/test_noema_hifo.py::TestHiFoPromptModule::test_state_dict_round_trip,no,.,.,.,.,.,.,.,.,.,.,.,.,.,.,.,.,.,.,.,.,.,.,.,.,.,.,.,.,.,.,.,.,.,.,.,.,.,.,.,.
tests/test_noema_hifo.py::TestInsightPool::test_adaptive_strategy_prefers_effective_tips,no,.,.,.,.,.,.,.,.,.,.,.,.,.,.,.,.,.,.,.,.,.,.,.,.,.,.,.,.,.,.,.,.,.,.,.,.,.,.,.,.
tests/test_noema_hifo.py::TestInsightPool::test_add_tip_rejects_near_duplicates,no,.,.,.,.,.,.,.,.,.,.,.,.,.,.,.,.,.,.,.,.,.,.,.,.,.,.,.,.,.,.,.,.,.,.,.,.,.,.,.,.
tests/test_noema_hifo.py::TestInsightPool::test_get_tips_marks_usage,no,.,.,.,.,.,.,.,.,.,.,.,.,.,.,.,.,.,.,.,.,.,.,.,.,.,.,.,.,.,.,.,.,.,.,.,.,.,.,.,.
tests/test_noema_hifo.py::TestInsightPool::test_probation_immunity_on_eviction,no,.,.,.,.,.,.,.,.,.,.,.,.,.,.,.,.,.,.,.,.,.,.,.,.,.,.,.,.,.,.,.,.,.,.,.,.,.,.,.,.
tests/test_noema_hifo.py::TestInsightPool::test_seeded_with_default_tips,no,.,.,.,.,.,.,.,.,.,.,.,.,.,.,.,.,.,.,.,.,.,.,.,.,.,.,.,.,.,.,.,.,.,.,.,.,.,.,.,.
tests/test_noema_hifo.py::TestInsightPool::test_state_dict_round_trip,no,.,.,.,.,.,.,.,.,.,.,.,.,.,.,.,.,.,.,.,.,.,.,.,.,.,.,.,.,.,.,.,.,.,.,.,.,.,.,.,.
tests/test_noema_hifo.py::TestInsightPool::test_update_tip_stats_ema_hand_computed,no,.,.,.,.,.,.,.,.,.,.,.,.,.,.,.,.,.,.,.,.,.,.,.,.,.,.,.,.,.,.,.,.,.,.,.,.,.,.,.,.
tests/test_noema_hifo.py::TestNavigatorCadenceRegression::test_exploitation_trigger_reachable_under_steady_improvement,no,.,.,.,.,.,.,.,.,.,.,.,.,.,.,.,.,.,.,.,.,.,.,.,.,.,.,.,.,.,.,.,.,.,.,.,.,.,.,.,.
tests/test_noema_hifo.py::TestNavigatorCadenceRegression::test_history_respects_cap,no,.,.,.,.,.,.,.,.,.,.,.,.,.,.,.,.,.,.,.,.,.,.,.,.,.,.,.,.,.,.,.,.,.,.,.,.,.,.,.,.
tests/test_noema_hifo.py::TestNavigatorCadenceRegression::test_nav_best_history_survives_checkpoint,no,.,.,.,.,.,.,.,.,.,.,.,.,.,.,.,.,.,.,.,.,.,.,.,.,.,.,.,.,.,.,.,.,.,.,.,.,.,.,.,.
tests/test_noema_hifo.py::TestOutcomeAwareCredit::test_evaluated_failure_still_scores_minus_half,no,.,.,.,.,.,.,.,.,.,.,.,.,.,.,.,.,.,.,.,.,.,.,.,.,.,.,.,.,.,.,.,.,.,.,.,.,.,.,.,.
tests/test_noema_hifo.py::TestOutcomeAwareCredit::test_infrastructure_failures_skip_credit,no,.,.,.,.,.,.,.,.,.,.,.,.,.,.,.,.,.,.,.,.,.,.,.,.,.,.,.,.,.,.,.,.,.,.,.,.,.,.,.,.
tests/test_noema_hifo.py::TestPerOperatorSuffixWording::test_controller_stamps_the_drawn_operator,no,.,.,.,.,.,.,.,.,.,.,.,.,.,.,.,.,.,.,.,.,.,.,.,.,.,.,.,.,.,.,.,.,.,.,.,.,.,.,.,K
tests/test_noema_hifo.py::TestPerOperatorSuffixWording::test_each_operator_gets_its_own_verbatim_wording,no,.,.,.,.,.,.,.,.,.,.,.,.,.,.,.,.,.,.,.,.,.,.,.,.,.,.,.,.,.,.,.,.,.,.,.,.,.,.,.,.
tests/test_noema_hifo.py::TestPerOperatorSuffixWording::test_none_and_unknown_operators_use_the_i1_set,no,.,.,.,.,.,.,.,.,.,.,.,.,.,.,.,.,.,.,.,.,.,.,.,.,.,.,.,.,.,.,.,.,.,.,.,.,.,.,.,.
tests/test_noema_hifo.py::TestTwoArmPilot::test_children_carry_changes_description,no,.,.,.,.,.,.,.,.,.,.,.,.,.,.,.,.,.,.,.,.,.,.,.,.,.,.,.,.,.,.,.,.,.,.,.,.,.,.,.,.
tests/test_noema_hifo.py::TestTwoArmPilot::test_hifo_arm_learns_extracted_tip,no,.,.,.,.,.,.,.,.,.,.,.,.,.,.,.,.,.,.,.,.,.,.,.,.,.,.,.,.,.,.,.,.,.,.,.,.,.,.,.,.
tests/test_noema_hifo.py::TestTwoArmPilot::test_hifo_children_distributed_across_islands,no,.,.,.,.,.,.,.,.,.,.,.,K,.,.,.,.,.,K,.,.,.,.,.,.,.,.,.,.,.,.,.,.,.,.,.,.,.,.,.,.
tests/test_noema_hifo.py::TestTwoArmPilot::test_prompts_identical_except_coordination_block,no,.,.,.,.,.,.,.,.,.,.,.,.,.,.,.,.,.,.,.,.,.,.,.,.,.,.,.,.,.,.,.,.,.,.,.,.,.,.,.,.
tests/test_noema_hifo_prob_rank.py::TestHiFoProbRankSelection::test_draws_one_parent_from_source_rank_weights,no,.,.,.,.,.,.,.,.,.,.,.,.,.,.,.,.,.,.,.,.,.,.,.,.,.,.,.,.,.,.,.,.,.,.,.,.,.,.,.,.
tests/test_noema_hifo_prob_rank.py::TestHiFoProbRankSelection::test_empty_population_is_rejected,no,.,.,.,.,.,.,.,.,.,.,.,.,.,.,.,.,.,.,.,.,.,.,.,.,.,.,.,.,.,.,.,.,.,.,.,.,.,.,.,.
tests/test_noema_hifo_prob_rank.py::TestHiFoProbRankSelection::test_flat_substrate_defaults_to_hifo_probability_rank_selection,no,.,.,.,.,.,.,.,.,.,.,.,.,.,.,.,.,.,.,.,.,.,.,.,.,.,.,.,.,.,.,.,.,.,.,.,.,.,.,.,.
tests/test_noema_hifo_prob_rank.py::TestHiFoProbRankSelection::test_json_checkpoint_continues_the_seeded_draw_sequence,no,.,.,.,.,.,.,.,.,.,.,.,.,.,.,.,.,.,.,.,.,.,.,.,.,.,.,.,.,.,.,.,.,.,.,.,.,.,.,.,.
tests/test_noema_inner_session.py::TestInnerMcpAttachment::test_claude_argv_includes_mcp_config,no,.,.,.,.,.,.,.,.,.,.,.,.,.,.,.,.,.,.,.,.,.,.,.,.,.,.,.,.,.,.,.,.,.,.,.,.,.,.,.,.
tests/test_noema_inner_session.py::TestInnerMcpAttachment::test_cli_mutation_backend_attaches_inner_mcp_when_session_bound,no,.,.,.,.,.,.,.,.,.,.,.,.,.,.,.,.,.,.,.,.,.,.,.,.,.,.,.,.,.,.,.,.,.,.,.,.,.,.,.,.
tests/test_noema_inner_session.py::TestInnerMcpAttachment::test_cli_mutation_backend_without_session_writes_no_mcp_config,no,.,.,.,.,.,.,.,.,.,.,.,.,.,.,.,.,.,.,.,.,.,.,.,.,.,.,.,.,.,.,.,.,.,.,.,.,.,.,.,.
tests/test_noema_inner_session.py::TestInnerMcpAttachment::test_deep_coordination_spawn_attaches_inner_mcp,no,.,.,.,.,.,.,.,.,.,.,.,.,.,.,.,.,.,.,.,.,.,.,.,.,.,.,.,.,.,.,.,.,.,.,.,.,.,.,.,.
tests/test_noema_inner_session.py::TestInnerMcpAttachment::test_prepare_writes_snapshot_backup_and_mcp_config,no,.,.,.,.,.,.,.,.,.,.,.,.,.,.,.,.,.,.,.,.,.,.,.,.,.,.,.,.,.,.,.,.,.,.,.,.,.,.,.,.
tests/test_noema_inner_session.py::TestInnerMcpReadTools::test_best_programs_ranked_by_fitness_and_limited,no,.,.,.,.,.,.,.,.,.,.,.,.,.,.,.,.,.,.,.,.,.,.,.,.,.,.,.,.,.,.,.,.,.,.,.,.,.,.,.,.
tests/test_noema_inner_session.py::TestInnerMcpReadTools::test_children_by_parent,no,.,.,.,.,.,.,.,.,.,.,.,.,.,.,.,.,.,.,.,.,.,.,.,.,.,.,.,.,.,.,.,.,.,.,.,.,.,.,.,.
tests/test_noema_inner_session.py::TestInnerMcpReadTools::test_coordination_snapshot_passthrough,no,.,.,.,.,.,.,.,.,.,.,.,.,.,.,.,.,.,.,.,.,.,.,.,.,.,.,.,.,.,.,.,.,.,.,.,.,.,.,.,.
tests/test_noema_inner_session.py::TestInnerMcpReadTools::test_memory_status_reports_counts_and_run_status,no,.,.,.,.,.,.,.,.,.,.,.,.,.,.,.,.,.,.,.,.,.,.,.,.,.,.,.,.,.,.,.,.,.,.,.,.,.,.,.,.
tests/test_noema_inner_session.py::TestInnerMcpReadTools::test_parents_by_child_respects_limit,no,.,.,.,.,.,.,.,.,.,.,.,.,.,.,.,.,.,.,.,.,.,.,.,.,.,.,.,.,.,.,.,.,.,.,.,.,.,.,.,.
tests/test_noema_inner_session.py::TestInnerMcpReadTools::test_parents_by_child_walks_the_chain,no,.,.,.,.,.,.,.,.,.,.,.,.,.,.,.,.,.,.,.,.,.,.,.,.,.,.,.,.,.,.,.,.,.,.,.,.,.,.,.,.
tests/test_noema_inner_session.py::TestInnerMcpReadTools::test_program_by_id_and_missing,no,.,.,.,.,.,.,.,.,.,.,.,.,.,.,.,.,.,.,.,.,.,.,.,.,.,.,.,.,.,.,.,.,.,.,.,.,.,.,.,.
tests/test_noema_inner_session.py::TestInnerMcpServer::test_coordination_mode_swaps_the_submit_tool,no,.,.,.,.,.,.,.,.,.,.,.,.,.,.,.,.,.,.,.,.,.,.,.,.,.,.,.,.,.,.,.,.,.,.,.,.,.,.,.,.
tests/test_noema_inner_session.py::TestInnerMcpServer::test_coordination_submit_schema_accepts_only_response_text,no,.,.,.,.,.,.,.,.,.,.,.,.,.,.,.,.,.,.,.,.,.,.,.,.,.,.,.,.,.,.,.,.,.,.,.,.,.,.,.,.
tests/test_noema_inner_session.py::TestInnerMcpServer::test_list_tools_return_one_content_block,no,.,.,.,.,.,.,.,.,.,.,.,.,.,.,.,.,.,.,.,.,.,.,.,.,.,.,.,.,.,.,.,.,.,.,.,.,.,.,.,.
tests/test_noema_inner_session.py::TestInnerMcpServer::test_mutation_mode_tools,no,.,.,.,.,.,.,.,.,.,.,.,.,.,.,.,.,.,.,.,.,.,.,.,.,.,.,.,.,.,.,.,.,.,.,.,.,.,.,.,.
tests/test_noema_inner_session.py::TestInnerMcpSubmit::test_submit_coordination_rejects_empty_or_structured_advice,no,.,.,.,.,.,.,.,.,.,.,.,.,.,.,.,.,.,.,.,.,.,.,.,.,.,.,.,.,.,.,.,.,.,.,.,.,.,.,.,.
tests/test_noema_inner_session.py::TestInnerMcpSubmit::test_submit_coordination_writes_llm_text_the_module_can_parse,no,.,.,.,.,.,.,.,.,.,.,.,.,.,.,.,.,.,.,.,.,.,.,.,.,.,.,.,.,.,.,.,.,.,.,.,.,.,.,.,.
tests/test_noema_inner_session.py::TestInnerMcpSubmit::test_submit_mutation_rejects_empty_code,no,.,.,.,.,.,.,.,.,.,.,.,.,.,.,.,.,.,.,.,.,.,.,.,.,.,.,.,.,.,.,.,.,.,.,.,.,.,.,.,.
tests/test_noema_inner_session.py::TestInnerMcpSubmit::test_submit_mutation_writes_deliverable,no,.,.,.,.,.,.,.,.,.,.,.,.,.,.,.,.,.,.,.,.,.,.,.,.,.,.,.,.,.,.,.,.,.,.,.,.,.,.,.,.
tests/test_noema_inner_session.py::TestInnerSession::test_build_snapshot,no,.,.,.,.,.,.,.,.,.,.,.,.,.,.,.,.,.,.,.,.,.,.,.,.,.,.,.,.,.,.,.,.,.,.,.,.,.,.,.,.
tests/test_noema_inner_session.py::TestInnerSession::test_build_snapshot_lineage_map_uses_program_parent_id,no,.,.,.,.,.,.,.,.,.,.,.,.,.,.,.,.,.,.,.,.,.,.,.,.,.,.,.,.,.,.,.,.,.,.,.,.,.,.,.,.
tests/test_noema_inner_session.py::TestInnerSession::test_build_snapshot_reuses_store_population_snapshot,no,.,.,.,.,.,.,.,.,.,.,.,.,.,.,.,.,.,.,.,.,.,.,.,.,.,.,.,.,.,.,.,.,.,.,.,.,.,.,.,.
tests/test_noema_inner_session.py::TestInnerSession::test_coordination_response_default_prompt_block,no,.,.,.,.,.,.,.,.,.,.,.,.,.,.,.,.,.,.,.,.,.,.,.,.,.,.,.,.,.,.,.,.,.,.,.,.,.,.,.,.
tests/test_noema_inner_session.py::TestInnerSession::test_coordination_response_does_not_admit_system_block,no,.,.,.,.,.,.,.,.,.,.,.,.,.,.,.,.,.,.,.,.,.,.,.,.,.,.,.,.,.,.,.,.,.,.,.,.,.,.,.,.
tests/test_noema_inner_session.py::TestInnerSession::test_coordination_response_hifo_bullets,no,.,.,.,.,.,.,.,.,.,.,.,.,.,.,.,.,.,.,.,.,.,.,.,.,.,.,.,.,.,.,.,.,.,.,.,.,.,.,.,.
tests/test_noema_inner_session.py::TestInnerSession::test_coordination_response_invalid_json,no,.,.,.,.,.,.,.,.,.,.,.,.,.,.,.,.,.,.,.,.,.,.,.,.,.,.,.,.,.,.,.,.,.,.,.,.,.,.,.,.
tests/test_noema_inner_session.py::TestInnerSession::test_coordination_response_prefers_llm_text_over_legacy_advice_fields,no,.,.,.,.,.,.,.,.,.,.,.,.,.,.,.,.,.,.,.,.,.,.,.,.,.,.,.,.,.,.,.,.,.,.,.,.,.,.,.,.
tests/test_noema_inner_session.py::TestInnerSession::test_module_help_is_warning_clean,no,.,.,.,.,.,.,.,.,.,.,.,.,.,.,.,.,.,.,.,.,.,.,.,.,.,.,.,.,.,.,.,.,.,.,.,.,.,.,.,.
tests/test_noema_inner_session.py::TestSearchLandscapeAcrossSubstrates::test_cvt_displaced_elite_remains_readable_for_lineage,no,.,.,.,.,.,.,.,.,.,.,.,.,.,.,.,.,.,.,.,.,.,.,.,.,.,.,.,.,.,.,.,.,.,.,.,.,.,.,.,.
tests/test_noema_inner_session.py::TestSearchLandscapeAcrossSubstrates::test_flat_lineage_stops_at_the_store_retention_boundary,no,.,.,.,.,.,.,.,.,.,.,.,.,.,.,.,.,.,.,.,.,.,.,.,.,.,.,.,.,.,.,.,.,.,.,.,.,.,.,.,.
tests/test_noema_inner_session.py::TestSearchLandscapeAcrossSubstrates::test_retained_read_contract_on_every_shipped_substrate,no,.,.,.,.,.,.,.,.,.,.,.,.,.,.,.,.,.,.,.,.,.,.,.,.,.,.,.,.,.,.,.,.,.,.,.,.,.,.,.,.
tests/test_noema_inner_session.py::TestSearchLandscapeAcrossSubstrates::test_tree_active_view_can_be_smaller_but_full_lineage_resolves,no,.,.,.,.,.,.,.,.,.,.,.,.,.,.,.,.,.,.,.,.,.,.,.,.,.,.,.,.,.,.,.,.,.,.,.,.,.,.,.,.
tests/test_noema_islands_adapter_fidelity_spec.py::AdapterRouted_test_concurrent_island_access_TestConcurrentIslandAccess::test_concurrent_island_state_modification_causes_race_condition,yes,.,.,.,.,.,.,.,.,.,.,.,.,.,.,.,.,.,.,.,.,.,.,.,.,.,.,.,.,.,.,.,.,.,.,.,.,.,.,.,.
tests/test_noema_islands_adapter_fidelity_spec.py::AdapterRouted_test_concurrent_island_access_TestConcurrentIslandAccess::test_sequential_island_access_works_correctly,yes,.,.,.,.,.,.,.,.,.,.,.,.,.,.,.,.,.,.,.,.,.,.,.,.,.,.,.,.,.,.,.,.,.,.,.,.,.,.,.,.
tests/test_noema_islands_adapter_fidelity_spec.py::AdapterRouted_test_database_TestProgramDatabase::test_add_and_get,yes,.,.,.,.,.,.,.,.,.,.,.,.,.,.,.,.,.,.,.,.,.,.,.,.,.,.,.,.,.,.,.,.,.,.,.,.,.,.,.,.
tests/test_noema_islands_adapter_fidelity_spec.py::AdapterRouted_test_database_TestProgramDatabase::test_best_program_tracking,yes,.,.,.,.,.,.,.,.,.,.,.,.,.,.,.,.,.,.,.,.,.,.,.,.,.,.,.,.,.,.,.,.,.,.,.,.,.,.,.,.
tests/test_noema_islands_adapter_fidelity_spec.py::AdapterRouted_test_database_TestProgramDatabase::test_get_best_program,yes,.,.,.,.,.,.,.,.,.,.,.,.,.,.,.,.,.,.,.,.,.,.,.,.,.,.,.,.,.,.,.,.,.,.,.,.,.,.,.,.
tests/test_noema_islands_adapter_fidelity_spec.py::AdapterRouted_test_database_TestProgramDatabase::test_island_operations_basic,yes,.,.,.,.,.,.,.,.,.,.,.,K,.,.,.,.,.,.,.,.,.,.,.,.,.,K,.,.,.,.,.,.,.,.,.,.,.,.,.,.
tests/test_noema_islands_adapter_fidelity_spec.py::AdapterRouted_test_database_TestProgramDatabase::test_multi_island_setup,yes,.,.,.,.,.,.,.,.,.,.,.,K,.,.,.,.,.,.,.,.,.,.,.,.,.,K,.,.,.,.,.,.,.,.,.,.,.,.,.,.
tests/test_noema_islands_adapter_fidelity_spec.py::AdapterRouted_test_database_TestProgramDatabase::test_population_limit_enforcement,yes,.,.,.,.,.,.,.,.,.,.,.,.,.,.,.,.,.,.,.,.,.,.,.,.,.,.,.,.,.,.,.,.,.,.,.,.,.,.,.,.
tests/test_noema_islands_adapter_fidelity_spec.py::AdapterRouted_test_island_child_placement_TestEmptyIslandChildPlacement::test_child_should_go_to_target_island_not_parent_island,yes,.,.,.,.,.,.,.,.,.,.,.,K,.,.,.,.,.,.,.,.,.,.,.,K,.,K,.,.,.,.,.,.,.,.,.,.,.,.,.,.
tests/test_noema_islands_adapter_fidelity_spec.py::AdapterRouted_test_island_child_placement_TestEmptyIslandChildPlacement::test_explicit_target_island_overrides_parent_inheritance,yes,.,.,.,.,.,.,.,.,.,.,.,K,.,.,.,.,.,.,.,.,.,.,.,K,.,K,.,.,.,.,.,.,.,.,.,.,.,.,.,.
tests/test_noema_islands_adapter_fidelity_spec.py::AdapterRouted_test_island_child_placement_TestEmptyIslandChildPlacement::test_sample_from_empty_island_returns_fallback_parent,yes,.,.,.,.,.,.,.,.,.,.,.,K,.,.,.,.,.,.,.,.,.,.,.,K,.,K,.,.,.,.,.,.,.,.,.,.,.,.,.,.
tests/test_noema_islands_adapter_fidelity_spec.py::AdapterRouted_test_island_child_placement_TestIslandChildPlacement::test_child_inherits_parent_island_when_no_target_specified,yes,.,.,.,.,.,.,.,.,.,.,.,.,.,.,.,.,.,.,.,.,.,.,.,.,.,.,.,.,.,.,.,.,.,.,.,.,.,.,.,.
tests/test_noema_islands_adapter_fidelity_spec.py::AdapterRouted_test_island_child_placement_TestIslandChildPlacement::test_child_placed_in_target_island_when_specified,yes,.,.,.,.,.,.,.,.,.,.,.,K,.,.,.,.,.,.,.,.,.,.,.,K,.,K,.,.,.,.,.,.,.,.,.,.,.,.,.,.
tests/test_noema_islands_adapter_fidelity_spec.py::AdapterRouted_test_island_child_placement_TestIslandPopulationGrowth::test_islands_should_all_get_populated,yes,.,.,.,.,.,.,.,.,.,.,.,K,.,.,.,.,.,.,.,.,.,.,.,.,.,K,.,.,.,.,.,.,.,.,.,.,.,.,.,.
tests/test_noema_islands_adapter_fidelity_spec.py::AdapterRouted_test_island_child_placement_TestRegressionOldBehavior::test_with_target_island_child_goes_to_target,yes,.,.,.,.,.,.,.,.,.,.,.,.,.,.,.,.,.,.,.,.,.,.,.,.,.,.,.,.,.,.,.,.,.,.,.,.,.,.,.,.
tests/test_noema_islands_adapter_fidelity_spec.py::AdapterRouted_test_island_child_placement_TestRegressionOldBehavior::test_without_target_island_child_inherits_parent,yes,.,.,.,.,.,.,.,.,.,.,.,.,.,.,.,.,.,.,.,.,.,.,.,.,.,.,.,.,.,.,.,.,.,.,.,.,.,.,.,.
tests/test_noema_islands_adapter_fidelity_spec.py::AdapterRouted_test_island_map_elites_TestIslandMapElites::test_global_best_program_tracks_across_islands,yes,.,K,.,.,.,.,.,.,.,.,.,.,.,.,.,.,.,.,.,.,.,.,.,.,.,.,.,.,.,.,.,.,.,.,.,.,.,.,.,.
tests/test_noema_islands_adapter_fidelity_spec.py::AdapterRouted_test_island_migration_TestIslandMigration::test_program_island_assignment,yes,.,.,.,.,.,.,.,.,.,.,.,K,.,.,.,.,.,.,.,.,.,.,.,.,.,K,.,.,.,.,.,.,.,.,.,.,.,.,.,.
tests/test_noema_islands_adapter_fidelity_spec.py::AdapterRouted_test_island_parent_consistency_TestIslandParentConsistency::test_explicit_migration_override,yes,.,.,.,.,.,.,.,.,.,.,.,K,.,.,.,.,.,.,.,.,.,.,.,K,.,K,.,.,.,.,.,.,.,.,.,.,.,.,.,.
tests/test_noema_islands_adapter_fidelity_spec.py::AdapterRouted_test_island_tracking_TestIslandTracking::test_better_program_updates_island_best,yes,.,.,.,.,.,.,.,.,.,.,.,.,.,.,.,.,.,.,.,.,.,.,.,.,.,.,.,.,.,.,.,.,.,.,.,.,.,.,.,.
tests/test_noema_islands_adapter_fidelity_spec.py::AdapterRouted_test_island_tracking_TestIslandTracking::test_empty_island_top_programs,yes,.,.,.,.,.,.,.,.,.,.,.,.,.,.,.,.,.,.,.,.,.,.,.,.,.,.,.,.,.,.,.,.,.,.,.,.,.,.,.,.
tests/test_noema_islands_adapter_fidelity_spec.py::AdapterRouted_test_island_tracking_TestIslandTracking::test_first_program_becomes_island_best,yes,.,.,.,.,.,.,.,.,.,.,.,K,.,.,.,.,.,.,.,.,.,.,.,.,.,K,.,.,.,.,.,.,.,.,.,.,.,.,.,.
tests/test_noema_islands_adapter_fidelity_spec.py::AdapterRouted_test_island_tracking_TestIslandTracking::test_get_top_programs_island_specific,yes,.,.,.,.,.,.,.,.,.,.,.,.,.,.,.,.,.,.,.,.,.,.,.,.,.,.,.,.,.,.,.,.,K,.,.,.,.,.,.,.
tests/test_noema_islands_adapter_fidelity_spec.py::AdapterRouted_test_island_tracking_TestIslandTracking::test_initial_island_best_tracking,yes,.,.,.,.,.,.,.,.,.,.,.,K,.,.,.,.,.,.,.,.,.,.,.,.,.,K,.,.,.,.,.,.,.,.,.,.,.,.,.,.
tests/test_noema_islands_adapter_fidelity_spec.py::AdapterRouted_test_island_tracking_TestIslandTracking::test_invalid_island_index_handling,yes,.,.,.,.,.,.,.,.,.,.,.,.,.,.,.,.,.,.,.,.,.,.,.,.,.,.,.,.,.,.,.,.,.,.,.,.,.,.,.,.
tests/test_noema_islands_adapter_fidelity_spec.py::AdapterRouted_test_island_tracking_TestIslandTracking::test_island_best_persistence,yes,.,.,.,.,.,.,.,.,.,.,.,.,.,.,.,.,.,.,.,.,.,.,.,.,.,.,.,.,.,.,.,.,.,.,.,.,.,.,.,.
tests/test_noema_islands_adapter_fidelity_spec.py::AdapterRouted_test_island_tracking_TestIslandTracking::test_island_best_with_combined_score,yes,.,.,.,.,.,.,.,.,.,.,.,.,.,.,.,.,.,.,.,.,.,.,.,.,.,.,.,.,.,.,.,.,.,.,.,.,.,.,.,.
tests/test_noema_islands_adapter_fidelity_spec.py::AdapterRouted_test_island_tracking_TestIslandTracking::test_island_isolation_in_best_tracking,yes,.,.,.,.,.,.,.,.,.,.,.,K,.,.,.,.,.,.,.,.,.,.,.,.,.,K,.,.,.,.,.,.,.,.,.,.,.,.,.,.
tests/test_noema_islands_adapter_fidelity_spec.py::AdapterRouted_test_island_tracking_TestIslandTracking::test_migration_updates_island_best,yes,.,.,.,.,.,.,.,.,.,.,.,.,.,.,.,.,.,.,.,.,.,.,.,.,.,.,.,.,.,.,.,.,.,.,.,.,.,.,.,.
tests/test_noema_islands_adapter_fidelity_spec.py::AdapterRouted_test_island_tracking_TestIslandTracking::test_worse_program_does_not_update_island_best,yes,.,.,.,.,.,.,.,.,.,.,.,.,.,.,.,.,.,.,.,.,.,.,.,.,.,.,.,.,.,.,.,.,.,.,.,.,.,.,.,.
tests/test_noema_islands_adapter_fidelity_spec.py::AdapterRouted_test_sample_from_island_ratios_TestSampleFromIslandEdgeCases::test_empty_island_fallback,yes,.,.,.,.,.,.,.,.,.,.,.,.,.,.,.,.,.,.,.,.,.,.,.,.,.,.,.,.,.,.,.,.,.,.,.,.,.,.,.,.
tests/test_noema_islands_adapter_fidelity_spec.py::AdapterRouted_test_sample_from_island_ratios_TestSampleFromIslandEdgeCases::test_island_id_wrapping,yes,.,.,.,.,.,.,.,.,.,.,.,.,.,.,.,.,.,.,.,.,.,.,.,.,.,.,.,.,.,.,.,.,.,.,.,.,.,.,.,.
tests/test_noema_islands_adapter_fidelity_spec.py::AdapterRouted_test_sample_from_island_ratios_TestSampleFromIslandEdgeCases::test_single_program_island,yes,.,.,.,.,.,.,.,.,.,.,.,.,.,.,.,.,.,.,.,.,.,.,.,.,.,.,.,.,.,.,.,.,.,.,.,.,.,.,.,.
tests/test_noema_islands_adapter_fidelity_spec.py::AdapterRouted_test_sample_from_island_ratios_TestSampleFromIslandRatios::test_exploitation_uses_archive,yes,.,.,.,.,.,.,.,.,.,.,.,.,.,.,.,.,.,.,.,.,.,.,.,.,.,.,.,.,.,.,.,.,.,.,.,.,.,.,.,.
tests/test_noema_islands_adapter_fidelity_spec.py::AdapterRouted_test_sample_from_island_ratios_TestSampleFromIslandRatios::test_exploration_exploitation_random_ratios,yes,.,.,.,.,.,.,.,.,.,.,.,.,.,.,.,.,.,.,.,.,.,.,.,.,.,.,.,.,.,.,.,.,.,.,.,.,.,.,.,.
tests/test_noema_islands_adapter_fidelity_spec.py::AdapterRouted_test_sample_from_island_ratios_TestSampleFromIslandRatios::test_exploration_mode_uniform_distribution,yes,.,.,.,.,.,.,.,.,.,.,.,.,.,.,.,.,.,.,.,.,.,.,.,.,.,.,.,.,.,.,.,.,.,.,.,.,.,.,.,.
tests/test_noema_islands_adapter_fidelity_spec.py::AdapterRouted_test_sample_from_island_ratios_TestSampleFromIslandRatios::test_sample_from_island_returns_from_correct_island,yes,.,.,.,.,.,.,.,.,.,.,.,.,.,.,.,.,.,.,.,.,.,.,.,.,.,.,.,.,.,.,.,.,.,.,.,.,.,.,.,.
tests/test_noema_islands_adapter_fidelity_spec.py::AdapterRouted_test_sample_from_island_ratios_TestSampleFromIslandRatios::test_sample_from_island_with_different_islands,yes,.,.,.,.,.,.,.,.,.,.,.,.,.,.,.,.,.,.,.,.,.,.,.,.,.,.,.,.,.,.,.,.,.,.,.,.,.,.,.,.
tests/test_noema_islands_adapter_fidelity_spec.py::AdapterRouted_test_sample_from_island_ratios_TestSampleFromIslandRatios::test_weighted_mode_favors_high_fitness,yes,.,.,.,.,.,.,.,.,.,.,.,.,.,.,.,.,.,.,.,.,.,.,.,K,.,.,.,.,.,.,.,.,.,.,.,.,.,.,.,.
tests/test_noema_islands_adapter_fidelity_spec.py::TestDonorSuiteIsFullyCollected::test_every_donor_test_is_collected,no,.,.,.,.,.,.,.,.,.,.,.,.,.,.,.,.,.,.,.,.,.,.,.,.,.,.,.,.,.,.,.,.,.,.,.,.,.,.,.,.
tests/test_noema_islands_fidelity_spec.py::IslandsStockFidelitySpec::test_empty_source_island_has_openevolve_global_fallback,yes,.,.,.,.,.,.,.,.,.,.,.,.,.,.,.,.,.,.,.,.,.,K,.,.,.,.,.,.,.,.,.,.,.,.,.,.,.,.,.,.
tests/test_noema_islands_fidelity_spec.py::IslandsStockFidelitySpec::test_interface_runtime_and_snapshots_do_not_perturb_stock_rng_trace,yes,.,.,.,.,.,.,.,.,.,.,.,K,.,.,.,.,.,.,.,.,.,.,.,.,.,.,.,.,.,.,.,.,.,.,.,.,.,.,.,.
tests/test_noema_islands_fidelity_spec.py::IslandsStockFidelitySpec::test_omitted_selection_and_old_database_config_mean_stock,yes,.,.,.,.,.,.,.,.,.,.,.,.,.,.,.,.,.,.,.,.,.,.,.,.,.,.,.,.,.,.,.,.,.,.,.,.,.,.,.,.
tests/test_noema_islands_fidelity_spec.py::IslandsStockFidelitySpec::test_stock_has_no_numpy_or_program_metadata_side_effects,yes,.,.,.,.,.,.,.,.,.,.,.,.,.,.,.,.,.,.,.,.,.,.,.,.,.,.,.,.,.,.,.,.,.,.,.,.,.,.,.,.
tests/test_noema_islands_fidelity_spec.py::IslandsStockFidelitySpec::test_stock_is_one_atomic_delegation_to_openevolve,yes,.,.,.,.,.,.,.,.,.,.,.,K,.,.,.,.,.,.,.,.,.,K,.,.,.,.,.,.,.,.,.,.,.,.,.,.,.,.,.,.
tests/test_noema_islands_fidelity_spec.py::IslandsStockFidelitySpec::test_stock_propagates_delegate_failure_without_retry,yes,.,.,.,.,.,.,.,.,.,.,.,K,.,.,.,.,.,.,.,.,.,.,.,.,.,.,.,.,.,.,.,.,.,.,.,.,.,.,.,.
tests/test_noema_islands_fidelity_spec.py::IslandsStockFidelitySpec::test_stock_seeded_traces_and_python_rng_state_equal_direct_openevolve,yes,.,.,.,.,.,.,.,.,.,.,.,K,.,.,.,.,.,.,.,.,.,.,.,.,.,.,.,.,.,.,.,.,.,.,.,.,.,.,.,.
tests/test_noema_islands_fidelity_spec.py::IslandsStockFidelitySpec::test_write_target_and_selection_source_are_distinct_scopes,yes,.,.,.,.,.,.,.,.,.,.,.,K,.,.,.,.,.,K,.,.,.,.,.,.,.,.,.,.,.,.,.,.,.,.,.,.,.,.,.,.
tests/test_noema_islands_wrapper_fidelity_spec.py::TestIslandBestTrackingThroughWrapper::test_better_program_raises_the_island_best,yes,.,.,.,.,.,.,.,.,K,.,.,.,.,.,.,.,.,K,.,.,.,.,K,.,.,.,.,.,.,.,.,.,.,.,.,.,.,.,.,.
tests/test_noema_islands_wrapper_fidelity_spec.py::TestIslandBestTrackingThroughWrapper::test_combined_score_not_raw_score_drives_the_island_best,yes,.,.,.,.,.,.,.,.,K,.,.,.,.,.,.,.,.,K,.,.,.,.,K,.,.,.,.,.,.,.,.,.,.,.,.,.,.,.,.,.
tests/test_noema_islands_wrapper_fidelity_spec.py::TestIslandBestTrackingThroughWrapper::test_island_bests_persist_across_later_weaker_additions,yes,.,.,.,.,.,.,.,.,K,.,.,.,.,.,.,.,.,K,.,.,.,.,K,.,.,.,.,.,.,.,.,.,.,.,.,.,.,.,.,.
tests/test_noema_islands_wrapper_fidelity_spec.py::TestIslandBestTrackingThroughWrapper::test_program_added_to_an_empty_island_becomes_its_best,yes,.,.,.,.,.,.,.,.,K,.,.,.,.,K,.,.,.,K,.,.,.,.,K,.,.,.,.,.,.,.,.,.,.,.,.,.,.,.,.,.
tests/test_noema_islands_wrapper_fidelity_spec.py::TestIslandBestTrackingThroughWrapper::test_worse_program_does_not_lower_the_island_best,yes,.,.,.,.,.,.,.,.,K,.,.,.,.,.,.,.,.,K,.,.,.,.,K,.,.,.,.,.,.,.,.,.,.,.,.,.,.,.,.,.
tests/test_noema_islands_wrapper_fidelity_spec.py::TestIslandConcurrencyThroughWrapper::test_concurrent_selection_never_crosses_island_boundaries,yes,.,.,.,.,.,.,.,.,.,.,.,K,.,.,.,.,.,K,.,.,.,.,.,.,.,.,.,.,.,.,.,.,.,.,.,.,.,.,.,.
tests/test_noema_islands_wrapper_fidelity_spec.py::TestIslandConcurrencyThroughWrapper::test_selection_target_is_an_argument_not_shared_mutable_state,yes,.,.,.,.,.,.,.,.,.,.,.,K,.,.,.,.,.,K,.,.,.,.,.,.,.,.,.,.,.,.,.,.,.,.,.,.,.,.,.,.
tests/test_noema_islands_wrapper_fidelity_spec.py::TestIslandGenerationBookkeeping::test_end_generation_advances_every_island_not_just_island_zero,yes,.,.,.,K,.,.,.,.,.,.,.,K,.,.,.,.,.,.,.,.,.,.,.,.,.,.,.,.,.,.,.,.,.,.,.,.,.,.,.,.
tests/test_noema_islands_wrapper_fidelity_spec.py::TestIslandGenerationBookkeeping::test_end_generation_reports_false_until_the_interval_is_reached,yes,.,.,K,.,.,.,.,.,.,.,.,.,.,.,.,.,.,.,.,.,.,.,.,.,.,.,.,.,.,.,.,.,.,.,.,.,.,.,.,.
tests/test_noema_islands_wrapper_fidelity_spec.py::TestIslandGenerationBookkeeping::test_generation_vector_matches_upstream_controller_pattern,yes,.,.,.,K,.,.,.,.,.,.,.,K,.,.,.,.,.,.,.,.,.,.,.,.,.,.,.,.,.,.,.,.,.,.,.,.,.,.,.,.
tests/test_noema_islands_wrapper_fidelity_spec.py::TestIslandGenerationBookkeeping::test_migration_cadence_matches_upstream_controller_pattern,yes,.,.,K,.,.,.,.,.,.,.,.,.,.,.,.,.,.,.,.,.,.,.,.,.,.,.,.,.,.,.,.,.,.,.,.,.,.,.,.,.
tests/test_noema_islands_wrapper_fidelity_spec.py::TestIslandGenerationBookkeeping::test_resuming_a_pre_repair_checkpoint_keeps_migration_cadence,yes,.,.,K,.,.,.,.,.,.,.,K,.,.,.,.,.,.,.,.,.,.,.,.,.,.,.,.,.,.,.,.,.,.,.,.,.,.,.,.,.
tests/test_noema_islands_wrapper_fidelity_spec.py::TestIslandMapElitesThroughWrapper::test_better_program_replaces_the_weaker_one_in_the_same_cell,yes,.,.,.,.,.,.,.,.,.,.,.,.,.,.,.,.,.,.,.,.,.,.,.,K,.,.,.,.,.,.,.,.,.,.,.,.,.,.,.,.
tests/test_noema_islands_wrapper_fidelity_spec.py::TestIslandMapElitesThroughWrapper::test_checkpoint_round_trip_preserves_per_island_placement,yes,.,.,.,.,.,.,.,.,.,K,.,.,.,.,.,K,.,.,.,.,.,.,.,K,.,.,.,.,.,.,.,.,.,.,.,.,.,.,.,.
tests/test_noema_islands_wrapper_fidelity_spec.py::TestIslandMapElitesThroughWrapper::test_identical_features_on_different_islands_do_not_collide,yes,.,.,.,.,.,.,.,.,.,.,.,.,.,.,.,.,.,K,.,.,.,.,.,.,.,.,.,.,.,.,.,.,.,.,.,.,.,.,.,.
tests/test_noema_islands_wrapper_fidelity_spec.py::TestIslandMapElitesThroughWrapper::test_no_migrant_suffix_ids_are_ever_generated,yes,.,.,.,.,.,.,.,.,.,.,.,.,K,.,.,.,.,.,.,.,.,.,.,.,.,.,.,.,.,.,.,.,.,.,.,.,.,.,.,.
tests/test_noema_islands_wrapper_fidelity_spec.py::TestIslandMigrationThroughWrapper::test_islands_start_empty_and_evenly_configured,yes,.,.,.,.,.,.,.,.,.,.,.,K,.,K,.,.,.,.,.,.,.,.,.,.,.,K,.,.,.,.,.,.,.,.,.,.,.,.,.,.
tests/test_noema_islands_wrapper_fidelity_spec.py::TestIslandMigrationThroughWrapper::test_migrants_are_recorded_on_an_island_and_total_never_shrinks,yes,.,.,K,.,.,.,.,.,.,.,.,K,.,.,.,.,.,.,.,.,.,.,.,.,.,.,.,.,.,.,.,.,.,.,.,.,.,.,.,.
tests/test_noema_islands_wrapper_fidelity_spec.py::TestIslandMigrationThroughWrapper::test_migrants_copy_their_source_and_land_on_their_recorded_island,yes,.,.,K,.,.,.,.,.,.,.,.,K,.,.,.,.,.,.,.,.,.,.,.,.,.,.,.,.,.,.,.,.,.,.,.,.,.,.,.,.
tests/test_noema_islands_wrapper_fidelity_spec.py::TestIslandMigrationThroughWrapper::test_migration_never_produces_migrant_suffixed_ids,yes,.,.,K,.,.,.,.,.,.,.,.,.,.,.,.,.,.,.,.,.,.,.,.,.,.,.,.,.,.,.,.,.,.,.,.,.,.,.,.,.
tests/test_noema_islands_wrapper_fidelity_spec.py::TestIslandMigrationThroughWrapper::test_migration_preserves_program_content,yes,.,.,K,.,.,.,.,.,.,.,.,.,.,.,.,.,.,.,.,.,.,.,.,.,.,.,.,.,.,.,.,.,.,.,.,.,.,.,.,.
tests/test_noema_islands_wrapper_fidelity_spec.py::TestIslandMigrationThroughWrapper::test_migration_with_empty_islands_does_not_raise,yes,.,.,K,.,.,.,.,.,.,.,.,.,.,.,.,.,.,.,.,.,.,.,.,.,.,.,.,.,.,.,.,.,.,.,.,.,.,.,.,.
tests/test_noema_islands_wrapper_fidelity_spec.py::TestIslandMigrationThroughWrapper::test_no_program_id_occupies_two_islands,yes,.,.,K,.,.,.,.,.,.,.,.,.,.,.,.,.,.,.,.,.,.,.,.,K,.,.,.,.,.,.,.,.,.,.,.,.,.,.,.,.
tests/test_noema_islands_wrapper_fidelity_spec.py::TestIslandMigrationThroughWrapper::test_repeated_migration_leaves_ids_clean,yes,.,.,K,.,.,.,.,.,.,.,.,.,.,.,.,.,.,.,.,.,.,.,.,.,.,.,.,.,.,.,.,.,.,.,.,.,.,.,.,.
tests/test_noema_islands_wrapper_fidelity_spec.py::TestIslandMigrationThroughWrapper::test_repeated_migration_rounds_do_not_grow_exponentially,yes,.,.,K,.,.,.,.,.,.,.,.,.,.,.,.,.,.,.,.,.,.,.,.,.,.,.,.,.,.,.,.,.,.,.,.,.,.,.,.,.
tests/test_noema_islands_wrapper_fidelity_spec.py::TestIslandMigrationThroughWrapper::test_single_island_configuration_never_grows_by_migration,yes,.,.,K,.,.,.,.,.,.,.,.,.,.,.,.,.,.,.,.,.,.,.,.,.,.,.,.,.,.,.,.,.,.,.,.,.,.,.,.,.
tests/test_noema_islands_wrapper_fidelity_spec.py::TestIslandPlacementThroughWrapper::test_child_inherits_parent_island_when_no_target_specified,yes,.,.,.,.,.,.,.,.,.,.,.,K,.,.,.,.,.,K,.,.,.,.,.,K,.,.,.,.,.,.,.,.,.,.,.,.,.,.,.,.
tests/test_noema_islands_wrapper_fidelity_spec.py::TestIslandPlacementThroughWrapper::test_with_target_island_child_goes_to_target,yes,.,.,.,.,.,.,.,.,.,.,.,K,.,.,.,.,.,K,.,.,.,.,.,.,.,.,.,.,.,.,.,.,.,.,.,.,.,.,.,.
tests/test_noema_islands_wrapper_fidelity_spec.py::TestIslandSelectionThroughWrapper::test_different_islands_draw_from_disjoint_parent_sets,yes,.,.,.,.,.,.,.,.,.,.,.,.,.,.,.,.,.,K,.,.,.,.,.,.,.,.,.,.,.,.,.,.,.,.,.,.,.,.,.,.
tests/test_noema_islands_wrapper_fidelity_spec.py::TestIslandSelectionThroughWrapper::test_empty_island_selection_still_returns_a_parent,yes,.,.,.,.,.,.,.,.,.,.,.,.,.,.,.,.,.,.,.,.,.,K,.,.,.,.,.,.,.,.,.,.,.,.,.,.,.,.,.,.
tests/test_noema_islands_wrapper_fidelity_spec.py::TestIslandSelectionThroughWrapper::test_exploitation_mode_still_returns_a_live_program,yes,.,.,.,.,.,.,.,.,.,.,.,.,.,.,.,.,.,K,.,.,.,.,.,K,.,.,.,.,.,.,.,.,.,.,.,.,.,.,.,.
tests/test_noema_islands_wrapper_fidelity_spec.py::TestIslandSelectionThroughWrapper::test_exploration_mode_spreads_across_the_island,yes,.,.,.,.,.,.,.,.,.,.,.,.,.,.,.,.,.,K,.,.,.,.,.,K,.,.,.,.,.,.,.,.,.,.,.,.,.,.,.,.
tests/test_noema_islands_wrapper_fidelity_spec.py::TestIslandSelectionThroughWrapper::test_inspirations_come_from_the_parents_island,yes,.,.,.,.,.,.,.,.,.,.,.,.,.,.,.,.,.,K,.,.,.,.,.,K,.,.,.,.,.,.,.,.,.,.,.,.,.,.,.,.
tests/test_noema_islands_wrapper_fidelity_spec.py::TestIslandSelectionThroughWrapper::test_scope_beyond_island_count_wraps_around,yes,.,.,.,.,.,.,.,.,.,.,.,K,.,.,.,.,.,.,.,.,.,.,.,.,.,.,.,.,.,.,.,.,.,.,.,.,.,.,.,.
tests/test_noema_islands_wrapper_fidelity_spec.py::TestIslandSelectionThroughWrapper::test_selection_parent_and_inspirations_share_the_requested_island,yes,.,.,.,.,.,.,.,.,.,.,.,.,.,.,.,.,.,K,.,.,.,.,.,K,.,.,.,.,.,.,.,.,.,.,.,.,.,.,.,.
tests/test_noema_islands_wrapper_fidelity_spec.py::TestIslandSelectionThroughWrapper::test_single_program_island_returns_it_with_no_inspirations,yes,.,.,.,.,.,.,.,.,.,.,.,.,.,.,.,.,.,K,.,.,.,.,.,K,.,.,.,.,.,.,.,.,.,.,.,.,.,.,.,.
tests/test_noema_islands_wrapper_fidelity_spec.py::TestIslandTopProgramsThroughWrapper::test_empty_island_yields_no_top_programs,yes,.,.,.,.,.,.,.,.,.,.,.,.,.,.,.,.,.,K,.,.,.,.,.,K,.,.,.,.,.,.,.,.,.,.,.,.,.,.,.,.
tests/test_noema_islands_wrapper_fidelity_spec.py::TestMutationMatrixCoverageHoles::test_all_fitnesses_spans_every_island,yes,K,.,.,.,.,.,.,.,.,.,.,.,.,.,.,.,.,.,.,.,.,.,.,.,.,.,.,.,.,.,.,.,.,.,.,.,.,.,.,.
tests/test_noema_islands_wrapper_fidelity_spec.py::TestMutationMatrixCoverageHoles::test_artifacts_reach_the_upstream_store_and_read_back,yes,.,.,.,.,.,.,.,.,.,.,.,.,.,.,.,.,K,.,.,.,.,.,.,.,.,.,.,.,.,.,.,.,.,.,.,.,.,.,.,.
tests/test_noema_islands_wrapper_fidelity_spec.py::TestMutationMatrixCoverageHoles::test_capabilities_are_exactly_what_the_store_serves,yes,.,.,.,.,.,.,.,.,.,.,.,.,.,.,.,.,.,.,K,.,.,.,.,.,.,.,.,.,.,.,.,.,.,.,.,.,.,.,.,.
tests/test_noema_islands_wrapper_fidelity_spec.py::TestMutationMatrixCoverageHoles::test_elites_are_the_fittest_of_the_scope_in_descending_order,yes,.,.,.,.,.,.,.,.,.,.,.,.,.,.,.,.,.,.,.,K,.,.,.,.,.,.,.,.,.,.,.,.,.,.,.,.,.,.,.,.
tests/test_noema_islands_wrapper_fidelity_spec.py::TestMutationMatrixCoverageHoles::test_get_returns_none_for_an_unknown_id_and_never_substitutes,yes,.,.,.,.,.,.,K,.,.,.,.,.,.,.,.,.,.,.,.,.,.,.,.,.,.,.,.,.,.,.,.,.,.,.,.,.,.,.,.,.
tests/test_noema_islands_wrapper_fidelity_spec.py::TestMutationMatrixCoverageHoles::test_sample_from_island_honours_the_requested_inspiration_count,yes,.,.,.,.,.,.,.,.,.,.,.,.,.,.,K,.,.,.,.,.,.,.,.,.,.,.,.,.,.,.,.,.,.,.,.,.,.,.,.,.
tests/test_noema_islands_wrapper_fidelity_spec.py::TestMutationMatrixCoverageHoles::test_scope_takes_precedence_over_the_legacy_island_alias,yes,.,.,.,.,.,.,.,.,.,.,.,.,.,.,.,.,.,K,.,.,.,.,.,.,.,.,.,.,.,.,.,K,.,.,.,.,.,.,.,.
tests/test_noema_islands_wrapper_fidelity_spec.py::TestMutationMatrixCoverageHoles::test_snapshot_limit_selects_the_top_n_not_an_arbitrary_n,yes,.,.,.,.,.,.,.,.,.,.,.,.,.,.,.,.,.,.,.,.,.,.,.,.,.,.,K,.,.,.,.,.,.,.,.,.,.,.,.,.
tests/test_noema_islands_wrapper_fidelity_spec.py::TestMutationMatrixCoverageHoles::test_steps_per_generation_survives_a_checkpoint_round_trip,yes,.,.,.,.,.,.,.,.,.,.,.,K,.,.,.,.,.,.,.,.,K,.,.,.,.,.,.,.,K,K,.,.,.,.,.,.,.,.,.,.
tests/test_noema_iteration_runner.py::TestChooseOperator::test_choose_operator_honors_request,no,.,.,.,.,.,.,.,.,.,.,.,.,.,.,.,.,.,.,.,.,.,.,.,.,.,.,.,.,.,.,.,.,.,.,.,.,.,.,.,.
tests/test_noema_iteration_runner.py::TestChooseOperator::test_choose_operator_legacy_path,no,.,.,.,.,.,.,.,.,.,.,.,.,.,.,.,.,.,.,.,.,.,.,.,.,.,.,.,.,.,.,.,.,.,.,.,.,.,.,.,.
tests/test_noema_iteration_runner.py::TestGenerationTick::test_generation_tick_fires_on_generation_end,no,.,.,.,.,.,.,.,.,.,.,.,.,.,.,.,.,.,.,.,.,.,.,.,.,.,.,.,.,.,.,.,.,.,.,.,.,.,.,.,.
tests/test_noema_iteration_runner.py::TestGenerationTick::test_generation_tick_not_called_off_boundary,no,.,.,.,.,.,.,.,.,.,.,.,.,.,.,.,.,.,.,.,.,.,.,.,.,.,.,.,.,.,.,.,.,.,.,.,.,.,.,.,.
tests/test_noema_llm_roles.py::TestControllerWiresSeatsToTheirModels::test_seats_get_their_configured_models,no,.,.,.,.,.,.,.,.,.,.,.,.,.,.,.,.,.,.,.,.,.,.,.,.,.,.,.,.,.,.,.,.,.,.,.,.,.,.,.,.
tests/test_noema_llm_roles.py::TestControllerWiresSeatsToTheirModels::test_single_model_config_puts_one_model_on_both_seats,no,.,.,.,.,.,.,.,.,.,.,.,.,.,.,.,.,.,.,.,.,.,.,.,.,.,.,.,.,.,.,.,.,.,.,.,.,.,.,.,.
tests/test_noema_llm_roles.py::TestFlatConfigStillLoads::test_flat_llm_block_feeds_both_seats,no,.,.,.,.,.,.,.,.,.,.,.,.,.,.,.,.,.,.,.,.,.,.,.,.,.,.,.,.,.,.,.,.,.,.,.,.,.,.,.,.
tests/test_noema_llm_roles.py::TestFlatConfigStillLoads::test_seats_are_independent_objects,no,.,.,.,.,.,.,.,.,.,.,.,.,.,.,.,.,.,.,.,.,.,.,.,.,.,.,.,.,.,.,.,.,.,.,.,.,.,.,.,.
tests/test_noema_llm_roles.py::TestPerRoleConfig::test_each_seat_keeps_its_own_settings,no,.,.,.,.,.,.,.,.,.,.,.,.,.,.,.,.,.,.,.,.,.,.,.,.,.,.,.,.,.,.,.,.,.,.,.,.,.,.,.,.
tests/test_noema_llm_roles.py::TestPerRoleConfig::test_half_specified_block_fails_loud,no,.,.,.,.,.,.,.,.,.,.,.,.,.,.,.,.,.,.,.,.,.,.,.,.,.,.,.,.,.,.,.,.,.,.,.,.,.,.,.,.
tests/test_noema_llm_roles.py::TestPerRoleConfig::test_typo_in_a_flat_block_is_still_rejected,no,.,.,.,.,.,.,.,.,.,.,.,.,.,.,.,.,.,.,.,.,.,.,.,.,.,.,.,.,.,.,.,.,.,.,.,.,.,.,.,.
tests/test_noema_llm_roles.py::TestPerRoleConfig::test_typo_inside_a_seat_is_rejected,no,.,.,.,.,.,.,.,.,.,.,.,.,.,.,.,.,.,.,.,.,.,.,.,.,.,.,.,.,.,.,.,.,.,.,.,.,.,.,.,.
tests/test_noema_model_escalation.py::TestModelEscalation::test_escalated_generation_carries_the_strong_model,no,.,.,.,.,.,.,.,.,.,.,.,.,.,.,.,.,.,.,.,.,.,.,.,.,.,.,.,.,.,.,.,.,.,.,.,.,.,.,.,.
tests/test_noema_model_escalation.py::TestModelEscalation::test_escalation_account_stays_mutation,no,.,.,.,.,.,.,.,.,.,.,.,.,.,.,.,.,.,.,.,.,.,.,.,.,.,.,.,.,.,.,.,.,.,.,.,.,.,.,.,.
tests/test_noema_model_escalation.py::TestModelEscalation::test_escalation_model_bootstrapped_from_coordination_seat,no,.,.,.,.,.,.,.,.,.,.,.,.,.,.,.,.,.,.,.,.,.,.,.,.,.,.,.,.,.,.,.,.,.,.,.,.,.,.,.,.
tests/test_noema_model_escalation.py::TestModelEscalation::test_escalation_sequence_is_deterministic_under_seed,no,.,.,.,.,.,.,.,.,.,.,.,.,.,.,.,.,.,.,.,.,.,.,.,.,.,.,.,.,.,.,.,.,.,.,.,.,.,.,.,.
tests/test_noema_model_escalation.py::TestModelEscalation::test_null_arm_never_escalates,no,.,.,.,.,.,.,.,.,.,.,.,.,.,.,.,.,.,.,.,.,.,.,.,.,.,.,.,.,.,.,.,.,.,.,.,.,.,.,.,.
tests/test_noema_model_escalation.py::TestModelEscalation::test_unset_advice_model_is_byte_identical_to_pre_change,no,.,.,.,.,.,.,.,.,.,.,.,.,.,.,.,.,.,.,.,.,.,.,.,.,.,.,.,.,.,.,.,.,.,.,.,.,.,.,.,.
tests/test_noema_package_layout.py::test_flat_modules_are_absent_from_the_installed_package,no,.,.,.,.,.,.,.,.,.,.,.,.,.,.,.,.,.,.,.,.,.,.,.,.,.,.,.,.,.,.,.,.,.,.,.,.,.,.,.,.
tests/test_noema_package_layout.py::test_semantic_modules_are_importable,no,.,.,.,.,.,.,.,.,.,.,.,.,.,.,.,.,.,.,.,.,.,.,.,.,.,.,.,.,.,.,.,.,.,.,.,.,.,.,.,.
tests/test_noema_parser_characterization.py::TestNoemaCallSites::test_a_marker_in_a_child_string_literal_guts_the_block_and_is_accepted,no,.,.,.,.,.,.,.,.,.,.,.,.,.,.,.,.,.,.,.,.,.,.,.,.,.,.,.,.,.,.,.,.,.,.,.,.,.,.,.,.
tests/test_noema_parser_characterization.py::TestNoemaCallSites::test_an_unterminated_parent_block_silently_disables_the_boundary,no,.,.,.,.,.,.,.,.,.,.,.,.,.,.,.,.,.,.,.,.,.,.,.,.,.,.,.,.,.,.,.,.,.,.,.,.,.,.,.,.
tests/test_noema_parser_characterization.py::TestNoemaCallSites::test_call_site_composition_per_file,no,.,.,.,.,.,.,.,.,.,.,.,.,.,.,.,.,.,.,.,.,.,.,.,.,.,.,.,.,.,.,.,.,.,.,.,.,.,.,.,.
tests/test_noema_parser_characterization.py::TestNoemaCallSites::test_materialize_hands_tag_polluted_code_to_the_population,no,.,.,.,.,.,.,.,.,.,.,.,.,.,.,.,.,.,.,.,.,.,.,.,.,.,.,.,.,.,.,.,.,.,.,.,.,.,.,.,.
tests/test_noema_parser_characterization.py::TestNoemaCallSites::test_materialize_turns_a_prose_only_reply_into_child_code,no,.,.,.,.,.,.,.,.,.,.,.,.,.,.,.,.,.,.,.,.,.,.,.,.,.,.,.,.,.,.,.,.,.,.,.,.,.,.,.,.
tests/test_noema_parser_characterization.py::TestNoemaCallSites::test_the_agenthost_fence_round_trip_truncates_code_holding_a_fence,no,.,.,.,.,.,.,.,.,.,.,.,.,.,.,.,.,.,.,.,.,.,.,.,.,.,.,.,.,.,.,.,.,.,.,.,.,.,.,.,.
tests/test_noema_parser_characterization.py::TestParseEvolveBlocks::test_a_second_start_silently_discards_everything_accumulated,no,.,.,.,.,.,.,.,.,.,.,.,.,.,.,.,.,.,.,.,.,.,.,.,.,.,.,.,.,.,.,.,.,.,.,.,.,.,.,.,.
tests/test_noema_parser_characterization.py::TestParseEvolveBlocks::test_an_end_before_any_start_is_ignored,no,.,.,.,.,.,.,.,.,.,.,.,.,.,.,.,.,.,.,.,.,.,.,.,.,.,.,.,.,.,.,.,.,.,.,.,.,.,.,.,.
tests/test_noema_parser_characterization.py::TestParseEvolveBlocks::test_an_immediately_closed_block_yields_empty_content_not_absence,no,.,.,.,.,.,.,.,.,.,.,.,.,.,.,.,.,.,.,.,.,.,.,.,.,.,.,.,.,.,.,.,.,.,.,.,.,.,.,.,.
tests/test_noema_parser_characterization.py::TestParseEvolveBlocks::test_an_unterminated_block_is_dropped_entirely,no,.,.,.,.,.,.,.,.,.,.,.,.,.,.,.,.,.,.,.,.,.,.,.,.,.,.,.,.,.,.,.,.,.,.,.,.,.,.,.,.
tests/test_noema_parser_characterization.py::TestParseEvolveBlocks::test_blocks_are_zero_indexed_marker_lines_excluded_from_content,no,.,.,.,.,.,.,.,.,.,.,.,.,.,.,.,.,.,.,.,.,.,.,.,.,.,.,.,.,.,.,.,.,.,.,.,.,.,.,.,.
tests/test_noema_parser_characterization.py::TestParseEvolveBlocks::test_both_markers_on_one_line_open_a_block_that_never_closes,no,.,.,.,.,.,.,.,.,.,.,.,.,.,.,.,.,.,.,.,.,.,.,.,.,.,.,.,.,.,.,.,.,.,.,.,.,.,.,.,.
tests/test_noema_parser_characterization.py::TestParseEvolveBlocks::test_markers_match_as_substrings_anywhere_in_the_line,no,.,.,.,.,.,.,.,.,.,.,.,.,.,.,.,.,.,.,.,.,.,.,.,.,.,.,.,.,.,.,.,.,.,.,.,.,.,.,.,.
tests/test_noema_parser_characterization.py::TestParseFullRewrite::test_a_foreign_tag_falls_back_and_keeps_the_tag_as_the_first_line,no,.,.,.,.,.,.,.,.,.,.,.,.,.,.,.,.,.,.,.,.,.,.,.,.,.,.,.,.,.,.,.,.,.,.,.,.,.,.,.,.
tests/test_noema_parser_characterization.py::TestParseFullRewrite::test_a_response_with_no_fence_is_returned_whole_and_never_none,no,.,.,.,.,.,.,.,.,.,.,.,.,.,.,.,.,.,.,.,.,.,.,.,.,.,.,.,.,.,.,.,.,.,.,.,.,.,.,.,.
tests/test_noema_parser_characterization.py::TestParseFullRewrite::test_an_unclosed_fence_returns_the_response_with_its_markers_intact,no,.,.,.,.,.,.,.,.,.,.,.,.,.,.,.,.,.,.,.,.,.,.,.,.,.,.,.,.,.,.,.,.,.,.,.,.,.,.,.,.
tests/test_noema_parser_characterization.py::TestParseFullRewrite::test_language_is_interpolated_into_the_regex_unescaped,no,.,.,.,.,.,.,.,.,.,.,.,.,.,.,.,.,.,.,.,.,.,.,.,.,.,.,.,.,.,.,.,.,.,.,.,.,.,.,.,.
tests/test_noema_parser_characterization.py::TestParseFullRewrite::test_only_the_first_matching_block_is_returned,no,.,.,.,.,.,.,.,.,.,.,.,.,.,.,.,.,.,.,.,.,.,.,.,.,.,.,.,.,.,.,.,.,.,.,.,.,.,.,.,.
tests/test_noema_parser_characterization.py::TestParseFullRewrite::test_the_empty_string_is_the_only_falsy_return,no,.,.,.,.,.,.,.,.,.,.,.,.,.,.,.,.,.,.,.,.,.,.,.,.,.,.,.,.,.,.,.,.,.,.,.,.,.,.,.,.
tests/test_noema_parser_characterization.py::TestParseFullRewrite::test_the_language_fence_wins_over_an_earlier_foreign_fence,no,.,.,.,.,.,.,.,.,.,.,.,.,.,.,.,.,.,.,.,.,.,.,.,.,.,.,.,.,.,.,.,.,.,.,.,.,.,.,.,.
tests/test_noema_parser_characterization.py::TestParseFullRewrite::test_the_tag_match_is_byte_exact_and_newline_terminated,no,.,.,.,.,.,.,.,.,.,.,.,.,.,.,.,.,.,.,.,.,.,.,.,.,.,.,.,.,.,.,.,.,.,.,.,.,.,.,.,.
tests/test_noema_pes.py::TestPESPlannerModule::test_advisory_is_default_and_byte_identical,no,.,.,.,.,.,.,.,.,.,.,.,.,.,.,.,.,.,.,.,.,.,.,.,.,.,.,.,.,.,.,.,.,.,.,.,.,.,.,.,.
tests/test_noema_pes.py::TestPESPlannerModule::test_budget_exhaustion_propagates,no,.,.,.,.,.,.,.,.,.,.,.,.,.,.,.,.,.,.,.,.,.,.,.,.,.,.,.,.,.,.,.,.,.,.,.,.,.,.,.,.
tests/test_noema_pes.py::TestPESPlannerModule::test_build_retry_prompt_formats_previous_attempts,no,.,.,.,.,.,.,.,.,.,.,.,.,.,.,.,.,.,.,.,.,.,.,.,.,.,.,.,.,.,.,.,.,.,.,.,.,.,.,.,.
tests/test_noema_pes.py::TestPESPlannerModule::test_build_retry_prompt_returns_none_for_advisory,no,.,.,.,.,.,.,.,.,.,.,.,.,.,.,.,.,.,.,.,.,.,.,.,.,.,.,.,.,.,.,.,.,.,.,.,.,.,.,.,.
tests/test_noema_pes.py::TestPESPlannerModule::test_child_above_parent_is_improved,no,.,.,.,.,.,.,.,.,.,.,.,.,.,.,.,.,.,.,.,.,.,.,.,.,.,.,.,.,.,.,.,.,.,.,.,.,.,.,.,.
tests/test_noema_pes.py::TestPESPlannerModule::test_child_below_parent_is_regressed,no,.,.,.,.,.,.,.,.,.,.,.,.,.,.,.,.,.,.,.,.,.,.,.,.,.,.,.,.,.,.,.,.,.,.,.,.,.,.,.,.
tests/test_noema_pes.py::TestPESPlannerModule::test_child_equal_parent_is_stale,no,.,.,.,.,.,.,.,.,.,.,.,.,.,.,.,.,.,.,.,.,.,.,.,.,.,.,.,.,.,.,.,.,.,.,.,.,.,.,.,.
tests/test_noema_pes.py::TestPESPlannerModule::test_directive_attempts_do_not_bleed_into_the_next_mutation,no,.,.,.,.,.,.,.,.,.,.,.,.,.,.,.,.,.,.,.,.,.,.,.,.,.,.,.,.,.,.,.,.,.,.,.,.,.,.,.,.
tests/test_noema_pes.py::TestPESPlannerModule::test_directive_mode_includes_parent_solution_json,no,.,.,.,.,.,.,.,.,.,.,.,.,.,.,.,.,.,.,.,.,.,.,.,.,.,.,.,.,.,.,.,.,.,.,.,.,.,.,.,.
tests/test_noema_pes.py::TestPESPlannerModule::test_directive_mode_no_plan_is_noop,no,.,.,.,.,.,.,.,.,.,.,.,.,.,.,.,.,.,.,.,.,.,.,.,.,.,.,.,.,.,.,.,.,.,.,.,.,.,.,.,.
tests/test_noema_pes.py::TestPESPlannerModule::test_directive_mode_returns_full_executor_prompt,no,.,.,.,.,.,.,.,.,.,.,.,.,.,.,.,.,.,.,.,.,.,.,.,.,.,.,.,.,.,.,.,.,.,.,.,.,.,.,.,.
tests/test_noema_pes.py::TestPESPlannerModule::test_directive_retry_advice_is_empty,no,.,.,.,.,.,.,.,.,.,.,.,.,.,.,.,.,.,.,.,.,.,.,.,.,.,.,.,.,.,.,.,.,.,.,.,.,.,.,.,.
tests/test_noema_pes.py::TestPESPlannerModule::test_domain_context_reaches_planner_system_message_not_user_prompt,no,.,.,.,.,.,.,.,.,.,.,.,.,.,.,.,.,.,.,.,.,.,.,.,.,.,.,.,.,.,.,.,.,.,.,.,.,.,.,.,.
tests/test_noema_pes.py::TestPESPlannerModule::test_eval_failure_is_failed,no,.,.,.,.,.,.,.,.,.,.,.,.,.,.,.,.,.,.,.,.,.,.,.,.,.,.,.,.,.,.,.,.,.,.,.,.,.,.,.,.
tests/test_noema_pes.py::TestPESPlannerModule::test_llm_failure_degrades_to_noop_advice,no,.,.,.,.,.,.,.,.,.,.,.,.,.,.,.,.,.,.,.,.,.,.,.,.,.,.,.,.,.,.,.,.,.,.,.,.,.,.,.,.
tests/test_noema_pes.py::TestPESPlannerModule::test_long_parent_code_is_truncated_in_prompt,no,.,.,.,.,.,.,.,.,.,.,.,.,.,.,.,.,.,.,.,.,.,.,.,.,.,.,.,.,.,.,.,.,.,.,.,.,.,.,.,.
tests/test_noema_pes.py::TestPESPlannerModule::test_missing_child_stores_nothing,no,.,.,.,.,.,.,.,.,.,.,.,.,.,.,.,.,.,.,.,.,.,.,.,.,.,.,.,.,.,.,.,.,.,.,.,.,.,.,.,.
tests/test_noema_pes.py::TestPESPlannerModule::test_no_domain_context_leaves_planner_system_message_unchanged,no,.,.,.,.,.,.,.,.,.,.,.,.,.,.,.,.,.,.,.,.,.,.,.,.,.,.,.,.,.,.,.,.,.,.,.,.,.,.,.,.
tests/test_noema_pes.py::TestPESPlannerModule::test_no_parent_or_no_llm_is_noop,no,.,.,.,.,.,.,.,.,.,.,.,.,.,.,.,.,.,.,.,.,.,.,.,.,.,.,.,.,.,.,.,.,.,.,.,.,.,.,.,.
tests/test_noema_pes.py::TestPESPlannerModule::test_no_recent_block_when_no_plans_yet,no,.,.,.,.,.,.,.,.,.,.,.,.,.,.,.,.,.,.,.,.,.,.,.,.,.,.,.,.,.,.,.,.,.,.,.,.,.,.,.,.
tests/test_noema_pes.py::TestPESPlannerModule::test_null_coordination_retry_advice_is_noop,no,.,.,.,.,.,.,.,.,.,.,.,.,.,.,.,.,.,.,.,.,.,.,.,.,.,.,.,.,.,.,.,.,.,.,.,.,.,.,.,.
tests/test_noema_pes.py::TestPESPlannerModule::test_pending_reflections_survive_state_round_trip,no,.,.,.,.,.,.,.,.,.,.,.,.,.,.,.,.,.,.,.,.,.,.,.,.,.,.,.,.,.,.,.,.,.,.,.,.,.,.,.,.
tests/test_noema_pes.py::TestPESPlannerModule::test_plan_reaches_prompt_block_and_charges_coordination,no,.,.,.,.,.,.,.,.,.,.,.,.,.,.,.,.,.,.,.,.,.,.,.,.,.,.,.,.,.,.,.,.,.,.,.,.,.,.,.,.
tests/test_noema_pes.py::TestPESPlannerModule::test_planning_failure_still_records_lineage_for_a_real_child,no,.,.,.,.,.,.,.,.,.,.,.,.,.,.,.,.,.,.,.,.,.,.,.,.,.,.,.,.,.,.,.,.,.,.,.,.,.,.,.,.
tests/test_noema_pes.py::TestPESPlannerModule::test_prior_plan_and_outcome_reach_next_planning_prompt,no,.,.,.,.,.,.,.,.,.,.,.,.,.,.,.,.,.,.,.,.,.,.,.,.,.,.,.,.,.,.,.,.,.,.,.,.,.,.,.,.
tests/test_noema_pes.py::TestPESPlannerModule::test_recent_strategies_excludes_the_lineages_own_entry,no,.,.,.,.,.,.,.,.,.,.,.,.,.,.,.,.,.,.,.,.,.,.,.,.,.,.,.,.,.,.,.,.,.,.,.,.,.,.,.,.
tests/test_noema_pes.py::TestPESPlannerModule::test_recent_strategies_reach_a_fresh_lineage_prompt,no,.,.,.,.,.,.,.,.,.,.,.,.,.,.,.,.,.,.,.,.,.,.,.,.,.,.,.,.,.,.,.,.,.,.,.,.,.,.,.,.
tests/test_noema_pes.py::TestPESPlannerModule::test_reflection_budget_exhaustion_propagates,no,.,.,.,.,.,.,.,.,.,.,.,.,.,.,.,.,.,.,.,.,.,.,.,.,.,.,.,.,.,.,.,.,.,.,.,.,.,.,.,.
tests/test_noema_pes.py::TestPESPlannerModule::test_reflection_disabled_makes_no_call_and_drops_queue,no,.,.,.,.,.,.,.,.,.,.,.,.,.,.,.,.,.,.,.,.,.,.,.,.,.,.,.,.,.,.,.,.,.,.,.,.,.,.,.,.
tests/test_noema_pes.py::TestPESPlannerModule::test_reflection_llm_failure_degrades_but_keeps_outcome,no,.,.,.,.,.,.,.,.,.,.,.,.,.,.,.,.,.,.,.,.,.,.,.,.,.,.,.,.,.,.,.,.,.,.,.,.,.,.,.,.
tests/test_noema_pes.py::TestPESPlannerModule::test_reflection_reaches_next_planning_prompt,no,.,.,.,.,.,.,.,.,.,.,.,.,.,.,.,.,.,.,.,.,.,.,.,.,.,.,.,.,.,.,.,.,.,.,.,.,.,.,.,.
tests/test_noema_pes.py::TestPESPlannerModule::test_reflection_runs_at_generation_end_on_coordination_account,no,.,.,.,.,.,.,.,.,.,.,.,.,.,.,.,.,.,.,.,.,.,.,.,.,.,.,.,.,.,.,.,.,.,.,.,.,.,.,.,.
tests/test_noema_pes.py::TestPESPlannerModule::test_registered_in_module_registry,no,.,.,.,.,.,.,.,.,.,.,.,.,.,.,.,.,.,.,.,.,.,.,.,.,.,.,.,.,.,.,.,.,.,.,.,.,.,.,.,.
tests/test_noema_pes.py::TestPESPlannerModule::test_report_result_makes_no_llm_call,no,.,.,.,.,.,.,.,.,.,.,.,.,.,.,.,.,.,.,.,.,.,.,.,.,.,.,.,.,.,.,.,.,.,.,.,.,.,.,.,.
tests/test_noema_pes.py::TestPESPlannerModule::test_retry_advice_returns_empty_when_no_parent,no,.,.,.,.,.,.,.,.,.,.,.,.,.,.,.,.,.,.,.,.,.,.,.,.,.,.,.,.,.,.,.,.,.,.,.,.,.,.,.,.
tests/test_noema_pes.py::TestPESPlannerModule::test_retry_advice_returns_empty_when_no_reflection_yet,no,.,.,.,.,.,.,.,.,.,.,.,.,.,.,.,.,.,.,.,.,.,.,.,.,.,.,.,.,.,.,.,.,.,.,.,.,.,.,.,.
tests/test_noema_pes.py::TestPESPlannerModule::test_retry_advice_returns_empty_when_reflection_is_blank,no,.,.,.,.,.,.,.,.,.,.,.,.,.,.,.,.,.,.,.,.,.,.,.,.,.,.,.,.,.,.,.,.,.,.,.,.,.,.,.,.
tests/test_noema_pes.py::TestPESPlannerModule::test_retry_advice_returns_reflection_when_present,no,.,.,.,.,.,.,.,.,.,.,.,.,.,.,.,.,.,.,.,.,.,.,.,.,.,.,.,.,.,.,.,.,.,.,.,.,.,.,.,.
tests/test_noema_pes.py::TestPESPlannerModule::test_state_dict_round_trip_and_json_serializable,no,.,.,.,.,.,.,.,.,.,.,.,.,.,.,.,.,.,.,.,.,.,.,.,.,.,.,.,.,.,.,.,.,.,.,.,.,.,.,.,.
tests/test_noema_pes.py::TestPESPlannerModule::test_stderr_reaches_reflection_prompt_on_failed,no,.,.,.,.,.,.,.,.,.,.,.,.,.,.,.,.,.,.,.,.,.,.,.,.,.,.,.,.,.,.,.,.,.,.,.,.,.,.,.,.
tests/test_noema_pes_controller.py::TestDirectiveModeImportSurvives::test_new_import_survives_and_child_scores,no,.,.,.,.,.,.,.,.,.,.,.,.,.,.,.,.,.,.,.,.,.,.,.,.,.,.,.,.,.,.,.,.,.,.,.,.,.,.,.,.
tests/test_noema_pes_controller.py::TestPESIslandDistribution::test_children_land_across_islands_not_all_island_zero,no,.,.,.,.,.,.,.,.,.,.,.,K,.,.,.,.,.,K,.,.,.,.,.,.,.,.,.,.,.,.,.,.,.,.,.,.,.,.,.,.
tests/test_noema_pes_controller.py::TestPESPromptIdentity::test_pes_plan_is_a_suffix_on_the_null_prefix,no,.,.,.,.,.,.,.,.,.,.,.,K,.,.,.,.,.,K,.,.,.,.,.,.,.,.,.,.,.,.,K,.,.,.,.,.,.,.,.,.
tests/test_noema_pes_controller.py::TestPESReflectionThroughController::test_controller_stamped_stderr_reaches_reflection_prompt,no,.,.,.,.,.,.,.,.,.,.,.,.,.,.,.,.,.,.,.,.,.,.,.,.,.,.,.,.,.,.,.,.,.,.,.,.,.,.,.,.
tests/test_noema_pes_controller.py::TestPESReflectionThroughController::test_reflection_drains_at_tick_and_reaches_a_later_plan,no,.,.,.,.,.,.,.,.,.,.,.,.,.,.,.,.,.,.,.,.,.,.,.,.,.,.,.,.,.,.,.,.,.,.,.,.,.,.,.,.
tests/test_noema_pes_phases.py::TestFaithfulBriefCheckpointRoundTrip::test_load_state_dict_accepts_entries_without_reflection_full,no,.,.,.,.,.,.,.,.,.,.,.,.,.,.,.,.,.,.,.,.,.,.,.,.,.,.,.,.,.,.,.,.,.,.,.,.,.,.,.,.
tests/test_noema_pes_phases.py::TestFaithfulBriefCheckpointRoundTrip::test_reflection_full_and_slice_round_trip,no,.,.,.,.,.,.,.,.,.,.,.,.,.,.,.,.,.,.,.,.,.,.,.,.,.,.,.,.,.,.,.,.,.,.,.,.,.,.,.,.
tests/test_noema_pes_phases.py::TestPlansParentId::test_load_state_dict_accepts_entries_without_parent_id,no,.,.,.,.,.,.,.,.,.,.,.,.,.,.,.,.,.,.,.,.,.,.,.,.,.,.,.,.,.,.,.,.,.,.,.,.,.,.,.,.
tests/test_noema_pes_phases.py::TestPlansParentId::test_report_result_stores_parent_id_and_it_round_trips,no,.,.,.,.,.,.,.,.,.,.,.,.,.,.,.,.,.,.,.,.,.,.,.,.,.,.,.,.,.,.,.,.,.,.,.,.,.,.,.,.
tests/test_noema_prompts.py::TestExtractFinalPlan::test_missing_heading_returns_full_text_unextracted,no,.,.,.,.,.,.,.,.,.,.,.,.,.,.,.,.,.,.,.,.,.,.,.,.,.,.,.,.,.,.,.,.,.,.,.,.,.,.,.,.
tests/test_noema_prompts.py::TestExtractFinalPlan::test_multiple_headings_takes_last,no,.,.,.,.,.,.,.,.,.,.,.,.,.,.,.,.,.,.,.,.,.,.,.,.,.,.,.,.,.,.,.,.,.,.,.,.,.,.,.,.
tests/test_noema_prompts.py::TestExtractFinalPlan::test_normal_extraction,no,.,.,.,.,.,.,.,.,.,.,.,.,.,.,.,.,.,.,.,.,.,.,.,.,.,.,.,.,.,.,.,.,.,.,.,.,.,.,.,.
tests/test_noema_prompts.py::TestFaithfulPlannerConstants::test_headings_mandates_and_pressure_lines_present,no,.,.,.,.,.,.,.,.,.,.,.,.,.,.,.,.,.,.,.,.,.,.,.,.,.,.,.,.,.,.,.,.,.,.,.,.,.,.,.,.
tests/test_noema_prompts.py::TestFaithfulPlannerConstants::test_no_tool_workspace_residue_and_no_recent_block,no,.,.,.,.,.,.,.,.,.,.,.,.,.,.,.,.,.,.,.,.,.,.,.,.,.,.,.,.,.,.,.,.,.,.,.,.,.,.,.,.
tests/test_noema_prompts.py::TestFaithfulPlannerPath::test_custom_default_prompt_byte_identical_regression,no,.,.,.,.,.,.,.,.,.,.,.,.,.,.,.,.,.,.,.,.,.,.,.,.,.,.,.,.,.,.,.,.,.,.,.,.,.,.,.,.
tests/test_noema_prompts.py::TestFaithfulPlannerPath::test_empty_slice_after_heading_logs_and_runs_unplanned,no,.,.,.,.,.,.,.,.,.,.,.,.,.,.,.,.,.,.,.,.,.,.,.,.,.,.,.,.,.,.,.,.,.,.,.,.,.,.,.,.
tests/test_noema_prompts.py::TestFaithfulPlannerPath::test_faithful_max_tokens_floor,no,.,.,.,.,.,.,.,.,.,.,.,.,.,.,.,.,.,.,.,.,.,.,.,.,.,.,.,.,.,.,.,.,.,.,.,.,.,.,.,.
tests/test_noema_prompts.py::TestFaithfulPlannerPath::test_faithful_prompt_at_advise_time_with_regions,no,.,.,.,.,.,.,.,.,.,.,.,.,.,.,.,.,.,.,.,.,.,.,.,.,.,.,.,.,.,.,.,.,.,.,.,.,.,.,.,.
tests/test_noema_prompts.py::TestFaithfulPlannerPath::test_faithful_prompt_block_absent_without_regions,no,.,.,.,.,.,.,.,.,.,.,.,.,.,.,.,.,.,.,.,.,.,.,.,.,.,.,.,.,.,.,.,.,.,.,.,.,.,.,.,.
tests/test_noema_prompts.py::TestFaithfulPlannerPath::test_faithful_prompt_deterministic,no,.,.,.,.,.,.,.,.,.,.,.,.,.,.,.,.,.,.,.,.,.,.,.,.,.,.,.,.,.,.,.,.,.,.,.,.,.,.,.,.
tests/test_noema_prompts.py::TestFaithfulPlannerPath::test_global_scope_topology_makes_no_location_claim,no,.,.,.,.,.,.,.,.,.,.,.,.,.,.,.,.,.,.,.,.,.,.,.,.,.,.,.,.,.,.,.,.,.,.,.,.,.,.,.,.
tests/test_noema_prompts.py::TestFaithfulPlannerPath::test_invalid_prompt_variant_rejected,no,.,.,.,.,.,.,.,.,.,.,.,.,.,.,.,.,.,.,.,.,.,.,.,.,.,.,.,.,.,.,.,.,.,.,.,.,.,.,.,.
tests/test_noema_prompts.py::TestFaithfulPlannerPath::test_missing_heading_falls_back_with_logged_warning,no,.,.,.,.,.,.,.,.,.,.,.,.,.,.,.,.,.,.,.,.,.,.,.,.,.,.,.,.,.,.,.,.,.,.,.,.,.,.,.,.
tests/test_noema_prompts.py::TestFaithfulPlannerPath::test_non_island_topology_is_declared_never_relabelled,no,.,.,.,.,.,.,.,.,.,.,.,.,.,.,.,.,.,.,.,.,.,.,.,.,.,.,.,.,.,.,.,.,.,.,.,.,.,.,.,.
tests/test_noema_prompts.py::TestFaithfulSummaryConstants::test_brief_structure_and_pressure_line_present,no,.,.,.,.,.,.,.,.,.,.,.,.,.,.,.,.,.,.,.,.,.,.,.,.,.,.,.,.,.,.,.,.,.,.,.,.,.,.,.,.
tests/test_noema_prompts.py::TestFaithfulSummaryConstants::test_no_tool_residue,no,.,.,.,.,.,.,.,.,.,.,.,.,.,.,.,.,.,.,.,.,.,.,.,.,.,.,.,.,.,.,.,.,.,.,.,.,.,.,.,.
tests/test_noema_prompts.py::TestFaithfulSummaryPath::test_capped_slice_is_what_downstream_prompts_reinject,no,.,.,.,.,.,.,.,.,.,.,.,.,.,.,.,.,.,.,.,.,.,.,.,.,.,.,.,.,.,.,.,.,.,.,.,.,.,.,.,.
tests/test_noema_prompts.py::TestFaithfulSummaryPath::test_capped_table_still_reports_the_TRUE_family_size_and_rank,no,.,.,.,.,.,.,.,.,.,.,.,.,.,.,.,.,.,.,.,.,.,.,.,.,.,.,.,.,.,.,.,.,.,.,.,.,.,.,.,.
tests/test_noema_prompts.py::TestFaithfulSummaryPath::test_custom_default_reflection_prompt_byte_identical_regression,no,.,.,.,.,.,.,.,.,.,.,.,.,.,.,.,.,.,.,.,.,.,.,.,.,.,.,.,.,.,.,.,.,.,.,.,.,.,.,.,.
tests/test_noema_prompts.py::TestFaithfulSummaryPath::test_downstream_slice_strips_preamble_on_fallback,no,.,.,.,.,.,.,.,.,.,.,.,.,.,.,.,.,.,.,.,.,.,.,.,.,.,.,.,.,.,.,.,.,.,.,.,.,.,.,.,.
tests/test_noema_prompts.py::TestFaithfulSummaryPath::test_downstream_slice_truncates_over_cap,no,.,.,.,.,.,.,.,.,.,.,.,.,.,.,.,.,.,.,.,.,.,.,.,.,.,.,.,.,.,.,.,.,.,.,.,.,.,.,.,.
tests/test_noema_prompts.py::TestFaithfulSummaryPath::test_faithful_constants_byte_pinned,no,.,.,.,.,.,.,.,.,.,.,.,.,.,.,.,.,.,.,.,.,.,.,.,.,.,.,.,.,.,.,.,.,.,.,.,.,.,.,.,.
tests/test_noema_prompts.py::TestFaithfulSummaryPath::test_faithful_only_child_note,no,.,.,.,.,.,.,.,.,.,.,.,.,.,.,.,.,.,.,.,.,.,.,.,.,.,.,.,.,.,.,.,.,.,.,.,.,.,.,.,.
tests/test_noema_prompts.py::TestFaithfulSummaryPath::test_faithful_rendered_prompt_byte_pinned_on_islands,no,.,.,.,.,.,.,.,.,.,.,.,.,.,.,.,.,.,.,.,.,.,.,.,.,.,.,.,.,.,.,.,.,.,.,.,.,.,.,.,.
tests/test_noema_prompts.py::TestFaithfulSummaryPath::test_faithful_sibling_block_stats_for_three_siblings,no,.,.,.,.,.,.,.,.,.,.,.,.,.,.,.,.,.,.,.,.,.,.,.,.,.,.,.,.,.,.,.,.,.,.,.,.,.,.,.,.
tests/test_noema_prompts.py::TestFaithfulSummaryPath::test_faithful_storage_split_and_capped_slice,no,.,.,.,.,.,.,.,.,.,.,.,.,.,.,.,.,.,.,.,.,.,.,.,.,.,.,.,.,.,.,.,.,.,.,.,.,.,.,.,.
tests/test_noema_prompts.py::TestFaithfulSummaryPath::test_genuinely_oversized_prompt_still_fails_loud_after_the_cap,no,.,.,.,.,.,.,.,.,.,.,.,.,.,.,.,.,.,.,.,.,.,.,.,.,.,.,.,.,.,.,.,.,.,.,.,.,.,.,.,.
tests/test_noema_prompts.py::TestFaithfulSummaryPath::test_prompt_size_assertion_fails_loud_before_dispatch,no,.,.,.,.,.,.,.,.,.,.,.,.,.,.,.,.,.,.,.,.,.,.,.,.,.,.,.,.,.,.,.,.,.,.,.,.,.,.,.,.
tests/test_noema_prompts.py::TestFaithfulSummaryPath::test_sibling_block_degenerates_to_only_child_without_parent_id,no,.,.,.,.,.,.,.,.,.,.,.,.,.,.,.,.,.,.,.,.,.,.,.,.,.,.,.,.,.,.,.,.,.,.,.,.,.,.,.,.
tests/test_noema_prompts.py::TestFaithfulSummaryPath::test_sibling_table_growth_overflows_the_window,no,.,.,.,.,.,.,.,.,.,.,.,.,.,.,.,.,.,.,.,.,.,.,.,.,.,.,.,.,.,.,.,.,.,.,.,.,.,.,.,.
tests/test_noema_prompts.py::TestFaithfulSummaryPath::test_sibling_table_is_capped_so_a_large_family_still_fits,no,.,.,.,.,.,.,.,.,.,.,.,.,.,.,.,.,.,.,.,.,.,.,.,.,.,.,.,.,.,.,.,.,.,.,.,.,.,.,.,.
tests/test_noema_prompts.py::TestFaithfulSummaryPath::test_strategy_digest_escapes_pipes,no,.,.,.,.,.,.,.,.,.,.,.,.,.,.,.,.,.,.,.,.,.,.,.,.,.,.,.,.,.,.,.,.,.,.,.,.,.,.,.,.
tests/test_noema_prompts.py::TestFaithfulSummaryPath::test_zero_sibling_cap_still_stays_bounded_and_shows_current,no,.,.,.,.,.,.,.,.,.,.,.,.,.,.,.,.,.,.,.,.,.,.,.,.,.,.,.,.,.,.,.,.,.,.,.,.,.,.,.,.
tests/test_noema_prompts.py::TestOperatorTemplatePassthrough::test_arity_one_template_no_parent2_does_not_error_or_leak_placeholder,yes,.,.,.,.,.,.,.,.,.,.,.,.,.,.,.,.,.,.,.,.,.,.,.,.,.,.,.,.,.,.,.,.,.,.,.,.,.,.,.,K
tests/test_noema_prompts.py::TestOperatorTemplatePassthrough::test_arity_two_template_includes_parent2_code,yes,.,.,.,.,.,.,.,.,.,.,.,.,.,.,.,.,.,.,.,.,.,.,.,.,.,.,.,.,.,.,.,.,.,.,K,.,.,.,.,K
tests/test_noema_prompts.py::TestOperatorTemplatePassthrough::test_make_prompt_sampler_registers_operator_templates,yes,.,.,.,.,.,.,.,.,.,.,.,.,.,.,.,.,.,.,.,.,.,.,.,.,.,.,.,.,.,.,.,.,.,.,.,.,.,.,.,K
tests/test_noema_prompts.py::TestPESExecutorDirectiveConstants::test_advisory_mode_never_formats_the_directive_template,no,.,.,.,.,.,.,.,.,.,.,.,.,.,.,.,.,.,.,.,.,.,.,.,.,.,.,.,.,.,.,.,.,.,.,.,.,.,.,.,.
tests/test_noema_prompts.py::TestPESExecutorDirectiveConstants::test_executor_system_with_plan_is_pinned,no,.,.,.,.,.,.,.,.,.,.,.,.,.,.,.,.,.,.,.,.,.,.,.,.,.,.,.,.,.,.,.,.,.,.,.,.,.,.,.,.
tests/test_noema_prompts.py::TestPESExecutorDirectiveConstants::test_executor_user_with_plan_is_pinned,no,.,.,.,.,.,.,.,.,.,.,.,.,.,.,.,.,.,.,.,.,.,.,.,.,.,.,.,.,.,.,.,.,.,.,.,.,.,.,.,.
tests/test_noema_prompts.py::TestPromptAssembly::test_advice_appends_suffix_only,yes,.,.,.,.,.,.,.,.,.,.,.,.,.,.,.,.,.,.,.,.,.,.,.,.,.,.,.,.,.,.,.,.,.,.,.,.,.,K,.,.
tests/test_noema_prompts.py::TestPromptAssembly::test_empty_advice_is_byte_identical,yes,.,.,.,.,.,.,.,.,.,.,.,.,.,.,.,.,.,.,.,.,.,.,.,.,.,.,.,.,.,.,.,.,.,.,.,.,.,.,.,.
tests/test_noema_prompts.py::TestPromptAssembly::test_metric_fields_filters_the_parents_metrics,yes,.,.,.,.,.,.,.,.,.,.,.,.,.,.,.,.,.,.,.,.,.,.,.,.,.,.,.,.,.,.,.,.,.,.,.,K,.,.,.,.
tests/test_noema_prompts.py::TestPromptAssembly::test_metric_fields_filters_the_top_and_previous_program_lists,yes,.,.,.,.,.,.,.,.,.,.,.,.,.,.,.,.,.,.,.,.,.,.,.,.,.,.,.,.,.,.,.,.,.,.,.,.,K,.,.,.
tests/test_noema_prompts.py::TestPromptAssembly::test_prompt_deterministic_across_builds,yes,.,.,.,.,.,.,.,.,.,.,.,.,.,.,.,.,.,.,.,.,.,.,.,.,.,.,.,.,.,.,.,.,.,.,.,.,.,.,.,.
tests/test_noema_prompts.py::TestPromptAssembly::test_stochasticity_rejected,yes,.,.,.,.,.,.,.,.,.,.,.,.,.,.,.,.,.,.,.,.,.,.,.,.,.,.,.,.,.,.,.,.,.,.,.,.,.,.,K,.
tests/test_noema_prompts.py::TestPromptIdentityDecision25Exemption::test_null_and_hifo_and_pes_advisory_share_the_prefix,no,.,.,.,.,.,.,.,.,.,.,.,.,.,.,.,.,.,.,.,.,.,.,.,.,.,.,.,.,.,.,.,.,.,.,.,.,.,.,.,.
tests/test_noema_prompts.py::TestPromptIdentityDecision25Exemption::test_only_pes_directive_sets_full_executor_prompt,no,.,.,.,.,.,.,.,.,.,.,.,.,.,.,.,.,.,.,.,.,.,.,.,.,.,.,.,.,.,.,.,.,.,.,.,.,.,.,.,.
tests/test_noema_prompts.py::TestRetryPromptSuffix::test_reflection_suffix_structure,no,.,.,.,.,.,.,.,.,.,.,.,.,.,.,.,.,.,.,.,.,.,.,.,.,.,.,.,.,.,.,.,.,.,.,.,.,.,.,.,.
tests/test_noema_prompts.py::TestRetryPromptSuffix::test_retry_suffix_includes_error_text,no,.,.,.,.,.,.,.,.,.,.,.,.,.,.,.,.,.,.,.,.,.,.,.,.,.,.,.,.,.,.,.,.,.,.,.,.,.,.,.,.
tests/test_noema_prompts.py::TestRetryPromptSuffix::test_retry_suffix_is_arm_agnostic,no,.,.,.,.,.,.,.,.,.,.,.,.,.,.,.,.,.,.,.,.,.,.,.,.,.,.,.,.,.,.,.,.,.,.,.,.,.,.,.,.
tests/test_noema_prompts.py::TestRetryPromptSuffix::test_retry_suffix_structure,no,.,.,.,.,.,.,.,.,.,.,.,.,.,.,.,.,.,.,.,.,.,.,.,.,.,.,.,.,.,.,.,.,.,.,.,.,.,.,.,.
tests/test_noema_region_context.py::TestDatabaseBlock::test_custom_planning_prompt_byte_identical_with_and_without_regions,no,.,.,.,.,.,.,.,.,.,.,.,.,.,.,.,.,.,.,.,.,.,.,.,.,.,.,.,.,.,.,.,.,.,.,.,.,.,.,.,.
tests/test_noema_region_context.py::TestDatabaseBlock::test_deterministic_from_real_store,no,.,.,.,.,.,.,.,.,.,.,.,.,.,.,.,.,.,.,.,.,.,.,.,.,K,.,.,.,.,.,.,.,.,.,.,.,.,.,.,.
tests/test_noema_region_context.py::TestDatabaseBlock::test_formats_region_values,no,.,.,.,.,.,.,.,.,.,.,.,.,.,.,.,.,.,.,.,.,.,.,.,.,.,.,.,.,.,.,.,.,.,.,.,.,.,.,.,.
tests/test_noema_region_context.py::TestDatabaseBlock::test_status_absent_without_regions,no,.,.,.,.,.,.,.,.,.,.,.,.,.,.,.,.,.,.,.,.,.,.,.,.,.,.,.,.,.,.,.,.,.,.,.,.,.,.,.,.
tests/test_noema_region_context.py::TestIslandsStoreRegions::test_one_region_per_island_with_native_labels,no,.,.,.,.,.,.,.,.,K,.,.,K,.,K,.,.,.,K,.,.,.,.,K,.,K,.,.,.,.,.,.,.,.,.,.,.,.,.,.,.
tests/test_noema_region_context.py::TestIslandsStoreRegions::test_regions_ride_on_the_global_snapshot_only,no,.,.,.,.,.,.,.,.,.,.,.,K,.,.,.,.,.,.,.,.,.,.,.,.,.,.,.,K,.,.,.,.,.,K,.,.,.,.,.,.
tests/test_noema_region_context.py::TestIslandsStoreRegions::test_store_declares_the_regions_capability,no,.,.,.,.,.,.,.,.,.,.,.,.,.,.,.,.,.,.,.,.,.,.,.,.,.,.,.,.,.,.,.,.,.,.,.,.,.,.,.,.
tests/test_noema_region_context.py::TestNoConcreteStoreCallbackReachesCoordination::test_coordination_params_hold_no_store_callback,no,.,.,.,.,.,.,.,.,.,.,.,K,.,.,.,.,.,.,.,.,.,.,.,.,K,.,.,.,.,.,.,.,.,.,.,.,.,.,.,.
tests/test_noema_region_context.py::TestOtherModulesIgnoreRegions::test_null_and_hifo_tolerate_a_region_bearing_snapshot,no,.,.,.,.,.,.,.,.,.,.,.,.,.,.,.,.,.,.,.,.,.,.,.,.,.,.,.,.,.,.,.,.,.,.,.,.,.,.,.,.
tests/test_noema_region_context.py::TestPerIslandBests::test_deterministic_for_same_db_state,no,.,.,.,.,.,.,.,.,.,.,.,.,.,.,.,.,.,.,.,.,.,.,.,.,.,.,.,.,.,.,.,.,.,.,.,.,.,.,.,.
tests/test_noema_region_context.py::TestPerIslandBests::test_multi_island_with_empty_island,no,.,.,.,.,.,.,.,.,K,.,.,K,.,K,.,.,.,K,.,.,.,.,.,.,.,.,.,.,.,.,.,.,.,.,.,.,.,.,.,.
tests/test_noema_selection_exports.py::TestSelectionPackageExports::test_established_selection_classes_remain_public,no,.,.,.,.,.,.,.,.,.,.,.,.,.,.,.,.,.,.,.,.,.,.,.,.,.,.,.,.,.,.,.,.,.,.,.,.,.,.,.,.
tests/test_noema_selection_policy_interface_spec.py::TestBoltzmannCrossSubstrateComposition::test_cvt_declares_sampling_weights_capability,no,.,.,.,.,.,.,.,.,.,.,.,.,.,.,.,.,.,.,.,.,.,.,.,.,.,.,.,.,.,.,.,.,.,.,.,.,.,.,.,.
tests/test_noema_selection_policy_interface_spec.py::TestBoltzmannCrossSubstrateComposition::test_cvt_substrate_with_boltzmann_selection_composes_cleanly,no,.,.,.,.,.,.,.,.,.,.,.,.,.,.,.,.,.,.,.,.,.,.,.,.,.,.,.,.,.,.,.,.,.,.,.,.,.,.,.,.
tests/test_noema_selection_policy_interface_spec.py::TestBoltzmannCrossSubstrateComposition::test_islands_with_boltzmann_selection_composes_cleanly,no,.,.,.,.,.,.,.,.,.,.,.,.,.,.,.,.,.,.,.,.,.,.,.,.,.,.,.,.,.,.,.,.,.,.,.,.,.,.,.,.
tests/test_noema_selection_policy_interface_spec.py::TestBoltzmannCrossSubstrateComposition::test_tree_declares_sampling_weights_capability,no,.,.,.,.,.,.,.,.,.,.,.,.,.,.,.,.,.,.,.,.,.,.,.,.,.,.,.,.,.,.,.,.,.,.,.,.,.,.,.,.
tests/test_noema_selection_policy_interface_spec.py::TestBoltzmannCrossSubstrateComposition::test_tree_substrate_with_boltzmann_selection_composes_cleanly,no,.,.,.,.,.,.,.,.,.,.,.,.,.,.,.,.,.,.,.,.,.,.,.,.,.,.,.,.,.,.,.,.,.,.,.,.,.,.,.,.
tests/test_noema_selection_policy_interface_spec.py::TestBoltzmannRuntimeSelect::test_boltzmann_on_child_accepted_writes_sample_weight_to_metadata,no,.,.,.,.,.,.,.,.,.,.,.,.,.,.,.,.,.,.,.,.,.,.,.,.,.,.,.,.,.,.,.,.,.,.,.,.,.,.,.,.
tests/test_noema_selection_policy_interface_spec.py::TestBoltzmannRuntimeSelect::test_boltzmann_select_returns_valid_selection_on_cvt_store,no,.,.,.,.,.,.,.,.,.,.,.,.,.,.,.,.,.,.,.,.,.,.,.,.,.,.,.,.,.,.,.,.,.,.,.,.,.,.,.,.
tests/test_noema_selection_policy_interface_spec.py::TestBoltzmannRuntimeSelect::test_boltzmann_select_returns_valid_selection_on_tree_store,no,.,.,.,.,.,.,.,.,.,.,.,.,.,.,.,.,.,.,.,.,.,.,.,.,.,.,.,.,.,.,.,.,.,.,.,.,.,.,.,.
tests/test_noema_selection_policy_interface_spec.py::TestIndependentConfiguration::test_boltzmann_has_no_concrete_store_import,no,.,.,.,.,.,.,.,.,.,.,.,.,.,.,.,.,.,.,.,.,.,.,.,.,.,.,.,.,.,.,.,.,.,.,.,.,.,.,.,.
tests/test_noema_selection_policy_interface_spec.py::TestIndependentConfiguration::test_omitted_configuration_resolves_native_islands_default,no,.,.,.,.,.,.,.,.,.,.,.,.,.,.,.,.,.,.,.,.,.,.,.,.,.,.,.,.,.,.,.,.,.,.,.,.,.,.,.,.
tests/test_noema_selection_policy_interface_spec.py::TestIndependentConfiguration::test_store_and_selection_are_peer_config_objects,no,.,.,.,.,.,.,.,.,.,.,.,.,.,.,.,.,.,.,.,.,.,.,.,.,.,.,.,.,.,.,.,.,.,.,.,.,.,.,.,.
tests/test_noema_selection_policy_interface_spec.py::TestSelectionPolicyContract::test_interface_runtime_composes_peer_store_and_policy,no,.,.,.,.,.,.,.,.,.,.,.,.,.,.,.,.,.,.,.,.,.,.,.,.,.,.,.,.,.,.,.,.,.,.,.,.,.,.,.,.
tests/test_noema_selection_policy_interface_spec.py::TestSelectionPolicyContract::test_policy_contract_owns_selection_lifecycle_and_state,no,.,.,.,.,.,.,.,.,.,.,.,.,.,.,.,.,.,.,.,.,.,.,.,.,.,.,.,.,.,.,.,.,.,.,.,.,.,.,.,.
tests/test_noema_selection_policy_interface_spec.py::TestSelectionPolicyContract::test_policy_public_contract_contains_no_concrete_store_names,no,.,.,.,.,.,.,.,.,.,.,.,.,.,.,.,.,.,.,.,.,.,.,.,.,.,.,.,.,.,.,.,.,.,.,.,.,.,.,.,.
tests/test_noema_selection_policy_interface_spec.py::TestSelectionPolicyContract::test_selection_policy_is_a_runtime_protocol_or_abstract_base,no,.,.,.,.,.,.,.,.,.,.,.,.,.,.,.,.,.,.,.,.,.,.,.,.,.,.,.,.,.,.,.,.,.,.,.,.,.,.,.,.
tests/test_noema_substrate.py::TestMakeEvaluator::test_artifacts_popped,no,.,.,.,.,.,.,.,.,.,.,.,.,.,.,.,.,.,.,.,.,.,.,.,.,.,.,.,.,.,.,.,.,.,.,.,.,.,.,.,.
tests/test_noema_substrate.py::TestMakeEvaluator::test_caller_supplied_config_passes_through_untouched,no,.,.,.,.,.,.,.,.,.,.,.,.,.,.,.,.,.,.,.,.,.,.,.,.,.,.,.,.,.,.,.,.,.,.,.,.,.,.,.,.
tests/test_noema_substrate.py::TestMakeEvaluator::test_default_config_disables_cascade,no,.,.,.,.,.,.,.,.,.,.,.,.,.,.,.,.,.,.,.,.,.,.,.,.,.,.,.,.,.,.,.,.,.,.,.,.,.,.,.,.
tests/test_noema_substrate.py::TestMakeEvaluator::test_evaluate_program_end_to_end,no,.,.,.,.,.,.,.,.,.,.,.,.,.,.,.,.,.,.,.,.,.,.,.,.,.,.,.,.,.,.,.,.,.,.,.,.,.,.,.,.
tests/test_noema_substrate.py::TestMakeEvaluator::test_llm_feedback_rejected,no,.,.,.,.,.,.,.,.,.,.,.,.,.,.,.,.,.,.,.,.,.,.,.,.,.,.,.,.,.,.,.,.,.,.,.,.,.,.,.,.
tests/test_noema_substrate.py::TestProgramView::test_from_program_snapshot,no,.,.,.,.,.,.,.,.,.,.,.,.,.,.,.,.,.,.,.,.,.,.,.,.,.,.,.,.,.,.,.,.,.,.,.,.,.,.,.,.
tests/test_noema_substrate.py::TestProgramView::test_view_is_frozen_and_detached,no,.,.,.,.,.,.,.,.,.,.,.,.,.,.,.,.,.,.,.,.,.,.,.,.,.,.,.,.,.,.,.,.,.,.,.,.,.,.,.,.
tests/test_noema_substrate.py::TestSubstrateDatabase::test_add_and_sample_round_trip,yes,.,.,.,.,.,.,.,.,.,.,.,.,K,.,.,.,.,.,.,.,.,.,.,.,.,.,.,.,.,.,.,.,.,.,.,.,.,.,.,.
tests/test_noema_substrate.py::TestSubstrateDatabase::test_end_generation_advances_and_migrates_when_due,yes,.,.,K,.,.,.,.,.,.,.,.,.,.,.,.,.,.,.,.,.,.,.,.,.,.,.,.,.,.,.,.,.,.,.,.,.,.,.,.,.
tests/test_noema_substrate.py::TestSubstrateDatabase::test_fitness_uses_combined_score,yes,.,.,.,.,.,.,.,.,.,.,.,.,.,.,.,.,.,.,.,.,.,.,.,.,.,.,.,.,.,.,.,.,.,.,.,.,.,.,.,.
tests/test_noema_substrate.py::TestSubstrateDatabase::test_island_fitnesses,yes,.,.,.,.,.,.,.,.,K,.,.,K,.,.,.,.,.,.,.,.,.,.,.,.,.,.,.,.,.,.,.,.,.,.,.,.,.,.,.,.
tests/test_noema_substrate.py::TestSubstrateDatabase::test_novelty_features_rejected,yes,.,.,.,.,.,.,.,K,.,.,.,.,.,.,.,.,.,.,.,.,.,.,.,.,.,.,.,.,.,.,.,.,.,.,.,.,.,.,.,.
tests/test_noema_substrate.py::TestSubstrateDatabase::test_save_load_round_trip,yes,.,.,.,.,.,.,.,.,.,K,.,.,K,.,.,.,.,.,.,.,.,.,.,.,.,.,.,.,.,.,.,.,.,.,.,.,.,.,.,.
tests/test_noema_substrate.py::TestSubstrateDatabase::test_top_programs_ordering,yes,.,.,.,.,.,.,.,.,.,.,.,.,.,.,.,.,.,.,.,.,.,.,.,.,.,.,.,.,.,.,.,.,.,.,.,.,.,.,.,.
tests/test_noema_substrate_boundary.py::TestEnforceImmutableBoundary::test_f_mut_interface_survives_m1_style_diff,no,.,.,.,.,.,.,.,.,.,.,.,.,.,.,.,.,.,.,.,.,.,.,.,.,.,.,.,.,.,.,.,.,.,.,.,.,.,.,.,.
tests/test_noema_substrate_boundary.py::TestEnforceImmutableBoundary::test_mutation_touching_f_imm_is_restored_byte_identical,no,.,.,.,.,.,.,.,.,.,.,.,.,.,.,.,.,.,.,.,.,.,.,.,.,.,.,.,.,.,.,.,.,.,.,.,.,.,.,.,.
tests/test_noema_substrate_boundary.py::TestEnforceImmutableBoundaryMergeNewImports::test_default_still_strips_the_import,no,.,.,.,.,.,.,.,.,.,.,.,.,.,.,.,.,.,.,.,.,.,.,.,.,.,.,.,.,.,.,.,.,.,.,.,.,.,.,.,.
tests/test_noema_substrate_boundary.py::TestEnforceImmutableBoundaryMergeNewImports::test_import_already_in_parent_is_not_duplicated,no,.,.,.,.,.,.,.,.,.,.,.,.,.,.,.,.,.,.,.,.,.,.,.,.,.,.,.,.,.,.,.,.,.,.,.,.,.,.,.,.
tests/test_noema_substrate_boundary.py::TestEnforceImmutableBoundaryMergeNewImports::test_new_import_kept_f_imm_otherwise_unchanged,no,.,.,.,.,.,.,.,.,.,.,.,.,.,.,.,.,.,.,.,.,.,.,.,.,.,.,.,.,.,.,.,.,.,.,.,.,.,.,.,.
tests/test_noema_substrate_interface_spec.py::TestPopulationStoreInterfaceSpec::test_population_store_declares_the_neutral_host_surface,no,.,.,.,.,.,.,.,.,.,.,.,.,.,.,.,.,.,.,.,.,.,.,.,.,.,.,.,.,.,.,.,.,.,.,.,.,.,.,.,.
tests/test_noema_substrate_interface_spec.py::TestPopulationStoreInterfaceSpec::test_population_store_supports_runtime_contract_checks,no,.,.,.,.,.,.,.,.,.,.,.,.,.,.,.,.,.,.,.,.,.,.,.,.,.,.,.,.,.,.,.,.,.,.,.,.,.,.,.,.
tests/test_noema_substrate_interface_spec.py::TestPopulationStoreInterfaceSpec::test_public_interface_contains_no_island_named_members,no,.,.,.,.,.,.,.,.,.,.,.,.,.,.,.,.,.,.,.,.,.,.,.,.,.,.,.,.,.,.,.,.,.,.,.,.,.,.,.,.
tests/test_noema_substrate_interface_spec.py::TestPopulationStoreInterfaceSpec::test_select_and_snapshot_return_neutral_value_objects,no,.,.,.,.,.,.,.,.,.,.,.,.,.,.,.,.,.,.,.,.,.,.,.,.,.,.,.,.,.,.,.,.,.,.,.,.,.,.,.,.
tests/test_noema_substrate_interface_spec.py::TestPopulationStoreInterfaceSpec::test_selection_is_neutral_and_complete,no,.,.,.,.,.,.,.,.,.,.,.,.,.,.,.,.,.,.,.,.,.,.,.,.,.,.,.,.,.,.,.,.,.,.,.,.,.,.,.,.
tests/test_noema_substrate_interface_spec.py::TestPopulationStoreInterfaceSpec::test_snapshot_explicitly_distinguishes_local_and_global_scope,no,.,.,.,.,.,.,.,.,.,.,.,.,.,.,.,.,.,.,.,.,.,.,.,.,.,.,.,.,.,.,.,.,.,.,.,.,.,.,.,.
tests/test_noema_substrate_interface_spec.py::TestPopulationStoreInterfaceSpec::test_state_is_json_serializable_and_round_trips,no,.,.,.,.,.,.,.,.,.,.,.,.,.,.,.,.,.,.,.,.,.,.,.,.,.,.,.,.,.,.,.,.,.,.,.,.,.,.,.,.
tests/test_noema_substrate_interface_spec.py::TestPopulationStoreInterfaceSpec::test_steps_per_generation_is_not_derived_from_scope_count,no,.,.,.,.,.,.,.,.,.,.,.,.,.,.,.,.,.,.,.,.,.,.,.,.,.,.,.,.,.,.,.,.,.,.,.,.,.,.,.,.
tests/test_noema_substrate_operators.py::TestOperatorMenu::test_arity_matches_eoh_taxonomy,no,.,.,.,.,.,.,.,.,.,.,.,.,.,.,.,.,.,.,.,.,.,.,.,.,.,.,.,.,.,.,.,.,.,.,.,.,.,.,.,.
tests/test_noema_substrate_operators.py::TestOperatorMenu::test_every_operator_has_a_registered_template,no,.,.,.,.,.,.,.,.,.,.,.,.,.,.,.,.,.,.,.,.,.,.,.,.,.,.,.,.,.,.,.,.,.,.,.,.,.,.,.,.
tests/test_noema_substrate_operators.py::TestOperatorMenu::test_i1_excluded,no,.,.,.,.,.,.,.,.,.,.,.,.,.,.,.,.,.,.,.,.,.,.,.,.,.,.,.,.,.,.,.,.,.,.,.,.,.,.,.,.
tests/test_noema_substrate_operators.py::TestOperatorMenu::test_menu_has_exactly_five_operators,no,.,.,.,.,.,.,.,.,.,.,.,.,.,.,.,.,.,.,.,.,.,.,.,.,.,.,.,.,.,.,.,.,.,.,.,.,.,.,.,.
tests/test_noema_substrate_operators.py::TestOperatorMenu::test_only_m3_has_no_thought,no,.,.,.,.,.,.,.,.,.,.,.,.,.,.,.,.,.,.,.,.,.,.,.,.,.,.,.,.,.,.,.,.,.,.,.,.,.,.,.,.
tests/test_noema_substrate_operators.py::TestOperatorMenu::test_operator_spec_is_frozen,no,.,.,.,.,.,.,.,.,.,.,.,.,.,.,.,.,.,.,.,.,.,.,.,.,.,.,.,.,.,.,.,.,.,.,.,.,.,.,.,.
tests/test_noema_substrate_operators.py::TestOperatorMenu::test_parse_mode_matches_task_spec,no,.,.,.,.,.,.,.,.,.,.,.,.,.,.,.,.,.,.,.,.,.,.,.,.,.,.,.,.,.,.,.,.,.,.,.,.,.,.,.,.
tests/test_noema_tree_store.py::TestTreeStore::test_corrupt_state_is_rejected_without_replacing_live_state,no,.,.,.,.,.,.,.,.,.,.,.,.,.,.,.,.,.,.,.,.,.,.,.,.,.,.,.,.,.,.,.,.,.,.,.,.,.,.,.,.
tests/test_noema_tree_store.py::TestTreeStore::test_invalid_lineage_is_rejected_without_partial_mutation,no,.,.,.,.,.,.,.,.,.,.,.,.,.,.,.,.,.,.,.,.,.,.,.,.,.,.,.,.,.,.,.,.,.,.,.,.,.,.,.,.
tests/test_noema_tree_store.py::TestTreeStore::test_json_and_file_round_trip_preserve_complete_state,no,.,.,.,.,.,.,.,.,.,.,.,.,.,.,.,.,.,.,.,.,.,.,.,.,.,.,.,.,.,.,.,.,.,.,.,.,.,.,.,.
tests/test_noema_tree_store.py::TestTreeStore::test_selection_boundary_and_source_imports_are_explicit,no,.,.,.,.,.,.,.,.,.,.,.,.,.,.,.,.,.,.,.,.,.,.,.,.,.,.,.,.,.,.,.,.,.,.,.,.,.,.,.,.
tests/test_noema_tree_store.py::TestTreeStore::test_snapshots_are_views_with_deterministic_regions_and_ties,no,.,.,.,.,.,.,.,.,.,.,.,.,.,.,.,.,.,.,.,.,.,.,.,.,.,.,.,.,.,.,.,.,.,.,.,.,.,.,.,.
tests/test_noema_tree_store.py::TestTreeStore::test_trunk_branches_descendants_and_metadata_are_stable,no,.,.,.,.,.,.,.,.,.,.,.,.,.,.,.,.,.,.,.,.,.,.,.,.,.,.,.,.,.,.,.,.,.,.,.,.,.,.,.,.
tests/test_noema_tree_store.py::TestTreeStore::test_virtual_root_is_invisible_and_tree_is_global,no,.,.,.,.,.,.,.,.,.,.,.,.,.,.,.,.,.,.,.,.,.,.,.,.,.,.,.,.,.,.,.,.,.,.,.,.,.,.,.,.
tests/test_noema_tree_store.py::TestTreeStore::test_working_set_prunes_context_without_deleting_programs,no,.,.,.,.,.,.,.,.,.,.,.,.,.,.,.,.,.,.,.,.,.,.,.,.,.,.,.,.,.,.,.,.,.,.,.,.,.,.,.,.
tests/test_noema_tree_store_fidelity_spec.py::TestMctsAhdKernelSpec::test_exploration_decay_uses_tokens_not_evaluation_count,no,.,.,.,.,.,.,.,.,.,.,.,.,.,.,.,.,.,.,.,.,.,.,.,.,.,.,.,.,.,.,.,.,.,.,.,.,.,.,.,.
tests/test_noema_tree_store_fidelity_spec.py::TestMctsAhdKernelSpec::test_min_max_normalized_uct_matches_equation_five,no,.,.,.,.,.,.,.,.,.,.,.,.,.,.,.,.,.,.,.,.,.,.,.,.,.,.,.,.,.,.,.,.,.,.,.,.,.,.,.,.
tests/test_noema_tree_store_fidelity_spec.py::TestMctsAhdKernelSpec::test_progressive_widening_matches_equation_four,no,.,.,.,.,.,.,.,.,.,.,.,.,.,.,.,.,.,.,.,.,.,.,.,.,.,.,.,.,.,.,.,.,.,.,.,.,.,.,.,.
tests/test_noema_tree_store_fidelity_spec.py::TestUCTPolicyHostAdaptationSpec::test_checkpoint_resume_preserves_the_selection_trace,no,.,.,.,.,.,.,.,.,.,.,.,.,.,.,.,.,.,.,.,.,.,.,.,.,.,.,.,.,.,.,.,.,.,.,.,.,.,.,.,.
tests/test_noema_tree_store_fidelity_spec.py::TestUCTPolicyHostAdaptationSpec::test_runtime_selection_uses_neutral_selection_value,no,.,.,.,.,.,.,.,.,.,.,.,.,.,.,.,.,.,.,.,.,.,.,.,.,.,.,.,.,.,.,.,.,.,.,.,.,.,.,.,.
tests/test_noema_uct.py::TestCrossSubstratePromptIdentity::test_same_parent_produces_identical_prompt_on_islands_and_tree,no,.,.,.,.,.,.,.,.,.,.,.,.,.,.,.,.,.,.,.,.,.,.,.,.,.,.,.,.,.,.,.,.,.,.,.,.,.,.,.,.
tests/test_noema_uct.py::TestUCTCheckpointState::test_json_round_trip_preserves_pending_and_continuation,no,.,.,.,.,.,.,.,.,.,.,.,.,.,.,.,.,.,.,.,.,.,.,.,.,.,.,.,.,.,.,.,.,.,.,.,.,.,.,.,.
tests/test_noema_uct.py::TestUCTCheckpointState::test_malformed_checkpoint_state_is_rejected,no,.,.,.,.,.,.,.,.,.,.,.,.,.,.,.,.,.,.,.,.,.,.,.,.,.,.,.,.,.,.,.,.,.,.,.,.,.,.,.,.
tests/test_noema_uct.py::TestUCTCheckpointState::test_split_store_policy_checkpoint_has_same_next_parent,no,.,.,.,.,.,.,.,.,.,.,.,.,.,.,.,.,.,.,.,.,.,.,.,.,.,.,.,.,.,.,.,.,.,.,.,.,.,.,.,.
tests/test_noema_uct.py::TestUCTComposition::test_config_rejects_invalid_uct_parameters,no,.,.,.,.,.,.,.,.,.,.,.,.,.,.,.,.,.,.,.,.,.,.,.,.,.,.,.,.,.,.,.,.,.,.,.,.,.,.,.,.
tests/test_noema_uct.py::TestUCTComposition::test_legacy_islands_default_is_unchanged,no,.,.,.,.,.,.,.,.,.,.,.,.,.,.,.,.,.,.,.,.,.,.,.,.,.,.,.,.,.,.,.,.,.,.,.,.,.,.,.,.
tests/test_noema_uct.py::TestUCTComposition::test_policy_imports_no_concrete_store,no,.,.,.,.,.,.,.,.,.,.,.,.,.,.,.,.,.,.,.,.,.,.,.,.,.,.,.,.,.,.,.,.,.,.,.,.,.,.,.,.
tests/test_noema_uct.py::TestUCTComposition::test_tree_default_and_explicit_uct_construct,no,.,.,.,.,.,.,.,.,.,.,.,.,.,.,.,.,.,.,.,.,.,.,.,.,.,.,.,.,.,.,.,.,.,.,.,.,.,.,.,.
tests/test_noema_uct.py::TestUCTComposition::test_uct_with_islands_fails_at_capability_boundary,no,.,.,.,.,.,.,.,.,.,.,.,.,.,.,.,.,.,.,.,.,.,.,.,.,.,.,.,.,.,.,.,.,.,.,.,.,.,.,.,.
tests/test_noema_uct.py::TestUCTKernel::test_hand_computed_equation_and_equal_quality_case,no,.,.,.,.,.,.,.,.,.,.,.,.,.,.,.,.,.,.,.,.,.,.,.,.,.,.,.,.,.,.,.,.,.,.,.,.,.,.,.,.
tests/test_noema_uct.py::TestUCTKernel::test_invalid_kernel_domains_fail,no,.,.,.,.,.,.,.,.,.,.,.,.,.,.,.,.,.,.,.,.,.,.,.,.,.,.,.,.,.,.,.,.,.,.,.,.,.,.,.,.
tests/test_noema_uct.py::TestUCTKernel::test_widening_and_token_decay_boundaries,no,.,.,.,.,.,.,.,.,.,.,.,.,.,.,.,.,.,.,.,.,.,.,.,.,.,.,.,.,.,.,.,.,.,.,.,.,.,.,.,.
tests/test_noema_uct.py::TestUCTTraversalAndLifecycle::test_accepted_children_backpropagate_max_quality_and_sum_visits,no,.,.,.,.,.,.,.,.,.,.,.,.,.,.,.,.,.,.,.,.,.,.,.,.,.,.,.,.,.,.,.,.,.,.,.,.,.,.,.,.
tests/test_noema_uct.py::TestUCTTraversalAndLifecycle::test_inspirations_use_bounded_store_context_and_exclude_parent,no,.,.,.,.,.,.,.,.,.,.,.,.,.,.,.,.,.,.,.,.,.,.,.,.,.,.,.,.,.,.,.,.,.,.,.,.,.,.,.,.
tests/test_noema_uct.py::TestUCTTraversalAndLifecycle::test_progressive_widening_changes_actual_traversal,no,.,.,.,.,.,.,.,.,.,.,.,.,.,.,.,.,.,.,.,.,.,.,.,.,.,.,.,.,.,.,.,.,.,.,.,.,.,.,.,.
tests/test_noema_uct.py::TestUCTTraversalAndLifecycle::test_rejection_clears_pending_path_without_inventing_a_visit,no,.,.,.,.,.,.,.,.,.,.,.,.,.,.,.,.,.,.,.,.,.,.,.,.,.,.,.,.,.,.,.,.,.,.,.,.,.,.,.,.
tests/test_noema_uct.py::TestUCTTraversalAndLifecycle::test_uct_descends_to_best_child_when_widening_is_closed,no,.,.,.,.,.,.,.,.,.,.,.,.,.,.,.,.,.,.,.,.,.,.,.,.,.,.,.,.,.,.,.,.,.,.,.,.,.,.,.,.
tests/test_noema_verify.py::TestVerifyEqualTokenMetering::test_empty_run_passes,no,.,.,.,.,.,.,.,.,.,.,.,.,.,.,.,.,.,.,.,.,.,.,.,.,.,.,.,.,.,.,.,.,.,.,.,.,.,.,.,.
tests/test_noema_verify.py::TestVerifyEqualTokenMetering::test_fully_metered_run_passes_silently,no,.,.,.,.,.,.,.,.,.,.,.,.,.,.,.,.,.,.,.,.,.,.,.,.,.,.,.,.,.,.,.,.,.,.,.,.,.,.,.,.
tests/test_noema_verify.py::TestVerifyEqualTokenMetering::test_message_names_the_offending_tags,no,.,.,.,.,.,.,.,.,.,.,.,.,.,.,.,.,.,.,.,.,.,.,.,.,.,.,.,.,.,.,.,.,.,.,.,.,.,.,.,.
tests/test_noema_verify.py::TestVerifyEqualTokenMetering::test_multiple_estimated_calls_all_reported,no,.,.,.,.,.,.,.,.,.,.,.,.,.,.,.,.,.,.,.,.,.,.,.,.,.,.,.,.,.,.,.,.,.,.,.,.,.,.,.,.
tests/test_noema_verify.py::TestVerifyEqualTokenMetering::test_one_estimated_call_fails_the_whole_run,no,.,.,.,.,.,.,.,.,.,.,.,.,.,.,.,.,.,.,.,.,.,.,.,.,.,.,.,.,.,.,.,.,.,.,.,.,.,.,.,.
tests/test_noema_verify.py::TestVerifyFromJsonl::test_reads_llm_calls_jsonl_and_rejects_estimated_row,no,.,.,.,.,.,.,.,.,.,.,.,.,.,.,.,.,.,.,.,.,.,.,.,.,.,.,.,.,.,.,.,.,.,.,.,.,.,.,.,.
tests/test_noema_verify.py::TestVerifyFromJsonl::test_reads_llm_calls_jsonl_passes_when_fully_metered,no,.,.,.,.,.,.,.,.,.,.,.,.,.,.,.,.,.,.,.,.,.,.,.,.,.,.,.,.,.,.,.,.,.,.,.,.,.,.,.,.
tests/test_openevolve_pin_regression_database.py::PinnedUpstreamTestProgramDatabase::test_add_and_get,no,.,.,.,.,.,.,.,.,.,.,.,.,.,.,.,.,.,.,.,.,.,.,.,.,.,.,.,.,.,.,.,.,.,.,.,.,.,.,.,.
tests/test_openevolve_pin_regression_database.py::PinnedUpstreamTestProgramDatabase::test_archive_operations,no,.,.,.,.,.,.,.,.,.,.,.,.,.,.,.,.,.,.,.,.,.,.,.,.,.,.,.,.,.,.,.,.,.,.,.,.,.,.,.,.
tests/test_openevolve_pin_regression_database.py::PinnedUpstreamTestProgramDatabase::test_best_program_tracking,no,.,.,.,.,.,.,.,.,.,.,.,.,.,.,.,.,.,.,.,.,.,.,.,.,.,.,.,.,.,.,.,.,.,.,.,.,.,.,.,.
tests/test_openevolve_pin_regression_database.py::PinnedUpstreamTestProgramDatabase::test_calculate_complexity_bin_adaptive,no,.,.,.,.,.,.,.,.,.,.,.,.,.,.,.,.,.,.,.,.,.,.,.,.,.,.,.,.,.,.,.,.,.,.,.,.,.,.,.,.
tests/test_openevolve_pin_regression_database.py::PinnedUpstreamTestProgramDatabase::test_calculate_complexity_bin_cold_start,no,.,.,.,.,.,.,.,.,.,.,.,.,.,.,.,.,.,.,.,.,.,.,.,.,.,.,.,.,.,.,.,.,.,.,.,.,.,.,.,.
tests/test_openevolve_pin_regression_database.py::PinnedUpstreamTestProgramDatabase::test_calculate_diversity_bin_adaptive,no,.,.,.,.,.,.,.,.,.,.,.,.,.,.,.,.,.,.,.,.,.,.,.,.,.,.,.,.,.,.,.,.,.,.,.,.,.,.,.,.
tests/test_openevolve_pin_regression_database.py::PinnedUpstreamTestProgramDatabase::test_calculate_diversity_bin_cold_start,no,.,.,.,.,.,.,.,.,.,.,.,.,.,.,.,.,.,.,.,.,.,.,.,.,.,.,.,.,.,.,.,.,.,.,.,.,.,.,.,.
tests/test_openevolve_pin_regression_database.py::PinnedUpstreamTestProgramDatabase::test_calculate_diversity_bin_identical_programs,no,.,.,.,.,.,.,.,.,.,.,.,.,.,.,.,.,.,.,.,.,.,.,.,.,.,.,.,.,.,.,.,.,.,.,.,.,.,.,.,.
tests/test_openevolve_pin_regression_database.py::PinnedUpstreamTestProgramDatabase::test_diversity_feature_integration,no,.,.,.,.,.,.,.,.,.,.,.,.,.,.,.,.,.,.,.,.,.,.,.,.,.,.,.,.,.,.,.,.,.,.,.,.,.,.,.,.
tests/test_openevolve_pin_regression_database.py::PinnedUpstreamTestProgramDatabase::test_empty_island_initialization_creates_copies,no,.,.,.,.,.,.,.,.,.,.,.,.,.,.,.,.,.,.,.,.,.,.,.,.,.,.,.,.,.,.,.,.,.,.,.,.,.,.,.,.
tests/test_openevolve_pin_regression_database.py::PinnedUpstreamTestProgramDatabase::test_fast_code_diversity_function,no,.,.,.,.,.,.,.,.,.,.,.,.,.,.,.,.,.,.,.,.,.,.,.,.,.,.,.,.,.,.,.,.,.,.,.,.,.,.,.,.
tests/test_openevolve_pin_regression_database.py::PinnedUpstreamTestProgramDatabase::test_feature_coordinates_calculation,no,.,.,.,.,.,.,.,.,.,.,.,.,.,.,.,.,.,.,.,.,.,.,.,.,.,.,.,.,.,.,.,.,.,.,.,.,.,.,.,.
tests/test_openevolve_pin_regression_database.py::PinnedUpstreamTestProgramDatabase::test_feature_map_operations,no,.,.,.,.,.,.,.,.,.,.,.,.,.,.,.,.,.,.,.,.,.,.,.,.,.,.,.,.,.,.,.,.,.,.,.,.,.,.,.,.
tests/test_openevolve_pin_regression_database.py::PinnedUpstreamTestProgramDatabase::test_get_best_program,no,.,.,.,.,.,.,.,.,.,.,.,.,.,.,.,.,.,.,.,.,.,.,.,.,.,.,.,.,.,.,.,.,.,.,.,.,.,.,.,.
tests/test_openevolve_pin_regression_database.py::PinnedUpstreamTestProgramDatabase::test_get_top_programs_with_metrics,no,.,.,.,.,.,.,.,.,.,.,.,.,.,.,.,.,.,.,.,.,.,.,.,.,.,.,.,.,.,.,.,.,.,.,.,.,.,.,.,.
tests/test_openevolve_pin_regression_database.py::PinnedUpstreamTestProgramDatabase::test_island_operations_basic,no,.,.,.,.,.,.,.,.,.,.,.,.,.,.,.,.,.,.,.,.,.,.,.,.,.,.,.,.,.,.,.,.,.,.,.,.,.,.,.,.
tests/test_openevolve_pin_regression_database.py::PinnedUpstreamTestProgramDatabase::test_migration_prevents_re_migration,no,.,.,.,.,.,.,.,.,.,.,.,.,.,.,.,.,.,.,.,.,.,.,.,.,.,.,.,.,.,.,.,.,.,.,.,.,.,.,.,.
tests/test_openevolve_pin_regression_database.py::PinnedUpstreamTestProgramDatabase::test_migration_validation_passes,no,.,.,.,.,.,.,.,.,.,.,.,.,.,.,.,.,.,.,.,.,.,.,.,.,.,.,.,.,.,.,.,.,.,.,.,.,.,.,.,.
tests/test_openevolve_pin_regression_database.py::PinnedUpstreamTestProgramDatabase::test_multi_island_setup,no,.,.,.,.,.,.,.,.,.,.,.,.,.,.,.,.,.,.,.,.,.,.,.,.,.,.,.,.,.,.,.,.,.,.,.,.,.,.,.,.
tests/test_openevolve_pin_regression_database.py::PinnedUpstreamTestProgramDatabase::test_no_program_assigned_to_multiple_islands,no,.,.,.,.,.,.,.,.,.,.,.,.,.,.,.,.,.,.,.,.,.,.,.,.,.,.,.,.,.,.,.,.,.,.,.,.,.,.,.,.
tests/test_openevolve_pin_regression_database.py::PinnedUpstreamTestProgramDatabase::test_population_limit_enforcement,no,.,.,.,.,.,.,.,.,.,.,.,.,.,.,.,.,.,.,.,.,.,.,.,.,.,.,.,.,.,.,.,.,.,.,.,.,.,.,.,.
tests/test_openevolve_pin_regression_database.py::PinnedUpstreamTestProgramDatabase::test_sample,no,.,.,.,.,.,.,.,.,.,.,.,.,.,.,.,.,.,.,.,.,.,.,.,.,.,.,.,.,.,.,.,.,.,.,.,.,.,.,.,.
tests/test_openevolve_pin_regression_islands.py::PinnedUpstream_test_concurrent_island_access_TestConcurrentIslandAccess::test_concurrent_island_state_modification_causes_race_condition,no,.,.,.,.,.,.,.,.,.,.,.,.,.,.,.,.,.,.,.,.,.,.,.,.,.,.,.,.,.,.,.,.,.,.,.,.,.,.,.,.
tests/test_openevolve_pin_regression_islands.py::PinnedUpstream_test_concurrent_island_access_TestConcurrentIslandAccess::test_proposed_fix_with_island_specific_sampling,no,.,.,.,.,.,.,.,.,.,.,.,.,.,.,.,.,.,.,.,.,.,.,.,.,.,.,.,.,.,.,.,.,.,.,.,.,.,.,.,.
tests/test_openevolve_pin_regression_islands.py::PinnedUpstream_test_concurrent_island_access_TestConcurrentIslandAccess::test_sequential_island_access_works_correctly,no,.,.,.,.,.,.,.,.,.,.,.,.,.,.,.,.,.,.,.,.,.,.,.,.,.,.,.,.,.,.,.,.,.,.,.,.,.,.,.,.
tests/test_openevolve_pin_regression_islands.py::PinnedUpstream_test_island_child_placement_TestEmptyIslandChildPlacement::test_child_should_go_to_target_island_not_parent_island,no,.,.,.,.,.,.,.,.,.,.,.,.,.,.,.,.,.,.,.,.,.,.,.,.,.,.,.,.,.,.,.,.,.,.,.,.,.,.,.,.
tests/test_openevolve_pin_regression_islands.py::PinnedUpstream_test_island_child_placement_TestEmptyIslandChildPlacement::test_explicit_target_island_overrides_parent_inheritance,no,.,.,.,.,.,.,.,.,.,.,.,.,.,.,.,.,.,.,.,.,.,.,.,.,.,.,.,.,.,.,.,.,.,.,.,.,.,.,.,.
tests/test_openevolve_pin_regression_islands.py::PinnedUpstream_test_island_child_placement_TestEmptyIslandChildPlacement::test_sample_from_empty_island_returns_fallback_parent,no,.,.,.,.,.,.,.,.,.,.,.,.,.,.,.,.,.,.,.,.,.,.,.,.,.,.,.,.,.,.,.,.,.,.,.,.,.,.,.,.
tests/test_openevolve_pin_regression_islands.py::PinnedUpstream_test_island_child_placement_TestIslandChildPlacement::test_child_inherits_parent_island_when_no_target_specified,no,.,.,.,.,.,.,.,.,.,.,.,.,.,.,.,.,.,.,.,.,.,.,.,.,.,.,.,.,.,.,.,.,.,.,.,.,.,.,.,.
tests/test_openevolve_pin_regression_islands.py::PinnedUpstream_test_island_child_placement_TestIslandChildPlacement::test_child_placed_in_target_island_when_specified,no,.,.,.,.,.,.,.,.,.,.,.,.,.,.,.,.,.,.,.,.,.,.,.,.,.,.,.,.,.,.,.,.,.,.,.,.,.,.,.,.
tests/test_openevolve_pin_regression_islands.py::PinnedUpstream_test_island_child_placement_TestIslandPopulationGrowth::test_islands_should_all_get_populated,no,.,.,.,.,.,.,.,.,.,.,.,.,.,.,.,.,.,.,.,.,.,.,.,.,.,.,.,.,.,.,.,.,.,.,.,.,.,.,.,.
tests/test_openevolve_pin_regression_islands.py::PinnedUpstream_test_island_child_placement_TestRegressionOldBehavior::test_with_target_island_child_goes_to_target,no,.,.,.,.,.,.,.,.,.,.,.,.,.,.,.,.,.,.,.,.,.,.,.,.,.,.,.,.,.,.,.,.,.,.,.,.,.,.,.,.
tests/test_openevolve_pin_regression_islands.py::PinnedUpstream_test_island_child_placement_TestRegressionOldBehavior::test_without_target_island_child_inherits_parent,no,.,.,.,.,.,.,.,.,.,.,.,.,.,.,.,.,.,.,.,.,.,.,.,.,.,.,.,.,.,.,.,.,.,.,.,.,.,.,.,.
tests/test_openevolve_pin_regression_islands.py::PinnedUpstream_test_island_isolation_TestIslandIsolation::test_database_current_island_restoration,no,.,.,.,.,.,.,.,.,.,.,.,.,.,.,.,.,.,.,.,.,.,.,.,.,.,.,.,.,.,.,.,.,.,.,.,.,.,.,.,.
tests/test_openevolve_pin_regression_islands.py::PinnedUpstream_test_island_isolation_TestIslandIsolation::test_island_distribution_in_batch,no,.,.,.,.,.,.,.,.,.,.,.,.,.,.,.,.,.,.,.,.,.,.,.,.,.,.,.,.,.,.,.,.,.,.,.,.,.,.,.,.
tests/test_openevolve_pin_regression_islands.py::PinnedUpstream_test_island_isolation_TestIslandIsolation::test_island_isolation_during_evolution,no,.,.,.,.,.,.,.,.,.,.,.,.,.,.,.,.,.,.,.,.,.,.,.,.,.,.,.,.,.,.,.,.,.,.,.,.,.,.,.,.
tests/test_openevolve_pin_regression_islands.py::PinnedUpstream_test_island_isolation_TestIslandIsolation::test_submit_iteration_uses_correct_island,no,.,.,.,.,.,.,.,.,.,.,.,.,.,.,.,.,.,.,.,.,.,.,.,.,.,.,.,.,.,.,.,.,.,.,.,.,.,.,.,.
tests/test_openevolve_pin_regression_islands.py::PinnedUpstream_test_island_isolation_TestIslandMigration::test_migration_preserves_island_structure,no,.,.,.,.,.,.,.,.,.,.,.,.,.,.,.,.,.,.,.,.,.,.,.,.,.,.,.,.,.,.,.,.,.,.,.,.,.,.,.,.
tests/test_openevolve_pin_regression_islands.py::PinnedUpstream_test_island_map_elites_TestIslandMapElites::test_better_program_replaces_in_island_feature_map,no,.,.,.,.,.,.,.,.,.,.,.,.,.,.,.,.,.,.,.,.,.,.,.,.,.,.,.,.,.,.,.,.,.,.,.,.,.,.,.,.
tests/test_openevolve_pin_regression_islands.py::PinnedUpstream_test_island_map_elites_TestIslandMapElites::test_checkpoint_serialization_preserves_island_maps,no,.,.,.,.,.,.,.,.,.,.,.,.,.,.,.,.,.,.,.,.,.,.,.,.,.,.,.,.,.,.,.,.,.,.,.,.,.,.,.,.
tests/test_openevolve_pin_regression_islands.py::PinnedUpstream_test_island_map_elites_TestIslandMapElites::test_feature_coordinate_isolation,no,.,.,.,.,.,.,.,.,.,.,.,.,.,.,.,.,.,.,.,.,.,.,.,.,.,.,.,.,.,.,.,.,.,.,.,.,.,.,.,.
tests/test_openevolve_pin_regression_islands.py::PinnedUpstream_test_island_map_elites_TestIslandMapElites::test_global_best_program_tracks_across_islands,no,.,.,.,.,.,.,.,.,.,.,.,.,.,.,.,.,.,.,.,.,.,.,.,.,.,.,.,.,.,.,.,.,.,.,.,.,.,.,.,.
tests/test_openevolve_pin_regression_islands.py::PinnedUpstream_test_island_map_elites_TestIslandMapElites::test_island_feature_maps_initialization,no,.,.,.,.,.,.,.,.,.,.,.,.,.,.,.,.,.,.,.,.,.,.,.,.,.,.,.,.,.,.,.,.,.,.,.,.,.,.,.,.
tests/test_openevolve_pin_regression_islands.py::PinnedUpstream_test_island_map_elites_TestIslandMapElites::test_no_migrant_suffix_generation,no,.,.,.,.,.,.,.,.,.,.,.,.,.,.,.,.,.,.,.,.,.,.,.,.,.,.,.,.,.,.,.,.,.,.,.,.,.,.,.,.
tests/test_openevolve_pin_regression_islands.py::PinnedUpstream_test_island_map_elites_TestIslandMapElites::test_program_added_to_correct_island_feature_map,no,.,.,.,.,.,.,.,.,.,.,.,.,.,.,.,.,.,.,.,.,.,.,.,.,.,.,.,.,.,.,.,.,.,.,.,.,.,.,.,.
tests/test_openevolve_pin_regression_islands.py::PinnedUpstream_test_island_migration_TestIslandMigration::test_initial_island_setup,no,.,.,.,.,.,.,.,.,.,.,.,.,.,.,.,.,.,.,.,.,.,.,.,.,.,.,.,.,.,.,.,.,.,.,.,.,.,.,.,.
tests/test_openevolve_pin_regression_islands.py::PinnedUpstream_test_island_migration_TestIslandMigration::test_migration_creates_proper_copies,no,.,.,.,.,.,.,.,.,.,.,.,.,.,.,.,.,.,.,.,.,.,.,.,.,.,.,.,.,.,.,.,.,.,.,.,.,.,.,.,.
tests/test_openevolve_pin_regression_islands.py::PinnedUpstream_test_island_migration_TestIslandMigration::test_migration_preserves_best_programs,no,.,.,.,.,.,.,.,.,.,.,.,.,.,.,.,.,.,.,.,.,.,.,.,.,.,.,.,.,.,.,.,.,.,.,.,.,.,.,.,.
tests/test_openevolve_pin_regression_islands.py::PinnedUpstream_test_island_migration_TestIslandMigration::test_migration_rate_respected,no,.,.,.,.,.,.,.,.,.,.,.,.,.,.,.,.,.,.,.,.,.,.,.,.,.,.,.,.,.,.,.,.,.,.,.,.,.,.,.,.
tests/test_openevolve_pin_regression_islands.py::PinnedUpstream_test_island_migration_TestIslandMigration::test_migration_ring_topology,no,.,.,.,.,.,.,.,.,.,.,.,.,.,.,.,.,.,.,.,.,.,.,.,.,.,.,.,.,.,.,.,.,.,.,.,.,.,.,.,.
tests/test_openevolve_pin_regression_islands.py::PinnedUpstream_test_island_migration_TestIslandMigration::test_migration_updates_generations,no,.,.,.,.,.,.,.,.,.,.,.,.,.,.,.,.,.,.,.,.,.,.,.,.,.,.,.,.,.,.,.,.,.,.,.,.,.,.,.,.
tests/test_openevolve_pin_regression_islands.py::PinnedUpstream_test_island_migration_TestIslandMigration::test_migration_with_empty_islands,no,.,.,.,.,.,.,.,.,.,.,.,.,.,.,.,.,.,.,.,.,.,.,.,.,.,.,.,.,.,.,.,.,.,.,.,.,.,.,.,.
tests/test_openevolve_pin_regression_islands.py::PinnedUpstream_test_island_migration_TestIslandMigration::test_no_migration_with_single_island,no,.,.,.,.,.,.,.,.,.,.,.,.,.,.,.,.,.,.,.,.,.,.,.,.,.,.,.,.,.,.,.,.,.,.,.,.,.,.,.,.
tests/test_openevolve_pin_regression_islands.py::PinnedUpstream_test_island_migration_TestIslandMigration::test_program_island_assignment,no,.,.,.,.,.,.,.,.,.,.,.,.,.,.,.,.,.,.,.,.,.,.,.,.,.,.,.,.,.,.,.,.,.,.,.,.,.,.,.,.
tests/test_openevolve_pin_regression_islands.py::PinnedUpstream_test_island_migration_TestIslandMigration::test_should_migrate_logic,no,.,.,.,.,.,.,.,.,.,.,.,.,.,.,.,.,.,.,.,.,.,.,.,.,.,.,.,.,.,.,.,.,.,.,.,.,.,.,.,.
tests/test_openevolve_pin_regression_islands.py::PinnedUpstream_test_island_parent_consistency_TestIslandParentConsistency::test_explicit_migration_override,no,.,.,.,.,.,.,.,.,.,.,.,.,.,.,.,.,.,.,.,.,.,.,.,.,.,.,.,.,.,.,.,.,.,.,.,.,.,.,.,.
tests/test_openevolve_pin_regression_islands.py::PinnedUpstream_test_island_parent_consistency_TestIslandParentConsistency::test_multiple_generations_island_drift,no,.,.,.,.,.,.,.,.,.,.,.,.,.,.,.,.,.,.,.,.,.,.,.,.,.,.,.,.,.,.,.,.,.,.,.,.,.,.,.,.
tests/test_openevolve_pin_regression_islands.py::PinnedUpstream_test_island_parent_consistency_TestIslandParentConsistency::test_parent_child_island_consistency,no,.,.,.,.,.,.,.,.,.,.,.,.,.,.,.,.,.,.,.,.,.,.,.,.,.,.,.,.,.,.,.,.,.,.,.,.,.,.,.,.
tests/test_openevolve_pin_regression_islands.py::PinnedUpstream_test_island_tracking_TestIslandTracking::test_better_program_updates_island_best,no,.,.,.,.,.,.,.,.,.,.,.,.,.,.,.,.,.,.,.,.,.,.,.,.,.,.,.,.,.,.,.,.,.,.,.,.,.,.,.,.
tests/test_openevolve_pin_regression_islands.py::PinnedUpstream_test_island_tracking_TestIslandTracking::test_empty_island_top_programs,no,.,.,.,.,.,.,.,.,.,.,.,.,.,.,.,.,.,.,.,.,.,.,.,.,.,.,.,.,.,.,.,.,.,.,.,.,.,.,.,.
tests/test_openevolve_pin_regression_islands.py::PinnedUpstream_test_island_tracking_TestIslandTracking::test_first_program_becomes_island_best,no,.,.,.,.,.,.,.,.,.,.,.,.,.,.,.,.,.,.,.,.,.,.,.,.,.,.,.,.,.,.,.,.,.,.,.,.,.,.,.,.
tests/test_openevolve_pin_regression_islands.py::PinnedUpstream_test_island_tracking_TestIslandTracking::test_get_top_programs_island_specific,no,.,.,.,.,.,.,.,.,.,.,.,.,.,.,.,.,.,.,.,.,.,.,.,.,.,.,.,.,.,.,.,.,.,.,.,.,.,.,.,.
tests/test_openevolve_pin_regression_islands.py::PinnedUpstream_test_island_tracking_TestIslandTracking::test_initial_island_best_tracking,no,.,.,.,.,.,.,.,.,.,.,.,.,.,.,.,.,.,.,.,.,.,.,.,.,.,.,.,.,.,.,.,.,.,.,.,.,.,.,.,.
tests/test_openevolve_pin_regression_islands.py::PinnedUpstream_test_island_tracking_TestIslandTracking::test_invalid_island_index_handling,no,.,.,.,.,.,.,.,.,.,.,.,.,.,.,.,.,.,.,.,.,.,.,.,.,.,.,.,.,.,.,.,.,.,.,.,.,.,.,.,.
tests/test_openevolve_pin_regression_islands.py::PinnedUpstream_test_island_tracking_TestIslandTracking::test_island_best_persistence,no,.,.,.,.,.,.,.,.,.,.,.,.,.,.,.,.,.,.,.,.,.,.,.,.,.,.,.,.,.,.,.,.,.,.,.,.,.,.,.,.
tests/test_openevolve_pin_regression_islands.py::PinnedUpstream_test_island_tracking_TestIslandTracking::test_island_best_with_combined_score,no,.,.,.,.,.,.,.,.,.,.,.,.,.,.,.,.,.,.,.,.,.,.,.,.,.,.,.,.,.,.,.,.,.,.,.,.,.,.,.,.
tests/test_openevolve_pin_regression_islands.py::PinnedUpstream_test_island_tracking_TestIslandTracking::test_island_best_with_missing_program,no,.,.,.,.,.,.,.,.,.,.,.,.,.,.,.,.,.,.,.,.,.,.,.,.,.,.,.,.,.,.,.,.,.,.,.,.,.,.,.,.
tests/test_openevolve_pin_regression_islands.py::PinnedUpstream_test_island_tracking_TestIslandTracking::test_island_isolation_in_best_tracking,no,.,.,.,.,.,.,.,.,.,.,.,.,.,.,.,.,.,.,.,.,.,.,.,.,.,.,.,.,.,.,.,.,.,.,.,.,.,.,.,.
tests/test_openevolve_pin_regression_islands.py::PinnedUpstream_test_island_tracking_TestIslandTracking::test_island_status_logging,no,.,.,.,.,.,.,.,.,.,.,.,.,.,.,.,.,.,.,.,.,.,.,.,.,.,.,.,.,.,.,.,.,.,.,.,.,.,.,.,.
tests/test_openevolve_pin_regression_islands.py::PinnedUpstream_test_island_tracking_TestIslandTracking::test_migration_updates_island_best,no,.,.,.,.,.,.,.,.,.,.,.,.,.,.,.,.,.,.,.,.,.,.,.,.,.,.,.,.,.,.,.,.,.,.,.,.,.,.,.,.
tests/test_openevolve_pin_regression_islands.py::PinnedUpstream_test_island_tracking_TestIslandTracking::test_sample_inspirations_from_island,no,.,.,.,.,.,.,.,.,.,.,.,.,.,.,.,.,.,.,.,.,.,.,.,.,.,.,.,.,.,.,.,.,.,.,.,.,.,.,.,.
tests/test_openevolve_pin_regression_islands.py::PinnedUpstream_test_island_tracking_TestIslandTracking::test_worse_program_does_not_update_island_best,no,.,.,.,.,.,.,.,.,.,.,.,.,.,.,.,.,.,.,.,.,.,.,.,.,.,.,.,.,.,.,.,.,.,.,.,.,.,.,.,.
tests/test_openevolve_pin_regression_islands.py::PinnedUpstream_test_migration_no_duplicates_TestMigrationNoDuplicates::test_migrated_program_content_preserved,no,.,.,.,.,.,.,.,.,.,.,.,.,.,.,.,.,.,.,.,.,.,.,.,.,.,.,.,.,.,.,.,.,.,.,.,.,.,.,.,.
tests/test_openevolve_pin_regression_islands.py::PinnedUpstream_test_migration_no_duplicates_TestMigrationNoDuplicates::test_migration_creates_clean_uuid_ids,no,.,.,.,.,.,.,.,.,.,.,.,.,.,.,.,.,.,.,.,.,.,.,.,.,.,.,.,.,.,.,.,.,.,.,.,.,.,.,.,.
tests/test_openevolve_pin_regression_islands.py::PinnedUpstream_test_migration_no_duplicates_TestMigrationNoDuplicates::test_migration_skips_duplicate_code_on_target_island,no,.,.,.,.,.,.,.,.,.,.,.,.,.,.,.,.,.,.,.,.,.,.,.,.,.,.,.,.,.,.,.,.,.,.,.,.,.,.,.,.
tests/test_openevolve_pin_regression_islands.py::PinnedUpstream_test_migration_no_duplicates_TestMigrationNoDuplicates::test_migration_target_islands_are_different,no,.,.,.,.,.,.,.,.,.,.,.,.,.,.,.,.,.,.,.,.,.,.,.,.,.,.,.,.,.,.,.,.,.,.,.,.,.,.,.,.
tests/test_openevolve_pin_regression_islands.py::PinnedUpstream_test_migration_no_duplicates_TestMigrationNoDuplicates::test_migration_uses_map_elites_deduplication,no,.,.,.,.,.,.,.,.,.,.,.,.,.,.,.,.,.,.,.,.,.,.,.,.,.,.,.,.,.,.,.,.,.,.,.,.,.,.,.,.
tests/test_openevolve_pin_regression_islands.py::PinnedUpstream_test_migration_no_duplicates_TestMigrationNoDuplicates::test_migration_with_feature_map_conflicts_resolved_cleanly,no,.,.,.,.,.,.,.,.,.,.,.,.,.,.,.,.,.,.,.,.,.,.,.,.,.,.,.,.,.,.,.,.,.,.,.,.,.,.,.,.
tests/test_openevolve_pin_regression_islands.py::PinnedUpstream_test_migration_no_duplicates_TestMigrationNoDuplicates::test_multiple_migration_rounds_no_exponential_growth,no,.,.,.,.,.,.,.,.,.,.,.,.,.,.,.,.,.,.,.,.,.,.,.,.,.,.,.,.,.,.,.,.,.,.,.,.,.,.,.,.
tests/test_openevolve_pin_regression_islands.py::PinnedUpstream_test_migration_no_duplicates_TestMigrationNoDuplicates::test_no_duplicate_program_ids_across_all_islands,no,.,.,.,.,.,.,.,.,.,.,.,.,.,.,.,.,.,.,.,.,.,.,.,.,.,.,.,.,.,.,.,.,.,.,.,.,.,.,.,.
tests/test_openevolve_pin_regression_islands.py::PinnedUpstream_test_sample_from_island_ratios_TestSampleFromIslandEdgeCases::test_empty_archive_fallback,no,.,.,.,.,.,.,.,.,.,.,.,.,.,.,.,.,.,.,.,.,.,.,.,.,.,.,.,.,.,.,.,.,.,.,.,.,.,.,.,.
tests/test_openevolve_pin_regression_islands.py::PinnedUpstream_test_sample_from_island_ratios_TestSampleFromIslandEdgeCases::test_empty_island_fallback,no,.,.,.,.,.,.,.,.,.,.,.,.,.,.,.,.,.,.,.,.,.,.,.,.,.,.,.,.,.,.,.,.,.,.,.,.,.,.,.,.
tests/test_openevolve_pin_regression_islands.py::PinnedUpstream_test_sample_from_island_ratios_TestSampleFromIslandEdgeCases::test_island_id_wrapping,no,.,.,.,.,.,.,.,.,.,.,.,.,.,.,.,.,.,.,.,.,.,.,.,.,.,.,.,.,.,.,.,.,.,.,.,.,.,.,.,.
tests/test_openevolve_pin_regression_islands.py::PinnedUpstream_test_sample_from_island_ratios_TestSampleFromIslandEdgeCases::test_single_program_island,no,.,.,.,.,.,.,.,.,.,.,.,.,.,.,.,.,.,.,.,.,.,.,.,.,.,.,.,.,.,.,.,.,.,.,.,.,.,.,.,.
tests/test_openevolve_pin_regression_islands.py::PinnedUpstream_test_sample_from_island_ratios_TestSampleFromIslandRatios::test_exploitation_uses_archive,no,.,.,.,.,.,.,.,.,.,.,.,.,.,.,.,.,.,.,.,.,.,.,.,.,.,.,.,.,.,.,.,.,.,.,.,.,.,.,.,.
tests/test_openevolve_pin_regression_islands.py::PinnedUpstream_test_sample_from_island_ratios_TestSampleFromIslandRatios::test_exploration_exploitation_random_ratios,no,.,.,.,.,.,.,.,.,.,.,.,.,.,.,.,.,.,.,.,.,.,.,.,.,.,.,.,.,.,.,.,.,.,.,.,.,.,.,.,.
tests/test_openevolve_pin_regression_islands.py::PinnedUpstream_test_sample_from_island_ratios_TestSampleFromIslandRatios::test_exploration_mode_uniform_distribution,no,.,.,.,.,.,.,.,.,.,.,.,.,.,.,.,.,.,.,.,.,.,.,.,.,.,.,.,.,.,.,.,.,.,.,.,.,.,.,.,.
tests/test_openevolve_pin_regression_islands.py::PinnedUpstream_test_sample_from_island_ratios_TestSampleFromIslandRatios::test_sample_from_island_returns_from_correct_island,no,.,.,.,.,.,.,.,.,.,.,.,.,.,.,.,.,.,.,.,.,.,.,.,.,.,.,.,.,.,.,.,.,.,.,.,.,.,.,.,.
tests/test_openevolve_pin_regression_islands.py::PinnedUpstream_test_sample_from_island_ratios_TestSampleFromIslandRatios::test_sample_from_island_with_different_islands,no,.,.,.,.,.,.,.,.,.,.,.,.,.,.,.,.,.,.,.,.,.,.,.,.,.,.,.,.,.,.,.,.,.,.,.,.,.,.,.,.
tests/test_openevolve_pin_regression_islands.py::PinnedUpstream_test_sample_from_island_ratios_TestSampleFromIslandRatios::test_weighted_mode_favors_high_fitness,no,.,.,.,.,.,.,.,.,.,.,.,.,.,.,.,.,.,.,.,.,.,.,.,.,.,.,.,.,.,.,.,.,.,.,.,.,.,.,.,.
tests/test_openevolve_pin_regression_islands.py::TestPinnedDonorSuiteIsFullyCollected::test_every_pinned_donor_test_is_collected,no,.,.,.,.,.,.,.,.,.,.,.,.,.,.,.,.,.,.,.,.,.,.,.,.,.,.,.,.,.,.,.,.,.,.,.,.,.,.,.,.
tests/test_openevolve_pin_regression_map_elites.py::PinnedUpstreamTestFeatureStatsPersistence::test_backward_compatibility_missing_feature_stats,no,.,.,.,.,.,.,.,.,.,.,.,.,.,.,.,.,.,.,.,.,.,.,.,.,.,.,.,.,.,.,.,.,.,.,.,.,.,.,.,.
tests/test_openevolve_pin_regression_map_elites.py::PinnedUpstreamTestFeatureStatsPersistence::test_empty_feature_stats_handling,no,.,.,.,.,.,.,.,.,.,.,.,.,.,.,.,.,.,.,.,.,.,.,.,.,.,.,.,.,.,.,.,.,.,.,.,.,.,.,.,.
tests/test_openevolve_pin_regression_map_elites.py::PinnedUpstreamTestFeatureStatsPersistence::test_feature_stats_preservation_during_load,no,.,.,.,.,.,.,.,.,.,.,.,.,.,.,.,.,.,.,.,.,.,.,.,.,.,.,.,.,.,.,.,.,.,.,.,.,.,.,.,.
tests/test_openevolve_pin_regression_map_elites.py::PinnedUpstreamTestFeatureStatsPersistence::test_feature_stats_saved_and_loaded,no,.,.,.,.,.,.,.,.,.,.,.,.,.,.,.,.,.,.,.,.,.,.,.,.,.,.,.,.,.,.,.,.,.,.,.,.,.,.,.,.
tests/test_openevolve_pin_regression_map_elites.py::PinnedUpstreamTestFeatureStatsPersistence::test_feature_stats_serialization_edge_cases,no,.,.,.,.,.,.,.,.,.,.,.,.,.,.,.,.,.,.,.,.,.,.,.,.,.,.,.,.,.,.,.,.,.,.,.,.,.,.,.,.
tests/test_openevolve_pin_regression_map_elites.py::PinnedUpstreamTestFeatureStatsPersistence::test_feature_stats_with_numpy_types,no,.,.,.,.,.,.,.,.,.,.,.,.,.,.,.,.,.,.,.,.,.,.,.,.,.,.,.,.,.,.,.,.,.,.,.,.,.,.,.,.
tests/test_openevolve_pin_regression_map_elites.py::PinnedUpstreamTestFeatureStatsPersistence::test_malformed_feature_stats_handling,no,.,.,.,.,.,.,.,.,.,.,.,.,.,.,.,.,.,.,.,.,.,.,.,.,.,.,.,.,.,.,.,.,.,.,.,.,.,.,.,.
tests/test_openevolve_pin_regression_map_elites.py::PinnedUpstreamTestGridStability::test_feature_ranges_preserved_across_checkpoints,no,.,.,.,.,.,.,.,.,.,.,.,.,.,.,.,.,.,.,.,.,.,.,.,.,.,.,.,.,.,.,.,.,.,.,.,.,.,.,.,.
tests/test_openevolve_pin_regression_map_elites.py::PinnedUpstreamTestGridStability::test_feature_stats_accumulation,no,.,.,.,.,.,.,.,.,.,.,.,.,.,.,.,.,.,.,.,.,.,.,.,.,.,.,.,.,.,.,.,.,.,.,.,.,.,.,.,.
tests/test_openevolve_pin_regression_map_elites.py::PinnedUpstreamTestGridStability::test_feature_stats_consistency_across_cycles,no,.,.,.,.,.,.,.,.,.,.,.,.,.,.,.,.,.,.,.,.,.,.,.,.,.,.,.,.,.,.,.,.,.,.,.,.,.,.,.,.
tests/test_openevolve_pin_regression_map_elites.py::PinnedUpstreamTestGridStability::test_grid_expansion_behavior,no,.,.,.,.,.,.,.,.,.,.,.,.,.,.,.,.,.,.,.,.,.,.,.,.,.,.,.,.,.,.,.,.,.,.,.,.,.,.,.,.
tests/test_openevolve_pin_regression_map_elites.py::PinnedUpstreamTestMapElitesFeatures::test_custom_features_override_builtin,no,.,.,.,.,.,.,.,.,.,.,.,.,.,.,.,.,.,.,.,.,.,.,.,.,.,.,.,.,.,.,.,.,.,.,.,.,.,.,.,.
tests/test_openevolve_pin_regression_map_elites.py::PinnedUpstreamTestMapElitesFeatures::test_default_feature_dimensions,no,.,.,.,.,.,.,.,.,.,.,.,.,.,.,.,.,.,.,.,.,.,.,.,.,.,.,.,.,.,.,.,.,.,.,.,.,.,.,.,.
tests/test_openevolve_pin_regression_map_elites.py::PinnedUpstreamTestMapElitesFeatures::test_diversity_cache_lru_eviction,no,.,.,.,.,.,.,.,.,.,.,.,.,.,.,.,.,.,.,.,.,.,.,.,.,.,.,.,.,.,.,.,.,.,.,.,.,.,.,.,.
tests/test_openevolve_pin_regression_map_elites.py::PinnedUpstreamTestMapElitesFeatures::test_diversity_caching,no,.,.,.,.,.,.,.,.,.,.,.,.,.,.,.,.,.,.,.,.,.,.,.,.,.,.,.,.,.,.,.,.,.,.,.,.,.,.,.,.
tests/test_openevolve_pin_regression_map_elites.py::PinnedUpstreamTestMapElitesFeatures::test_diversity_reference_set_update,no,.,.,.,.,.,.,.,.,.,.,.,.,.,.,.,.,.,.,.,.,.,.,.,.,.,.,.,.,.,.,.,.,.,.,.,.,.,.,.,.
tests/test_openevolve_pin_regression_map_elites.py::PinnedUpstreamTestMapElitesFeatures::test_feature_coordinates_with_new_defaults,no,.,.,.,.,.,.,.,.,.,.,.,.,.,.,.,.,.,.,.,.,.,.,.,.,.,.,.,.,.,.,.,.,.,.,.,.,.,.,.,.
tests/test_openevolve_pin_regression_map_elites.py::PinnedUpstreamTestMapElitesFeatures::test_feature_scaling_minmax,no,.,.,.,.,.,.,.,.,.,.,.,.,.,.,.,.,.,.,.,.,.,.,.,.,.,.,.,.,.,.,.,.,.,.,.,.,.,.,.,.
tests/test_openevolve_pin_regression_map_elites.py::PinnedUpstreamTestMapElitesFeatures::test_feature_scaling_with_identical_values,no,.,.,.,.,.,.,.,.,.,.,.,.,.,.,.,.,.,.,.,.,.,.,.,.,.,.,.,.,.,.,.,.,.,.,.,.,.,.,.,.
tests/test_openevolve_pin_regression_map_elites.py::PinnedUpstreamTestMapElitesFeatures::test_feature_stats_update,no,.,.,.,.,.,.,.,.,.,.,.,.,.,.,.,.,.,.,.,.,.,.,.,.,.,.,.,.,.,.,.,.,.,.,.,.,.,.,.,.
tests/test_openevolve_pin_regression_map_elites.py::PinnedUpstreamTestMapElitesFeatures::test_missing_feature_dimension_error,no,.,.,.,.,.,.,.,.,.,.,.,.,.,.,.,.,.,.,.,.,.,.,.,.,.,.,.,.,.,.,.,.,.,.,.,.,.,.,.,.
tests/test_openevolve_pin_regression_map_elites.py::PinnedUpstreamTestMapElitesFeatures::test_per_dimension_bins,no,.,.,.,.,.,.,.,.,.,.,.,.,.,.,.,.,.,.,.,.,.,.,.,.,.,.,.,.,.,.,.,.,.,.,.,.,.,.,.,.
tests/test_openevolve_pin_regression_prompt_sampler.py::PinnedUpstreamTestChangesDescriptionConfigDefaults::test_initial_changes_description_default_empty,no,.,.,.,.,.,.,.,.,.,.,.,.,.,.,.,.,.,.,.,.,.,.,.,.,.,.,.,.,.,.,.,.,.,.,.,.,.,.,.,.
tests/test_openevolve_pin_regression_prompt_sampler.py::PinnedUpstreamTestChangesDescriptionConfigDefaults::test_programs_as_changes_description_default_false,no,.,.,.,.,.,.,.,.,.,.,.,.,.,.,.,.,.,.,.,.,.,.,.,.,.,.,.,.,.,.,.,.,.,.,.,.,.,.,.,.
tests/test_openevolve_pin_regression_prompt_sampler.py::PinnedUpstreamTestChangesDescriptionConfigDefaults::test_system_message_changes_description_default_none,no,.,.,.,.,.,.,.,.,.,.,.,.,.,.,.,.,.,.,.,.,.,.,.,.,.,.,.,.,.,.,.,.,.,.,.,.,.,.,.,.
tests/test_openevolve_pin_regression_prompt_sampler.py::PinnedUpstreamTestChangesDescriptionFromDict::test_all_changes_description_options,no,.,.,.,.,.,.,.,.,.,.,.,.,.,.,.,.,.,.,.,.,.,.,.,.,.,.,.,.,.,.,.,.,.,.,.,.,.,.,.,.
tests/test_openevolve_pin_regression_prompt_sampler.py::PinnedUpstreamTestChangesDescriptionFromDict::test_custom_initial_description,no,.,.,.,.,.,.,.,.,.,.,.,.,.,.,.,.,.,.,.,.,.,.,.,.,.,.,.,.,.,.,.,.,.,.,.,.,.,.,.,.
tests/test_openevolve_pin_regression_prompt_sampler.py::PinnedUpstreamTestChangesDescriptionFromDict::test_custom_system_message,no,.,.,.,.,.,.,.,.,.,.,.,.,.,.,.,.,.,.,.,.,.,.,.,.,.,.,.,.,.,.,.,.,.,.,.,.,.,.,.,.
tests/test_openevolve_pin_regression_prompt_sampler.py::PinnedUpstreamTestChangesDescriptionValidation::test_disabled_without_diff_based_evolution_is_ok,no,.,.,.,.,.,.,.,.,.,.,.,.,.,.,.,.,.,.,.,.,.,.,.,.,.,.,.,.,.,.,.,.,.,.,.,.,.,.,.,.
tests/test_openevolve_pin_regression_prompt_sampler.py::PinnedUpstreamTestChangesDescriptionValidation::test_requires_diff_based_evolution,no,.,.,.,.,.,.,.,.,.,.,.,.,.,.,.,.,.,.,.,.,.,.,.,.,.,.,.,.,.,.,.,.,.,.,.,.,.,.,.,.
tests/test_openevolve_pin_regression_prompt_sampler.py::PinnedUpstreamTestChangesDescriptionValidation::test_works_with_diff_based_evolution_enabled,no,.,.,.,.,.,.,.,.,.,.,.,.,.,.,.,.,.,.,.,.,.,.,.,.,.,.,.,.,.,.,.,.,.,.,.,.,.,.,.,.
tests/test_openevolve_pin_regression_prompt_sampler.py::PinnedUpstreamTestPromptConfigChangesDescription::test_prompt_config_custom_values,no,.,.,.,.,.,.,.,.,.,.,.,.,.,.,.,.,.,.,.,.,.,.,.,.,.,.,.,.,.,.,.,.,.,.,.,.,.,.,.,.
tests/test_openevolve_pin_regression_prompt_sampler.py::PinnedUpstreamTestPromptConfigChangesDescription::test_prompt_config_defaults,no,.,.,.,.,.,.,.,.,.,.,.,.,.,.,.,.,.,.,.,.,.,.,.,.,.,.,.,.,.,.,.,.,.,.,.,.,.,.,.,.
tests/test_openevolve_pin_regression_prompt_sampler.py::PinnedUpstreamTestPromptSampler::test_build_prompt,no,.,.,.,.,.,.,.,.,.,.,.,.,.,.,.,.,.,.,.,.,.,.,.,.,.,.,.,.,.,.,.,.,.,.,.,.,.,.,.,.
tests/test_openevolve_pin_regression_prompt_sampler.py::PinnedUpstreamTestPromptSamplerComprehensive::test_build_prompt_with_all_optional_parameters,no,.,.,.,.,.,.,.,.,.,.,.,.,.,.,.,.,.,.,.,.,.,.,.,.,.,.,.,.,.,.,.,.,.,.,.,.,.,.,.,.
tests/test_openevolve_pin_regression_prompt_sampler.py::PinnedUpstreamTestPromptSamplerComprehensive::test_build_prompt_with_inspirations,no,.,.,.,.,.,.,.,.,.,.,.,.,.,.,.,.,.,.,.,.,.,.,.,.,.,.,.,.,.,.,.,.,.,.,.,.,.,.,.,.
tests/test_openevolve_pin_regression_prompt_sampler.py::PinnedUpstreamTestPromptSamplerComprehensive::test_determine_program_type_with_feature_dimensions,no,.,.,.,.,.,.,.,.,.,.,.,.,.,.,.,.,.,.,.,.,.,.,.,.,.,.,.,.,.,.,.,.,.,.,.,.,.,.,.,.
tests/test_openevolve_pin_regression_prompt_sampler.py::PinnedUpstreamTestPromptSamplerComprehensive::test_empty_inspirations_list,no,.,.,.,.,.,.,.,.,.,.,.,.,.,.,.,.,.,.,.,.,.,.,.,.,.,.,.,.,.,.,.,.,.,.,.,.,.,.,.,.
tests/test_openevolve_pin_regression_prompt_sampler.py::PinnedUpstreamTestPromptSamplerComprehensive::test_extract_unique_features_calls_determine_program_type,no,.,.,.,.,.,.,.,.,.,.,.,.,.,.,.,.,.,.,.,.,.,.,.,.,.,.,.,.,.,.,.,.,.,.,.,.,.,.,.,.
tests/test_openevolve_pin_regression_prompt_sampler.py::PinnedUpstreamTestPromptSamplerComprehensive::test_feature_coordinates_formatting_in_prompt,no,.,.,.,.,.,.,.,.,.,.,.,.,.,.,.,.,.,.,.,.,.,.,.,.,.,.,.,.,.,.,.,.,.,.,.,.,.,.,.,.
tests/test_openevolve_pin_regression_prompt_sampler.py::PinnedUpstreamTestPromptSamplerComprehensive::test_feature_dimensions_none_vs_empty_list,no,.,.,.,.,.,.,.,.,.,.,.,.,.,.,.,.,.,.,.,.,.,.,.,.,.,.,.,.,.,.,.,.,.,.,.,.,.,.,.,.
tests/test_openevolve_pin_regression_prompt_sampler.py::PinnedUpstreamTestPromptSamplerComprehensive::test_fitness_calculation_consistency,no,.,.,.,.,.,.,.,.,.,.,.,.,.,.,.,.,.,.,.,.,.,.,.,.,.,.,.,.,.,.,.,.,.,.,.,.,.,.,.,.
tests/test_openevolve_pin_regression_prompt_sampler.py::PinnedUpstreamTestPromptSamplerComprehensive::test_format_inspirations_section_with_feature_dimensions,no,.,.,.,.,.,.,.,.,.,.,.,.,.,.,.,.,.,.,.,.,.,.,.,.,.,.,.,.,.,.,.,.,.,.,.,.,.,.,.,.
tests/test_openevolve_pin_regression_prompt_sampler.py::PinnedUpstreamTestPromptSamplerComprehensive::test_format_inspirations_section_without_feature_dimensions,no,.,.,.,.,.,.,.,.,.,.,.,.,.,.,.,.,.,.,.,.,.,.,.,.,.,.,.,.,.,.,.,.,.,.,.,.,.,.,.,.
tests/test_openevolve_pin_regression_prompt_sampler.py::PinnedUpstreamTestPromptSamplerComprehensive::test_inspirations_with_missing_metrics,no,.,.,.,.,.,.,.,.,.,.,.,.,.,.,.,.,.,.,.,.,.,.,.,.,.,.,.,.,.,.,.,.,.,.,.,.,.,.,.,.
tests/test_pe_cvt_controller.py::TestPEOnCVTEndToEnd::test_checkpoint_resume_with_pe,no,.,.,.,.,.,.,.,.,.,.,.,.,.,.,.,.,.,.,.,.,.,.,.,.,.,.,.,.,.,.,.,.,.,.,.,.,.,.,.,.
tests/test_pe_cvt_controller.py::TestPEOnCVTEndToEnd::test_host_evaluates_and_inserts_pe_proposals_billed_to_coordination,no,.,.,.,.,.,.,.,.,.,.,.,.,.,.,.,.,.,.,.,.,.,.,.,.,.,.,.,.,.,.,.,.,.,.,.,.,.,.,.,.
tests/test_pe_cvt_controller.py::TestPEOnCVTEndToEnd::test_pe_fires_and_inserts_on_islands_too,no,.,.,.,.,.,.,.,.,.,.,.,.,.,.,.,.,.,.,.,.,.,.,.,.,.,.,.,.,.,.,.,.,.,.,.,.,.,.,.,.
tests/test_pe_interface_contract.py::TestPEInterfaceContract::test_full_program_without_harness_is_corrected,no,.,.,.,.,.,.,.,.,.,.,.,.,.,.,.,.,.,.,.,.,.,.,.,.,.,.,.,.,.,.,.,.,.,.,.,.,.,.,.,.
tests/test_pe_interface_contract.py::TestPEInterfaceContract::test_standalone_priority_response_splices_into_scaffold,no,.,.,.,.,.,.,.,.,.,.,.,.,.,.,.,.,.,.,.,.,.,.,.,.,.,.,.,.,.,.,.,.,.,.,.,.,.,.,.,.
tests/test_pe_model_tiering.py::TestPEModelTiering::test_both_tiers_set_independently,no,.,.,.,.,.,.,.,.,.,.,.,.,.,.,.,.,.,.,.,.,.,.,.,.,.,.,.,.,.,.,.,.,.,.,.,.,.,.,.,.
tests/test_pe_model_tiering.py::TestPEModelTiering::test_missing_paradigm_llm_prevents_trigger,no,.,.,.,.,.,.,.,.,.,.,.,.,.,.,.,.,.,.,.,.,.,.,.,.,.,.,.,.,.,.,.,.,.,.,.,.,.,.,.,.
tests/test_pe_model_tiering.py::TestPEModelTiering::test_set_paradigm_llm_routes_paradigm_calls_only,no,.,.,.,.,.,.,.,.,.,.,.,.,.,.,.,.,.,.,.,.,.,.,.,.,.,.,.,.,.,.,.,.,.,.,.,.,.,.,.,.
tests/test_pe_model_tiering.py::TestPEModelTiering::test_set_variant_llm_routes_variant_calls_only,no,.,.,.,.,.,.,.,.,.,.,.,.,.,.,.,.,.,.,.,.,.,.,.,.,.,.,.,.,.,.,.,.,.,.,.,.,.,.,.,.
tests/test_pe_model_tiering.py::TestPEModelTiering::test_unconfigured_pe_uses_the_same_handle_for_both_tiers,no,.,.,.,.,.,.,.,.,.,.,.,.,.,.,.,.,.,.,.,.,.,.,.,.,.,.,.,.,.,.,.,.,.,.,.,.,.,.,.,.
tests/test_pe_model_tiering.py::TestPEModelTieringControllerEndToEnd::test_alternate_tier_honors_coordination_total_deadline,no,.,.,.,.,.,.,.,.,.,.,.,.,.,.,.,.,.,.,.,.,.,.,.,.,.,.,.,.,.,.,.,.,.,.,.,.,.,.,.,.
tests/test_pe_model_tiering.py::TestPEModelTieringControllerEndToEnd::test_config_driven_tiering_routes_calls_and_charges_ledger_by_model,no,.,.,.,.,.,.,.,.,.,.,.,.,.,.,.,.,.,.,.,.,.,.,.,.,.,.,.,.,.,.,.,.,.,.,.,.,.,.,.,.
tests/test_pe_model_tiering.py::TestPEModelTieringControllerEndToEnd::test_unconfigured_pe_never_builds_a_second_client,no,.,.,.,.,.,.,.,.,.,.,.,.,.,.,.,.,.,.,.,.,.,.,.,.,.,.,.,.,.,.,.,.,.,.,.,.,.,.,.,.
tests/test_pe_module.py::TestPunctuatedEquilibrium::test_advise_is_a_no_op_preserving_mutation_prompt,no,.,.,.,.,.,.,.,.,.,.,.,.,.,.,.,.,.,.,.,.,.,.,.,.,.,.,.,.,.,.,.,.,.,.,.,.,.,.,.,.
tests/test_pe_module.py::TestPunctuatedEquilibrium::test_clustering_is_deterministic_under_seed,no,.,.,.,.,.,.,.,.,.,.,.,.,.,.,.,.,.,.,.,.,.,.,.,.,.,.,.,.,.,.,.,.,.,.,.,.,.,.,.,.
tests/test_pe_module.py::TestPunctuatedEquilibrium::test_does_not_fire_at_iteration_zero,no,.,.,.,.,.,.,.,.,.,.,.,.,.,.,.,.,.,.,.,.,.,.,.,.,.,.,.,.,.,.,.,.,.,.,.,.,.,.,.,.
tests/test_pe_module.py::TestPunctuatedEquilibrium::test_does_not_fire_off_interval,no,.,.,.,.,.,.,.,.,.,.,.,.,.,.,.,.,.,.,.,.,.,.,.,.,.,.,.,.,.,.,.,.,.,.,.,.,.,.,.,.
tests/test_pe_module.py::TestPunctuatedEquilibrium::test_does_not_fire_with_too_few_elites,no,.,.,.,.,.,.,.,.,.,.,.,.,.,.,.,.,.,.,.,.,.,.,.,.,.,.,.,.,.,.,.,.,.,.,.,.,.,.,.,.
tests/test_pe_module.py::TestPunctuatedEquilibrium::test_does_not_fire_without_llm,no,.,.,.,.,.,.,.,.,.,.,.,.,.,.,.,.,.,.,.,.,.,.,.,.,.,.,.,.,.,.,.,.,.,.,.,.,.,.,.,.
tests/test_pe_module.py::TestPunctuatedEquilibrium::test_fires_on_interval_with_paradigm_and_variants,no,.,.,.,.,.,.,.,.,.,.,.,.,.,.,.,.,.,.,.,.,.,.,.,.,.,.,.,.,.,.,.,.,.,.,.,.,.,.,.,.
tests/test_pe_module.py::TestPunctuatedEquilibrium::test_intervention_carries_proposals_not_side_effects,no,.,.,.,.,.,.,.,.,.,.,.,.,.,.,.,.,.,.,.,.,.,.,.,.,.,.,.,.,.,.,.,.,.,.,.,.,.,.,.,.
tests/test_pe_module.py::TestPunctuatedEquilibrium::test_module_never_touches_store_or_evaluator_directly,no,.,.,.,.,.,.,.,.,.,.,.,.,.,.,.,.,.,.,.,.,.,.,.,.,.,.,.,.,.,.,.,.,.,.,.,.,.,.,.,.
tests/test_pe_module.py::TestPunctuatedEquilibrium::test_paradigm_and_variant_calls_are_tagged,no,.,.,.,.,.,.,.,.,.,.,.,.,.,.,.,.,.,.,.,.,.,.,.,.,.,.,.,.,.,.,.,.,.,.,.,.,.,.,.,.
tests/test_pe_module.py::TestPunctuatedEquilibrium::test_registered,no,.,.,.,.,.,.,.,.,.,.,.,.,.,.,.,.,.,.,.,.,.,.,.,.,.,.,.,.,.,.,.,.,.,.,.,.,.,.,.,.
tests/test_pe_module.py::TestPunctuatedEquilibrium::test_state_dict_round_trips,no,.,.,.,.,.,.,.,.,.,.,.,.,.,.,.,.,.,.,.,.,.,.,.,.,.,.,.,.,.,.,.,.,.,.,.,.,.,.,.,.
tests/test_reevo_controller.py::TestReEvoController::test_attribution_reaches_child_metadata,no,.,.,.,.,.,.,.,.,.,.,.,.,.,.,.,.,.,.,.,.,.,.,.,.,.,.,.,.,.,.,.,.,.,.,.,.,.,.,.,.
tests/test_reevo_controller.py::TestReEvoController::test_checkpoint_resume_stateless,no,.,.,.,.,.,.,.,.,.,.,.,.,.,.,.,.,.,.,.,.,.,.,.,.,.,.,.,.,.,.,.,.,.,.,.,.,.,.,.,.
tests/test_reevo_controller.py::TestReEvoController::test_paired_config_differs_only_in_module,no,.,.,.,.,.,.,.,.,.,.,.,.,.,.,.,.,.,.,.,.,.,.,.,.,.,.,.,.,.,.,.,.,.,.,.,.,.,.,.,.
tests/test_reevo_controller.py::TestReEvoController::test_reflection_suffix_on_null_prefix,no,.,.,.,.,.,.,.,.,.,.,.,.,.,.,.,.,.,.,.,.,.,.,.,.,.,.,.,.,.,.,.,.,.,.,.,.,.,K,.,.
tests/test_reevo_controller.py::TestReEvoController::test_reflection_tag_and_prompt_identity,no,.,.,.,.,.,.,.,.,.,.,.,.,.,.,.,.,.,.,.,.,.,.,.,.,.,.,.,.,.,.,.,.,.,.,.,.,.,.,.,.
tests/test_reevo_controller.py::TestReEvoController::test_skips_when_no_fitter_exemplar,no,.,.,.,.,.,.,.,.,.,.,.,.,.,.,.,.,.,.,.,.,.,.,.,.,.,.,.,.,.,.,.,.,.,.,.,.,.,.,.,.
tests/test_reevo_fidelity_spec.py::TestReEvoGoldenSourceFidelity::test_constants_byte_pinned,no,.,.,.,.,.,.,.,.,.,.,.,.,.,.,.,.,.,.,.,.,.,.,.,.,.,.,.,.,.,.,.,.,.,.,.,.,.,.,.,.
tests/test_reevo_fidelity_spec.py::TestReEvoGoldenSourceFidelity::test_donor_filter_deviates_on_keyword_prefixed_identifiers,no,.,.,.,.,.,.,.,.,.,.,.,.,.,.,.,.,.,.,.,.,.,.,.,.,.,.,.,.,.,.,.,.,.,.,.,.,.,.,.,.
tests/test_reevo_fidelity_spec.py::TestReEvoGoldenSourceFidelity::test_donor_filter_matches_upstream_filter_code,no,.,.,.,.,.,.,.,.,.,.,.,.,.,.,.,.,.,.,.,.,.,.,.,.,.,.,.,.,.,.,.,.,.,.,.,.,.,.,.,.
tests/test_reevo_fidelity_spec.py::TestReEvoGoldenSourceFidelity::test_fixture_files_match_package_golden,no,.,.,.,.,.,.,.,.,.,.,.,.,.,.,.,.,.,.,.,.,.,.,.,.,.,.,.,.,.,.,.,.,.,.,.,.,.,.,.,.
tests/test_reevo_fidelity_spec.py::TestReEvoGoldenSourceFidelity::test_func_desc_line_preserved_when_nonempty,no,.,.,.,.,.,.,.,.,.,.,.,.,.,.,.,.,.,.,.,.,.,.,.,.,.,.,.,.,.,.,.,.,.,.,.,.,.,.,.,.
tests/test_reevo_fidelity_spec.py::TestReEvoGoldenSourceFidelity::test_rendered_prompt_byte_pinned,no,.,.,.,.,.,.,.,.,.,.,.,.,.,.,.,.,.,.,.,.,.,.,.,.,.,.,.,.,.,.,.,.,.,.,.,.,.,.,.,.
tests/test_reevo_module.py::TestReEvoShortTermModule::test_advice_calls_reflector_once_and_injects_exact_label,no,.,.,.,.,.,.,.,.,.,.,.,.,.,.,.,.,.,.,.,.,.,.,.,.,.,.,.,.,.,.,.,.,.,.,.,.,.,.,.,.
tests/test_reevo_module.py::TestReEvoShortTermModule::test_donor_filter_keeps_names_that_merely_start_with_a_keyword,no,.,.,.,.,.,.,.,.,.,.,.,.,.,.,.,.,.,.,.,.,.,.,.,.,.,.,.,.,.,.,.,.,.,.,.,.,.,.,.,.
tests/test_reevo_module.py::TestReEvoShortTermModule::test_donor_filter_preserves_column_zero_semantics,no,.,.,.,.,.,.,.,.,.,.,.,.,.,.,.,.,.,.,.,.,.,.,.,.,.,.,.,.,.,.,.,.,.,.,.,.,.,.,.,.
tests/test_reevo_module.py::TestReEvoShortTermModule::test_donor_filter_stops_on_column_zero_return_without_space,no,.,.,.,.,.,.,.,.,.,.,.,.,.,.,.,.,.,.,.,.,.,.,.,.,.,.,.,.,.,.,.,.,.,.,.,.,.,.,.,.
tests/test_reevo_module.py::TestReEvoShortTermModule::test_empty_filtered_snippet_skips_without_calling_llm,no,.,.,.,.,.,.,.,.,.,.,.,.,.,.,.,.,.,.,.,.,.,.,.,.,.,.,.,.,.,.,.,.,.,.,.,.,.,.,.,.
tests/test_reevo_module.py::TestReEvoShortTermModule::test_empty_response_is_not_injected,no,.,.,.,.,.,.,.,.,.,.,.,.,.,.,.,.,.,.,.,.,.,.,.,.,.,.,.,.,.,.,.,.,.,.,.,.,.,.,.,.
tests/test_reevo_module.py::TestReEvoShortTermModule::test_no_fitter_comparator_skips_without_calling_llm,no,.,.,.,.,.,.,.,.,.,.,.,.,.,.,.,.,.,.,.,.,.,.,.,.,.,.,.,.,.,.,.,.,.,.,.,.,.,.,.,.
tests/test_reevo_module.py::TestReEvoShortTermModule::test_no_parent_skips_without_calling_llm,no,.,.,.,.,.,.,.,.,.,.,.,.,.,.,.,.,.,.,.,.,.,.,.,.,.,.,.,.,.,.,.,.,.,.,.,.,.,.,.,.
tests/test_reevo_module.py::TestReEvoShortTermModule::test_prompt_renders_worse_then_better,no,.,.,.,.,.,.,.,.,.,.,.,.,.,.,.,.,.,.,.,.,.,.,.,.,.,.,.,.,.,.,.,.,.,.,.,.,.,.,.,.
tests/test_reevo_module.py::TestReEvoShortTermModule::test_reflection_code_uses_existing_evolve_block_extractor,no,.,.,.,.,.,.,.,.,.,.,.,.,.,.,.,.,.,.,.,.,.,.,.,.,.,.,.,.,.,.,.,.,.,.,.,.,.,.,.,.
tests/test_reevo_module.py::TestReEvoShortTermModule::test_registered,no,.,.,.,.,.,.,.,.,.,.,.,.,.,.,.,.,.,.,.,.,.,.,.,.,.,.,.,.,.,.,.,.,.,.,.,.,.,.,.,.
tests/test_reevo_module.py::TestReEvoShortTermModule::test_selects_highest_strictly_fitter_distinct_program_with_id_tiebreak,no,.,.,.,.,.,.,.,.,.,.,.,.,.,.,.,.,.,.,.,.,.,.,.,.,.,.,.,.,.,.,.,.,.,.,.,.,.,.,.,.
tests/test_reevo_module.py::TestReEvoShortTermModule::test_state_is_memoryless,no,.,.,.,.,.,.,.,.,.,.,.,.,.,.,.,.,.,.,.,.,.,.,.,.,.,.,.,.,.,.,.,.,.,.,.,.,.,.,.,.
tests/test_run_noema_arm_cli.py::TestRunNoemaArmSubstrateSelectionFlags::test_api_key_defaults_to_none,no,.,.,.,.,.,.,.,.,.,.,.,.,.,.,.,.,.,.,.,.,.,.,.,.,.,.,.,.,.,.,.,.,.,.,.,.,.,.,.,.
tests/test_run_noema_arm_cli.py::TestRunNoemaArmSubstrateSelectionFlags::test_api_key_flag_is_wired,no,.,.,.,.,.,.,.,.,.,.,.,.,.,.,.,.,.,.,.,.,.,.,.,.,.,.,.,.,.,.,.,.,.,.,.,.,.,.,.,.
tests/test_run_noema_arm_cli.py::TestRunNoemaArmSubstrateSelectionFlags::test_default_substrate_is_islands,no,.,.,.,.,.,.,.,.,.,.,.,.,.,.,.,.,.,.,.,.,.,.,.,.,.,.,.,.,.,.,.,.,.,.,.,.,.,.,.,.
tests/test_run_noema_arm_cli.py::TestRunNoemaArmSubstrateSelectionFlags::test_evolution_stays_diff_based,no,.,.,.,.,.,.,.,.,.,.,.,.,.,.,.,.,.,.,.,.,.,.,.,.,.,.,.,.,.,.,.,.,.,.,.,.,.,.,.,.
tests/test_run_noema_arm_cli.py::TestRunNoemaArmSubstrateSelectionFlags::test_selection_flag_overrides_substrate_default,no,.,.,.,.,.,.,.,.,.,.,.,.,.,.,.,.,.,.,.,.,.,.,.,.,.,.,.,.,.,.,.,.,.,.,.,.,.,.,.,.
tests/test_run_noema_arm_cli.py::TestRunNoemaArmSubstrateSelectionFlags::test_substrate_flag_selects_tree,no,.,.,.,.,.,.,.,.,.,.,.,.,.,.,.,.,.,.,.,.,.,.,.,.,.,.,.,.,.,.,.,.,.,.,.,.,.,.,.,.
